Session Start Date,Event,Session Name,Session Start,Session End,Tag Description,Tag Notes,Tag Start,Tag End,Tag Duration (secs),Zonas,Categoria,Jugador2,Jugador,Zonas_final,Dificultad,Optional Column
2022/07/14,central cordoba ,pases ,11:05:27,13:15:32,Pase,,00:09:51,00:09:51,0.000,24,corto,5,3,15,,
2022/07/14,central cordoba ,pases ,11:05:27,13:15:32,Remate pie,,00:09:56,00:09:56,0.000,15,Media distancia,Rival,5,22,,
2022/07/14,central cordoba ,pases ,11:05:27,13:15:32,Perdida,,00:09:56,00:09:56,0.000,15,Balon afuera fondo,,5,Volver,,
2022/07/14,central cordoba ,pases ,11:05:27,13:15:32,Remate pie,,00:10:26,00:10:26,0.000,23,Corta distancia,Rival,4,22,,
2022/07/14,central cordoba ,pases ,11:05:27,13:15:32,Perdida,,00:10:26,00:10:26,0.000,23,Atajada,,4,Volver,,
2022/07/14,central cordoba ,pases ,11:05:27,13:15:32,Remate pie,,00:11:05,00:11:05,0.000,18,Corta distancia,Rival,4,22,,
2022/07/14,central cordoba ,pases ,11:05:27,13:15:32,Perdida,,00:11:07,00:11:07,0.000,18,Atajada,,4,Volver,,
2022/07/14,central cordoba ,pases ,11:05:27,13:15:32,Pase,,00:11:44,00:11:44,0.000,13,corto,5,10,13,,
2022/07/14,central cordoba ,pases ,11:05:27,13:15:32,Remate pie,,00:11:49,00:11:49,0.000,16,Corta distancia,Rival,5,22,,
2022/07/14,central cordoba ,pases ,11:05:27,13:15:32,Perdida,,00:11:50,00:11:50,0.000,16,Balon afuera fondo,,5,Volver,,
2022/07/14,central cordoba ,pases ,11:05:27,13:15:32,Pase,,00:13:15,00:13:15,0.000,9,corto,4,2,12,,
2022/07/14,central cordoba ,pases ,11:05:27,13:15:32,Pase,,00:13:18,00:13:18,0.000,9,corto,5,4,9,,
2022/07/14,central cordoba ,pases ,11:05:27,13:15:32,Pase,,00:13:19,00:13:19,0.000,9,corto,2,5,9,,
2022/07/14,central cordoba ,pases ,11:05:27,13:15:32,Pase,,00:13:22,00:13:22,0.000,9,corto,5,2,8,,
2022/07/14,central cordoba ,pases ,11:05:27,13:15:32,Pase,,00:13:24,00:13:24,0.000,8,corto,2,5,9,,
2022/07/14,central cordoba ,pases ,11:05:27,13:15:32,Pase,,00:13:28,00:13:28,0.000,9,largo,9,2,15,,
2022/07/14,central cordoba ,pases ,11:05:27,13:15:32,Falta,,00:13:29,00:13:29,0.000,18,Recibida,,9,Volver,,
2022/07/14,central cordoba ,pases ,11:05:27,13:15:32,Pase,,00:14:55,00:14:55,0.000,13,corto,11,10,13,,
2022/07/14,central cordoba ,pases ,11:05:27,13:15:32,Pase,,00:14:55,00:14:55,0.000,13,corto,10,11,13,,
2022/07/14,central cordoba ,pases ,11:05:27,13:15:32,Pase,,00:14:58,00:14:58,0.000,14,medio,11,10,21,,
2022/07/14,central cordoba ,pases ,11:05:27,13:15:32,Perdida,,00:15:01,00:15:01,0.000,14,Robo,,10,Volver,,
2022/07/14,central cordoba ,pases ,11:05:27,13:15:32,Pase,,00:15:32,00:15:32,0.000,12,corto,2,4,12,,
2022/07/14,central cordoba ,pases ,11:05:27,13:15:32,Pase,,00:15:36,00:15:36,0.000,9,corto,1,2,4,,
2022/07/14,central cordoba ,pases ,11:05:27,13:15:32,Pase,,00:15:38,00:15:38,0.000,4,corto,6,1,1,,
2022/07/14,central cordoba ,pases ,11:05:27,13:15:32,Falta,,00:16:44,00:16:44,0.000,15,Hecha,,3,Volver,,
2022/07/14,central cordoba ,pases ,11:05:27,13:15:32,Falta,,00:18:01,00:18:01,0.000,13,Hecha,,10,Volver,,
2022/07/14,central cordoba ,pases ,11:05:27,13:15:32,Pase,,00:19:42,00:19:42,0.000,3,S arquero pie,11,1,14,,
2022/07/14,central cordoba ,pases ,11:05:27,13:15:32,Pase,,00:19:44,00:19:44,0.000,14,corto,7,11,15,,
2022/07/14,central cordoba ,pases ,11:05:27,13:15:32,Pase,,00:19:46,00:19:46,0.000,15,corto,4,7,15,,
2022/07/14,central cordoba ,pases ,11:05:27,13:15:32,Pase,,00:19:57,00:19:57,0.000,15,medio,9,4,24,,
2022/07/14,central cordoba ,pases ,11:05:27,13:15:32,Perdida,,00:19:57,00:19:57,0.000,15,Interceptado,,4,Volver,,
2022/07/14,central cordoba ,pases ,11:05:27,13:15:32,Pase,,00:21:25,00:21:25,0.000,15,medio,9,4,21,,
2022/07/14,central cordoba ,pases ,11:05:27,13:15:32,Remate cabeza,,00:21:27,00:21:27,0.000,21,Dificil,Rival,9,22,,
2022/07/14,central cordoba ,pases ,11:05:27,13:15:32,Perdida,,00:21:28,00:21:28,0.000,21,Atajada,,9,Volver,,
2022/07/14,central cordoba ,pases ,11:05:27,13:15:32,Gol rival,,00:21:49,00:21:49,0.000,4,Indirecta,1,,3,,
2022/07/14,central cordoba ,pases ,11:05:27,13:15:32,Pase,,00:22:31,00:22:31,0.000,11,corto,4,8,12,,
2022/07/14,central cordoba ,pases ,11:05:27,13:15:32,Pase,,00:22:34,00:22:34,0.000,12,corto,6,4,9,,
2022/07/14,central cordoba ,pases ,11:05:27,13:15:32,Pase,,00:22:37,00:22:37,0.000,9,corto,5,6,11,,
2022/07/14,central cordoba ,pases ,11:05:27,13:15:32,Pase,,00:22:42,00:22:42,0.000,12,corto,4,5,12,,
2022/07/14,central cordoba ,pases ,11:05:27,13:15:32,Pase,,00:22:47,00:22:47,0.000,15,largo,Rival,4,22,,
2022/07/14,central cordoba ,pases ,11:05:27,13:15:32,Perdida,,00:22:48,00:22:48,0.000,15,Atajada,,4,Volver,,
2022/07/14,central cordoba ,pases ,11:05:27,13:15:32,Falta,,00:23:49,00:23:49,0.000,1,Hecha,,3,Volver,,
2022/07/14,central cordoba ,pases ,11:05:27,13:15:32,Falta,,00:25:08,00:25:08,0.000,11,Recibida,,8,Volver,,
2022/07/14,central cordoba ,pases ,11:05:27,13:15:32,Pase,,00:25:25,00:25:25,0.000,12,corto,7,4,15,,
2022/07/14,central cordoba ,pases ,11:05:27,13:15:32,Pase,,00:25:28,00:25:28,0.000,15,corto,4,7,12,,
2022/07/14,central cordoba ,pases ,11:05:27,13:15:32,Pase,,00:25:30,00:25:30,0.000,15,corto,9,4,18,,
2022/07/14,central cordoba ,pases ,11:05:27,13:15:32,Perdida,,00:25:31,00:25:31,0.000,18,Interceptado,,9,Volver,,
2022/07/14,central cordoba ,pases ,11:05:27,13:15:32,Remate pie,,00:27:17,00:27:17,0.000,15,Media distancia,Rival,5,22,,
2022/07/14,central cordoba ,pases ,11:05:27,13:15:32,Perdida,,00:27:18,00:27:18,0.000,15,Atajada,,5,Volver,,
2022/07/14,central cordoba ,pases ,11:05:27,13:15:32,Pase,,00:27:54,00:27:54,0.000,3,S arquero pie,9,1,22,,
2022/07/14,central cordoba ,pases ,11:05:27,13:15:32,Perdida,,00:27:57,00:27:57,0.000,3,Atajada,,1,Volver,,
2022/07/14,central cordoba ,pases ,11:05:27,13:15:32,Falta,,00:28:15,00:28:15,0.000,13,Hecha,,6,Volver,,
2022/07/14,central cordoba ,pases ,11:05:27,13:15:32,Pase,,00:30:57,00:30:57,0.000,12,corto,4,6,12,,
2022/07/14,central cordoba ,pases ,11:05:27,13:15:32,Pase,,00:30:56,00:30:56,0.000,14,corto,2,9,12,,
2022/07/14,central cordoba ,pases ,11:05:27,13:15:32,Pase,,00:30:56,00:30:56,0.000,12,corto,4,2,12,,
2022/07/14,central cordoba ,pases ,11:05:27,13:15:32,Pase,,00:31:02,00:31:02,0.000,15,corto,5,4,14,,
2022/07/14,central cordoba ,pases ,11:05:27,13:15:32,Pase,,00:31:03,00:31:03,0.000,14,corto,11,5,18,,
2022/07/14,central cordoba ,pases ,11:05:27,13:15:32,Pase,,00:31:06,00:31:06,0.000,18,corto,4,11,18,,
2022/07/14,central cordoba ,pases ,11:05:27,13:15:32,Perdida,,00:31:08,00:31:08,0.000,18,Balon afuera lateral,,11,Volver,,
2022/07/14,central cordoba ,pases ,11:05:27,13:15:32,Pase,,00:34:01,00:34:01,0.000,18,corto,11,5,18,,
2022/07/14,central cordoba ,pases ,11:05:27,13:15:32,Remate pie,,00:34:03,00:34:03,0.000,24,Corta distancia,Rival,11,22,,
2022/07/14,central cordoba ,pases ,11:05:27,13:15:32,Perdida,,00:34:04,00:34:04,0.000,24,Balon afuera fondo,,11,Volver,,
2022/07/14,central cordoba ,pases ,11:05:27,13:15:32,Arquero,,00:35:55,00:35:55,0.000,5,Remate atajable,,1,Volver,,
2022/07/14,central cordoba ,pases ,11:05:27,13:15:32,Pase,,00:36:04,00:36:04,0.000,4,S arquero pie,9,1,18,,
2022/07/14,central cordoba ,pases ,11:05:27,13:15:32,Perdida,,00:36:04,00:36:04,0.000,4,Balon afuera lateral,,1,Volver,,
2022/07/14,central cordoba ,pases ,11:05:27,13:15:32,Pase,,00:37:14,00:37:14,0.000,10,corto,4,11,12,,
2022/07/14,central cordoba ,pases ,11:05:27,13:15:32,Pase,,00:37:20,00:37:20,0.000,15,medio,9,4,21,,
2022/07/14,central cordoba ,pases ,11:05:27,13:15:32,Pase,,00:37:48,00:37:48,0.000,13,corto,3,5,16,,
2022/07/14,central cordoba ,pases ,11:05:27,13:15:32,Pase,,00:37:53,00:37:53,0.000,16,corto,9,3,21,,
2022/07/14,central cordoba ,pases ,11:05:27,13:15:32,Pase,,00:40:51,00:40:51,0.000,12,corto,6,4,8,,
2022/07/14,central cordoba ,pases ,11:05:27,13:15:32,Pase,,00:40:52,00:40:52,0.000,8,corto,1,6,3,,
2022/07/14,central cordoba ,pases ,11:05:27,13:15:32,Pase,,00:40:56,00:40:56,0.000,3,corto,3,1,7,,
2022/07/14,central cordoba ,pases ,11:05:27,13:15:32,Pase,,00:40:58,00:40:58,0.000,10,corto,10,3,13,,
2022/07/14,central cordoba ,pases ,11:05:27,13:15:32,Pase,,00:40:59,00:40:59,0.000,10,corto,8,10,10,,
2022/07/14,central cordoba ,pases ,11:05:27,13:15:32,Pase,,00:41:02,00:41:02,0.000,10,medio,9,8,16,,
2022/07/14,central cordoba ,pases ,11:05:27,13:15:32,Perdida,,00:41:03,00:41:03,0.000,10,Balon afuera lateral,,8,Volver,,
2022/07/14,central cordoba ,pases ,11:05:27,13:15:32,Falta,,00:42:21,00:42:21,0.000,18,Recibida,,10,Volver,,
2022/07/14,central cordoba ,pases ,11:05:27,13:15:32,Arquero,,00:45:11,00:45:11,0.000,6,Remate atajable,,1,Volver,,
2022/07/14,central cordoba ,pases ,11:05:27,13:15:32,Pase,,00:45:24,00:45:24,0.000,3,S arquero mano,3,1,1,,
2022/07/14,central cordoba ,pases ,11:05:27,13:15:32,Pase,,00:45:30,00:45:30,0.000,7,largo,9,3,16,,
2022/07/14,central cordoba ,pases ,11:05:27,13:15:32,Falta,,00:45:33,00:45:33,0.000,16,Recibida,,9,Volver,,
2022/07/14,central cordoba ,pases ,11:05:27,13:15:32,Pase,,00:49:14,00:49:14,0.000,9,corto,4,2,9,,
2022/07/14,central cordoba ,pases ,11:05:27,13:15:32,Pase,,00:49:18,00:49:18,0.000,12,corto,7,4,15,,
2022/07/14,central cordoba ,pases ,11:05:27,13:15:32,Perdida,,00:49:21,00:49:21,0.000,12,Interceptado,,4,Volver,,
2022/07/14,central cordoba ,pases ,11:05:27,13:15:32,Falta,,00:50:22,00:50:22,0.000,16,Recibida,,9,Volver,,
2022/07/14,central cordoba ,pases ,11:05:27,13:15:32,Pase,,00:53:47,00:53:47,0.000,4,S arquero pie,11,1,16,,
2022/07/14,central cordoba ,pases ,11:05:27,13:15:32,Pase,,00:53:50,00:53:50,0.000,16,corto,10,11,19,,
2022/07/14,central cordoba ,pases ,11:05:27,13:15:32,Perdida,,00:53:51,00:53:51,0.000,16,Balon afuera fondo,,11,Volver,,
2022/07/14,central cordoba ,pases ,11:05:27,13:15:32,Falta,,00:54:16,00:54:16,0.000,10,Hecha,,6,Volver,,
2022/07/14,central cordoba ,pases ,11:05:27,13:15:32,Pase,,00:55:19,00:55:19,0.000,10,corto,10,7,10,,
2022/07/14,central cordoba ,pases ,11:05:27,13:15:32,Pase,,00:55:23,00:55:23,0.000,10,corto,9,10,16,,
2022/07/14,central cordoba ,pases ,11:05:27,13:15:32,Falta,,00:56:07,00:56:07,0.000,13,Hecha,,6,Volver,,
2022/07/14,central cordoba ,pases ,11:05:27,13:15:32,Sustitucion,,01:13:09,01:13:09,0.000,,,,,,,
2022/07/14,central cordoba ,pases ,11:05:27,13:15:32,Pase,,01:13:11,01:13:11,0.000,11,corto,5,9,8,,
2022/07/14,central cordoba ,pases ,11:05:27,13:15:32,Pase,,01:13:13,01:13:13,0.000,8,corto,14,5,9,,
2022/07/14,central cordoba ,pases ,11:05:27,13:15:32,Pase,,01:13:17,01:13:17,0.000,9,largo,9,14,17,,
2022/07/14,central cordoba ,pases ,11:05:27,13:15:32,Pase,,01:13:22,01:13:22,0.000,18,corto,8,7,15,,
2022/07/14,central cordoba ,pases ,11:05:27,13:15:32,Pase,,01:13:25,01:13:25,0.000,15,medio,11,8,18,,
2022/07/14,central cordoba ,pases ,11:05:27,13:15:32,Perdida,,01:13:25,01:13:25,0.000,15,Interceptado,,8,Volver,,
2022/07/14,central cordoba ,pases ,11:05:27,13:15:32,Pase,,01:15:00,01:15:00,0.000,3,S arquero pie,Rival,1,11,,
2022/07/14,central cordoba ,pases ,11:05:27,13:15:32,Perdida,,01:15:00,01:15:00,0.000,3,Interceptado,,1,Volver,,
2022/07/14,central cordoba ,pases ,11:05:27,13:15:32,Pase,,01:16:08,01:16:08,0.000,3,S arquero pie,4,1,5,,
2022/07/14,central cordoba ,pases ,11:05:27,13:15:32,Pase,,01:16:14,01:16:14,0.000,5,largo,Rival,4,13,,
2022/07/14,central cordoba ,pases ,11:05:27,13:15:32,Perdida,,01:16:15,01:16:15,0.000,5,Interceptado,,4,Volver,,
2022/07/14,central cordoba ,pases ,11:05:27,13:15:32,Pase,,01:16:36,01:16:36,0.000,7,corto,10,2,7,,
2022/07/14,central cordoba ,pases ,11:05:27,13:15:32,Pase,,01:16:39,01:16:39,0.000,10,medio,11,10,13,,
2022/07/14,central cordoba ,pases ,11:05:27,13:15:32,Pase,,01:16:45,01:16:45,0.000,16,corto,8,11,17,,
2022/07/14,central cordoba ,pases ,11:05:27,13:15:32,Pase,,01:16:48,01:16:48,0.000,17,corto,14,8,17,,
2022/07/14,central cordoba ,pases ,11:05:27,13:15:32,Pase,,01:16:50,01:16:50,0.000,17,corto,7,14,16,,
2022/07/14,central cordoba ,pases ,11:05:27,13:15:32,Pase,,01:16:58,01:16:58,0.000,16,medio,8,7,18,,
2022/07/14,central cordoba ,pases ,11:05:27,13:15:32,Pase,,01:17:01,01:17:01,0.000,18,corto,7,8,17,,
2022/07/14,central cordoba ,pases ,11:05:27,13:15:32,Falta,,01:17:14,01:17:14,0.000,18,Recibida,,7,Volver,,
2022/07/14,central cordoba ,pases ,11:05:27,13:15:32,Pase,,01:18:06,01:18:06,0.000,19,centro aereo,4,3,21,,
2022/07/14,central cordoba ,pases ,11:05:27,13:15:32,Perdida,,01:18:06,01:18:06,0.000,19,Interceptado,,3,Volver,,
2022/07/14,central cordoba ,pases ,11:05:27,13:15:32,Pase,,01:18:34,01:18:34,0.000,4,S arquero mano,3,1,7,,
2022/07/14,central cordoba ,pases ,11:05:27,13:15:32,Pase,,01:18:37,01:18:37,0.000,7,corto,2,3,1,,
2022/07/14,central cordoba ,pases ,11:05:27,13:15:32,Pase,,01:18:40,01:18:40,0.000,1,medio,Rival,2,10,,
2022/07/14,central cordoba ,pases ,11:05:27,13:15:32,Perdida,,01:18:40,01:18:40,0.000,1,Interceptado,,2,Volver,,
2022/07/14,central cordoba ,pases ,11:05:27,13:15:32,Pase,,01:19:02,01:19:02,0.000,3,S arquero pie,2,1,2,,
2022/07/14,central cordoba ,pases ,11:05:27,13:15:32,Pase,,01:19:06,01:19:06,0.000,2,medio,10,2,10,,
2022/07/14,central cordoba ,pases ,11:05:27,13:15:32,Pase,,01:19:08,01:19:08,0.000,10,corto,9,10,10,,
2022/07/14,central cordoba ,pases ,11:05:27,13:15:32,Pase,,01:19:12,01:19:12,0.000,13,corto,10,9,16,,
2022/07/14,central cordoba ,pases ,11:05:27,13:15:32,Pase,,01:19:20,01:19:20,0.000,19,corto,5,10,16,,
2022/07/14,central cordoba ,pases ,11:05:27,13:15:32,Pase,,01:19:37,01:19:37,0.000,7,corto,8,14,8,,
2022/07/14,central cordoba ,pases ,11:05:27,13:15:32,Pase,,01:19:41,01:19:41,0.000,11,corto,7,8,15,,
2022/07/14,central cordoba ,pases ,11:05:27,13:15:32,Perdida,,01:19:41,01:19:41,0.000,11,Balon afuera lateral,,8,Volver,,
2022/07/14,central cordoba ,pases ,11:05:27,13:15:32,Pase,,01:20:46,01:20:46,0.000,3,S arquero pie,Rival,1,14,,
2022/07/14,central cordoba ,pases ,11:05:27,13:15:32,Perdida,,01:20:46,01:20:46,0.000,3,Interceptado,,1,Volver,,
2022/07/14,central cordoba ,pases ,11:05:27,13:15:32,Pase,,01:21:05,01:21:05,0.000,12,corto,5,8,11,,
2022/07/14,central cordoba ,pases ,11:05:27,13:15:32,Pase,,01:21:07,01:21:07,0.000,11,corto,10,5,11,,
2022/07/14,central cordoba ,pases ,11:05:27,13:15:32,Pase,,01:21:11,01:21:11,0.000,14,medio,11,10,17,,
2022/07/14,central cordoba ,pases ,11:05:27,13:15:32,Perdida,,01:21:11,01:21:11,0.000,14,Interceptado,,10,Volver,,
2022/07/14,central cordoba ,pases ,11:05:27,13:15:32,Pase,,01:21:14,01:21:14,0.000,17,corto,14,11,17,,
2022/07/14,central cordoba ,pases ,11:05:27,13:15:32,Pase,,01:21:23,01:21:23,0.000,14,corto,3,14,16,,
2022/07/14,central cordoba ,pases ,11:05:27,13:15:32,Pase,,01:21:27,01:21:27,0.000,16,corto,5,3,13,,
2022/07/14,central cordoba ,pases ,11:05:27,13:15:32,Pase,,01:21:30,01:21:30,0.000,13,inteligente,11,5,20,,
2022/07/14,central cordoba ,pases ,11:05:27,13:15:32,Pase,,01:21:31,01:21:31,0.000,20,corto,9,11,21,,
2022/07/14,central cordoba ,pases ,11:05:27,13:15:32,Remate pie,,01:21:33,01:21:33,0.000,21,Media distancia,Rival,9,22,,
2022/07/14,central cordoba ,pases ,11:05:27,13:15:32,Perdida,,01:21:33,01:21:33,0.000,21,Balon afuera fondo,,9,Volver,,
2022/07/14,central cordoba ,pases ,11:05:27,13:15:32,Pase,,01:22:11,01:22:11,0.000,7,corto,4,5,8,,
2022/07/14,central cordoba ,pases ,11:05:27,13:15:32,Pase,,01:22:15,01:22:15,0.000,8,medio,3,4,10,,
2022/07/14,central cordoba ,pases ,11:05:27,13:15:32,Pase,,01:22:17,01:22:17,0.000,10,corto,11,3,10,,
2022/07/14,central cordoba ,pases ,11:05:27,13:15:32,Pase,,01:22:20,01:22:20,0.000,10,corto,3,11,10,,
2022/07/14,central cordoba ,pases ,11:05:27,13:15:32,Pase,,01:22:36,01:22:36,0.000,1,medio,4,2,4,,
2022/07/14,central cordoba ,pases ,11:05:27,13:15:32,Pase,,01:22:46,01:22:46,0.000,9,largo,Rival,4,16,,
2022/07/14,central cordoba ,pases ,11:05:27,13:15:32,Perdida,,01:22:46,01:22:46,0.000,9,Interceptado,,4,Volver,,
2022/07/14,central cordoba ,pases ,11:05:27,13:15:32,Pase,,01:23:45,01:23:45,0.000,3,S arquero pie,4,1,6,,
2022/07/14,central cordoba ,pases ,11:05:27,13:15:32,Pase,,01:23:49,01:23:49,0.000,6,medio,7,4,12,,
2022/07/14,central cordoba ,pases ,11:05:27,13:15:32,Pase,,01:23:51,01:23:51,0.000,12,corto,11,7,15,,
2022/07/14,central cordoba ,pases ,11:05:27,13:15:32,Pase,,01:23:53,01:23:53,0.000,15,inteligente,9,11,18,,
2022/07/14,central cordoba ,pases ,11:05:27,13:15:32,Pase,,01:23:57,01:23:57,0.000,24,medio,10,9,21,,
2022/07/14,central cordoba ,pases ,11:05:27,13:15:32,Perdida,,01:23:58,01:23:58,0.000,24,Interceptado,,9,Volver,,
2022/07/14,central cordoba ,pases ,11:05:27,13:15:32,Pase,,01:25:03,01:25:03,0.000,1,medio,11,3,10,,
2022/07/14,central cordoba ,pases ,11:05:27,13:15:32,Pase,,01:25:04,01:25:04,0.000,10,corto,10,11,7,,
2022/07/14,central cordoba ,pases ,11:05:27,13:15:32,Pase,,01:25:11,01:25:11,0.000,10,largo,7,10,15,,
2022/07/14,central cordoba ,pases ,11:05:27,13:15:32,Pase,,01:25:18,01:25:18,0.000,15,corto,5,7,14,,
2022/07/14,central cordoba ,pases ,11:05:27,13:15:32,Pase,,01:25:22,01:25:22,0.000,17,corto,11,5,16,,
2022/07/14,central cordoba ,pases ,11:05:27,13:15:32,Pase,,01:25:27,01:25:27,0.000,19,corto,3,11,19,,
2022/07/14,central cordoba ,pases ,11:05:27,13:15:32,Pase,,01:25:29,01:25:29,0.000,19,centro aereo,Rival,3,21,,
2022/07/14,central cordoba ,pases ,11:05:27,13:15:32,Perdida,,01:25:30,01:25:30,0.000,19,Interceptado,,3,Volver,,
2022/07/14,central cordoba ,pases ,11:05:27,13:15:32,Pase,,01:25:46,01:25:46,0.000,7,corto,14,2,8,,
2022/07/14,central cordoba ,pases ,11:05:27,13:15:32,Pase,,01:25:52,01:25:52,0.000,11,corto,3,14,13,,
2022/07/14,central cordoba ,pases ,11:05:27,13:15:32,Pase,,01:25:59,01:25:59,0.000,13,corto,2,3,11,,
2022/07/14,central cordoba ,pases ,11:05:27,13:15:32,Pase,,01:26:01,01:26:01,0.000,11,corto,4,2,11,,
2022/07/14,central cordoba ,pases ,11:05:27,13:15:32,Pase,,01:26:12,01:26:12,0.000,17,corto,10,4,16,,
2022/07/14,central cordoba ,pases ,11:05:27,13:15:32,Remate pie,,01:26:17,01:26:17,0.000,16,Larga distancia,Rival,10,22,,
2022/07/14,central cordoba ,pases ,11:05:27,13:15:32,Perdida,,01:26:18,01:26:18,0.000,16,Atajada,,10,Volver,,
2022/07/14,central cordoba ,pases ,11:05:27,13:15:32,Pase,,01:26:33,01:26:33,0.000,11,corto,8,7,9,,
2022/07/14,central cordoba ,pases ,11:05:27,13:15:32,Pase,,01:26:35,01:26:35,0.000,9,corto,5,8,8,,
2022/07/14,central cordoba ,pases ,11:05:27,13:15:32,Pase,,01:26:45,01:26:45,0.000,11,medio,Rival,5,16,,
2022/07/14,central cordoba ,pases ,11:05:27,13:15:32,Perdida,,01:26:45,01:26:45,0.000,11,Balon afuera lateral,,5,Volver,,
2022/07/14,central cordoba ,pases ,11:05:27,13:15:32,Falta,,01:28:01,01:28:01,0.000,10,Hecha,,7,Volver,,
2022/07/14,central cordoba ,pases ,11:05:27,13:15:32,Pase,,01:29:45,01:29:45,0.000,14,corto,7,14,18,,
2022/07/14,central cordoba ,pases ,11:05:27,13:15:32,Falta,,01:29:57,01:29:57,0.000,18,Recibida,,7,Volver,,
2022/07/14,central cordoba ,pases ,11:05:27,13:15:32,Pase,,01:30:51,01:30:51,0.000,16,centro aereo,Rival,8,21,,
2022/07/14,central cordoba ,pases ,11:05:27,13:15:32,Perdida,,01:30:51,01:30:51,0.000,16,Interceptado,,8,Volver,,
2022/07/14,central cordoba ,pases ,11:05:27,13:15:32,Pase,,01:31:28,01:31:28,0.000,14,corto,9,10,17,,
2022/07/14,central cordoba ,pases ,11:05:27,13:15:32,Pase,,01:32:30,01:32:30,0.000,3,S arquero pie,8,1,9,,
2022/07/14,central cordoba ,pases ,11:05:27,13:15:32,Pase,,01:32:37,01:32:37,0.000,9,medio,7,8,18,,
2022/07/14,central cordoba ,pases ,11:05:27,13:15:32,Perdida,,01:32:37,01:32:37,0.000,9,Balon afuera lateral,,8,Volver,,
2022/07/14,central cordoba ,pases ,11:05:27,13:15:32,Sustitucion,,01:33:36,01:33:36,0.000,,,,,,,
2022/07/14,central cordoba ,pases ,11:05:27,13:15:32,Falta,,01:33:51,01:33:51,0.000,18,Hecha,,11,Volver,,
2022/07/14,central cordoba ,pases ,11:05:27,13:15:32,Falta,,01:34:22,01:34:22,0.000,10,Hecha,,5,Volver,,
2022/07/14,central cordoba ,pases ,11:05:27,13:15:32,Arquero,,01:34:40,01:34:40,0.000,4,Remate atajable,,1,Volver,,
2022/07/14,central cordoba ,pases ,11:05:27,13:15:32,Pase,,01:34:47,01:34:47,0.000,4,S arquero mano,10,1,16,,
2022/07/14,central cordoba ,pases ,11:05:27,13:15:32,Pase,,01:34:49,01:34:49,0.000,16,corto,18,10,16,,
2022/07/14,central cordoba ,pases ,11:05:27,13:15:32,Pase,,01:34:53,01:34:53,0.000,16,corto,5,18,13,,
2022/07/14,central cordoba ,pases ,11:05:27,13:15:32,Pase,,01:34:57,01:34:57,0.000,16,corto,Rival,5,22,,
2022/07/14,central cordoba ,pases ,11:05:27,13:15:32,Perdida,,01:34:58,01:34:58,0.000,16,Interceptado,,5,Volver,,
2022/07/14,central cordoba ,pases ,11:05:27,13:15:32,Arquero,,01:35:16,01:35:16,0.000,8,Salvada/Atajada,,1,Volver,Media,
2022/07/14,central cordoba ,pases ,11:05:27,13:15:32,Pase,,01:36:09,01:36:09,0.000,17,corto,16,18,17,,
2022/07/14,central cordoba ,pases ,11:05:27,13:15:32,Pase,,01:36:11,01:36:11,0.000,17,corto,2,16,23,,
2022/07/14,central cordoba ,pases ,11:05:27,13:15:32,Pase,,01:36:12,01:36:12,0.000,23,corto,16,2,21,,
2022/07/14,central cordoba ,pases ,11:05:27,13:15:32,Remate pie,,01:36:13,01:36:13,0.000,21,Corta distancia,Rival,16,20,,
2022/07/14,central cordoba ,pases ,11:05:27,13:15:32,Perdida,,01:36:14,01:36:14,0.000,21,Balon afuera fondo,,16,Volver,,
2022/07/14,central cordoba ,pases ,11:05:27,13:15:32,Falta,,01:37:47,01:37:47,0.000,11,Recibida,,11,Volver,,
2022/07/14,central cordoba ,pases ,11:05:27,13:15:32,Pase,,01:38:22,01:38:22,0.000,12,corto,16,4,15,,
2022/07/14,central cordoba ,pases ,11:05:27,13:15:32,Pase,,01:38:23,01:38:23,0.000,15,corto,Rival,16,15,,
2022/07/14,central cordoba ,pases ,11:05:27,13:15:32,Perdida,,01:38:24,01:38:24,0.000,15,Balon afuera lateral,,16,Volver,,
2022/07/14,central cordoba ,pases ,11:05:27,13:15:32,Gol rival,,01:38:55,01:38:55,0.000,4,Indirecta,,,Volver,,
2022/07/14,central cordoba ,pases ,11:05:27,13:15:32,Arquero,,01:38:57,01:38:57,0.000,4,Remate atajable,,1,Volver,,
2022/07/14,central cordoba ,pases ,11:05:27,13:15:32,Pase,,01:39:48,01:39:48,0.000,11,corto,5,18,11,,
2022/07/14,central cordoba ,pases ,11:05:27,13:15:32,Pase,,01:39:54,01:39:54,0.000,11,corto,3,5,10,,
2022/07/14,central cordoba ,pases ,11:05:27,13:15:32,Pase,,01:39:56,01:39:56,0.000,10,corto,2,3,7,,
2022/07/14,central cordoba ,pases ,11:05:27,13:15:32,Pase,,01:39:58,01:39:58,0.000,8,medio,Rival,2,14,,
2022/07/14,central cordoba ,pases ,11:05:27,13:15:32,Perdida,,01:39:59,01:39:59,0.000,8,Interceptado,,2,Volver,,
2022/07/14,central cordoba ,pases ,11:05:27,13:15:32,Pase,,01:40:22,01:40:22,0.000,12,corto,2,5,8,,
2022/07/14,central cordoba ,pases ,11:05:27,13:15:32,Pase,,01:40:24,01:40:24,0.000,8,corto,14,2,11,,
2022/07/14,central cordoba ,pases ,11:05:27,13:15:32,Pase,,01:40:26,01:40:26,0.000,11,corto,3,14,10,,
2022/07/14,central cordoba ,pases ,11:05:27,13:15:32,Pase,,01:40:31,01:40:31,0.000,10,largo,18,3,16,,
2022/07/14,central cordoba ,pases ,11:05:27,13:15:32,Pase,,01:40:49,01:40:49,0.000,3,S arquero pie,2,1,2,,
2022/07/14,central cordoba ,pases ,11:05:27,13:15:32,Pase,,01:40:51,01:40:51,0.000,2,corto,5,2,8,,
2022/07/14,central cordoba ,pases ,11:05:27,13:15:32,Pase,,01:40:56,01:40:56,0.000,8,largo,Rival,5,15,,
2022/07/14,central cordoba ,pases ,11:05:27,13:15:32,Perdida,,01:40:56,01:40:56,0.000,8,Interceptado,,5,Volver,,
2022/07/14,central cordoba ,pases ,11:05:27,13:15:32,Pase,,01:41:30,01:41:30,0.000,10,corto,4,3,10,,
2022/07/14,central cordoba ,pases ,11:05:27,13:15:32,Pase,,01:41:33,01:41:33,0.000,10,corto,5,4,13,,
2022/07/14,central cordoba ,pases ,11:05:27,13:15:32,Sustitucion,,01:41:54,01:41:54,0.000,,,,,,,
2022/07/14,central cordoba ,pases ,11:05:27,13:15:32,Falta,,01:42:25,01:42:25,0.000,14,Hecha,,5,Volver,,
2022/07/14,central cordoba ,pases ,11:05:27,13:15:32,Pase,,01:42:56,01:42:56,0.000,3,S arquero pie,2,1,2,,
2022/07/14,central cordoba ,pases ,11:05:27,13:15:32,Pase,,01:43:01,01:43:01,0.000,2,largo,10,2,10,,
2022/07/14,central cordoba ,pases ,11:05:27,13:15:32,Perdida,,01:43:02,01:43:02,0.000,2,Interceptado,,2,Volver,,
2022/07/14,central cordoba ,pases ,11:05:27,13:15:32,Tarjeta,,01:43:25,01:43:25,0.000,7,Amarilla,,2,Volver,,
2022/07/14,central cordoba ,pases ,11:05:27,13:15:32,Pase,,01:43:51,01:43:51,0.000,13,corto,10,18,16,,
2022/07/14,central cordoba ,pases ,11:05:27,13:15:32,Pase,,01:43:57,01:43:57,0.000,16,corto,14,10,17,,
2022/07/14,central cordoba ,pases ,11:05:27,13:15:32,Pase,,01:43:58,01:43:58,0.000,17,corto,8,14,14,,
2022/07/14,central cordoba ,pases ,11:05:27,13:15:32,Pase,,01:44:00,01:44:00,0.000,14,corto,4,8,14,,
2022/07/14,central cordoba ,pases ,11:05:27,13:15:32,Pase,,01:44:04,01:44:04,0.000,14,medio,3,4,13,,
2022/07/14,central cordoba ,pases ,11:05:27,13:15:32,Pase,,01:44:14,01:44:14,0.000,16,centro aereo,14,3,21,,
2022/07/14,central cordoba ,pases ,11:05:27,13:15:32,Remate pie,,01:44:18,01:44:18,0.000,21,Corta distancia,Rival,14,22,,
2022/07/14,central cordoba ,pases ,11:05:27,13:15:32,Perdida,,01:44:19,01:44:19,0.000,21,Atajada,,14,Volver,,
2022/07/14,central cordoba ,pases ,11:05:27,13:15:32,Pase,,01:44:42,01:44:42,0.000,24,corto,8,16,23,,
2022/07/14,central cordoba ,pases ,11:05:27,13:15:32,Pase,,01:44:45,01:44:45,0.000,23,corto,18,8,21,,
2022/07/14,central cordoba ,pases ,11:05:27,13:15:32,Falta,,01:44:47,01:44:47,0.000,22,Offside,,18,Volver,,
2022/07/14,central cordoba ,pases ,11:05:27,13:15:32,Pase,,01:45:27,01:45:27,0.000,4,S arquero mano,5,1,8,,
2022/07/14,central cordoba ,pases ,11:05:27,13:15:32,Falta,,01:45:34,01:45:34,0.000,10,Recibida,,5,Volver,,
2022/07/14,central cordoba ,pases ,11:05:27,13:15:32,Pase,,01:45:41,01:45:41,0.000,14,corto,18,5,17,,
2022/07/14,central cordoba ,pases ,11:05:27,13:15:32,Pase,,01:45:43,01:45:43,0.000,17,corto,14,18,14,,
2022/07/14,central cordoba ,pases ,11:05:27,13:15:32,Pase,,01:45:44,01:45:44,0.000,14,corto,5,14,14,,
2022/07/14,central cordoba ,pases ,11:05:27,13:15:32,Pase,,01:45:46,01:45:46,0.000,14,corto,4,5,11,,
2022/07/14,central cordoba ,pases ,11:05:27,13:15:32,Pase,,01:45:52,01:45:52,0.000,14,medio,18,4,17,,
2022/07/14,central cordoba ,pases ,11:05:27,13:15:32,Falta,,01:45:57,01:45:57,0.000,13,Hecha,,18,Volver,,
2022/07/14,central cordoba ,pases ,11:05:27,13:15:32,Pase,,01:46:34,01:46:34,0.000,1,medio,18,3,10,,
2022/07/14,central cordoba ,pases ,11:05:27,13:15:32,Pase,,01:46:35,01:46:35,0.000,10,corto,Rival,18,13,,
2022/07/14,central cordoba ,pases ,11:05:27,13:15:32,Perdida,,01:46:35,01:46:35,0.000,10,Interceptado,,18,Volver,,
2022/07/14,central cordoba ,pases ,11:05:27,13:15:32,Pase,,01:46:41,01:46:41,0.000,8,corto,8,14,9,,
2022/07/14,central cordoba ,pases ,11:05:27,13:15:32,Pase,,01:46:46,01:46:46,0.000,15,corto,16,8,18,,
2022/07/14,central cordoba ,pases ,11:05:27,13:15:32,Pase,,01:46:50,01:46:50,0.000,18,corto,8,16,24,,
2022/07/14,central cordoba ,pases ,11:05:27,13:15:32,Pase,,01:48:35,01:48:35,0.000,9,corto,2,4,8,,
2022/07/14,central cordoba ,pases ,11:05:27,13:15:32,Pase,,01:48:38,01:48:38,0.000,8,corto,14,2,11,,
2022/07/14,central cordoba ,pases ,11:05:27,13:15:32,Pase,,01:48:41,01:48:41,0.000,11,corto,2,14,8,,
2022/07/14,central cordoba ,pases ,11:05:27,13:15:32,Pase,,01:48:48,01:48:48,0.000,7,medio,1,2,3,,
2022/07/14,central cordoba ,pases ,11:05:27,13:15:32,Pase,,01:48:53,01:48:53,0.000,3,largo,10,1,11,,
2022/07/14,central cordoba ,pases ,11:05:27,13:15:32,Perdida,,01:48:53,01:48:53,0.000,3,Interceptado,,1,Volver,,
2022/07/14,central cordoba ,pases ,11:05:27,13:15:32,Pase,,01:49:02,01:49:02,0.000,8,medio,1,14,3,,
2022/07/14,central cordoba ,pases ,11:05:27,13:15:32,Pase,,01:49:06,01:49:06,0.000,3,largo,17,1,11,,
2022/07/14,central cordoba ,pases ,11:05:27,13:15:32,Perdida,,01:49:07,01:49:07,0.000,3,Interceptado,,1,Volver,,
2022/07/14,central cordoba ,pases ,11:05:27,13:15:32,Pase,,01:49:33,01:49:33,0.000,11,corto,18,14,14,,
2022/07/14,central cordoba ,pases ,11:05:27,13:15:32,Pase,,01:49:39,01:49:39,0.000,14,medio,17,18,16,,
2022/07/14,central cordoba ,pases ,11:05:27,13:15:32,Pase,,01:49:49,01:49:49,0.000,16,corto,14,10,17,,
2022/07/14,central cordoba ,pases ,11:05:27,13:15:32,Remate pie,,01:49:53,01:49:53,0.000,17,Media distancia,Rival,14,22,,
2022/07/14,central cordoba ,pases ,11:05:27,13:15:32,Perdida,,01:49:53,01:49:53,0.000,17,Balon afuera fondo,,14,Volver,,
2022/07/14,central cordoba ,pases ,11:05:27,13:15:32,Pase,,01:51:08,01:51:08,0.000,11,corto,2,5,11,,
2022/07/14,central cordoba ,pases ,11:05:27,13:15:32,Pase,,01:51:13,01:51:13,0.000,14,medio,18,2,20,,
2022/07/14,central cordoba ,pases ,11:05:27,13:15:32,Pase,,01:51:25,01:51:25,0.000,16,corto,3,5,16,,
2022/07/14,central cordoba ,pases ,11:05:27,13:15:32,Pase,,01:51:27,01:51:27,0.000,16,corto,10,3,16,,
2022/07/14,central cordoba ,pases ,11:05:27,13:15:32,Pase,,01:51:35,01:51:35,0.000,14,corto,4,14,14,,
2022/07/14,central cordoba ,pases ,11:05:27,13:15:32,Pase,,01:51:41,01:51:41,0.000,14,largo,3,4,16,,
2022/07/14,central cordoba ,pases ,11:05:27,13:15:32,Pase,,01:51:45,01:51:45,0.000,16,centro aereo,18,3,21,,
2022/07/14,central cordoba ,pases ,11:05:27,13:15:32,Remate pie,,01:51:54,01:51:54,0.000,17,Media distancia,Rival,17,20,,
2022/07/14,central cordoba ,pases ,11:05:27,13:15:32,Perdida,,01:51:54,01:51:54,0.000,17,Balon afuera lateral,,17,Volver,,
2022/07/14,central cordoba ,pases ,11:05:27,13:15:32,Falta,,01:52:31,01:52:31,0.000,11,Recibida,,14,Volver,,
2022/07/14,central cordoba ,pases ,11:05:27,13:15:32,Pase,,01:53:47,01:53:47,0.000,1,corto,1,14,3,,
2022/07/14,central cordoba ,pases ,11:05:27,13:15:32,Pase,,01:53:48,01:53:48,0.000,3,corto,14,1,1,,
2022/07/14,central cordoba ,pases ,11:05:27,13:15:32,Pase,,01:54:03,01:54:03,0.000,8,corto,5,14,11,,
2022/07/14,central cordoba ,pases ,11:05:27,13:15:32,Pase,,01:54:10,01:54:10,0.000,14,corto,3,5,13,,
2022/07/14,central cordoba ,pases ,11:05:27,13:15:32,Pase,,01:54:18,01:54:18,0.000,19,centro aereo,16,3,21,,
2022/07/14,central cordoba ,pases ,11:05:27,13:15:32,Pase,,01:54:32,01:54:32,0.000,18,corto,16,4,18,,
2022/07/14,central cordoba ,pases ,11:05:27,13:15:32,Pase,,01:54:33,01:54:33,0.000,18,corto,4,16,18,,
2022/07/14,central cordoba ,pases ,11:05:27,13:15:32,Pase,,01:54:35,01:54:35,0.000,17,corto,18,4,17,,
2022/07/14,central cordoba ,pases ,11:05:27,13:15:32,Pase,,01:54:37,01:54:37,0.000,17,corto,4,18,17,,
2022/07/14,central cordoba ,pases ,11:05:27,13:15:32,Pase,,01:54:42,01:54:42,0.000,17,corto,8,14,18,,
2022/07/14,central cordoba ,pases ,11:05:27,13:15:32,Pase,,01:54:45,01:54:45,0.000,18,corto,10,8,17,,
2022/07/14,central cordoba ,pases ,11:05:27,13:15:32,Pase,,01:55:49,01:55:49,0.000,8,corto,14,4,12,,
2022/07/14,central cordoba ,pases ,11:05:27,13:15:32,Pase,,01:55:55,01:55:55,0.000,12,medio,5,14,13,,
2022/07/14,central cordoba ,pases ,11:05:27,13:15:32,Perdida,,01:55:55,01:55:55,0.000,12,Interceptado,,14,Volver,,
2022/07/14,central cordoba ,pases ,11:05:27,13:15:32,Falta,,01:56:15,01:56:15,0.000,14,Hecha,,17,Volver,,
2022/07/14,central cordoba ,pases ,11:05:27,13:15:32,Tarjeta,,01:56:15,01:56:15,0.000,14,Amarilla,,17,Volver,,
2022/07/14,central cordoba ,pases ,11:05:27,13:15:32,Pase,,01:57:56,01:57:56,0.000,3,S arquero pie,4,1,5,,
2022/07/14,central cordoba ,pases ,11:05:27,13:15:32,Pase,,01:57:58,01:57:58,0.000,5,corto,8,4,6,,
2022/07/14,central cordoba ,pases ,11:05:27,13:15:32,Pase,,01:58:02,01:58:02,0.000,9,medio,Rival,8,11,,
2022/07/14,central cordoba ,pases ,11:05:27,13:15:32,Perdida,,01:58:02,01:58:02,0.000,9,Interceptado,,8,Volver,,
2022/07/14,central cordoba ,pases ,11:05:27,13:15:32,Falta,,01:58:13,01:58:13,0.000,8,Hecha,,18,Volver,,
2022/07/14,central cordoba ,pases ,11:05:27,13:15:32,Pase,,01:58:47,01:58:47,0.000,1,largo,17,3,10,,
2022/07/14,central cordoba ,pases ,11:05:27,13:15:32,Perdida,,01:58:48,01:58:48,0.000,1,Interceptado,,3,Volver,,
2022/07/14,central cordoba ,pases ,11:05:27,13:15:32,Pase,,01:59:04,01:59:04,0.000,8,inteligente,18,14,16,,
2022/07/14,central cordoba ,pases ,11:05:27,13:15:32,Pase,,01:59:24,01:59:24,0.000,19,centro aereo,18,10,20,,
2022/07/14,central cordoba ,pases ,11:05:27,13:15:32,Pase,,01:59:34,01:59:34,0.000,17,corto,8,16,17,,
2022/07/14,central cordoba ,pases ,11:05:27,13:15:32,Pase,,01:59:36,01:59:36,0.000,17,corto,5,8,17,,
2022/07/14,central cordoba ,pases ,11:05:27,13:15:32,Pase,,01:59:39,01:59:39,0.000,17,corto,Rival,5,16,,
2022/07/14,central cordoba ,pases ,11:05:27,13:15:32,Perdida,,01:59:40,01:59:40,0.000,17,Error tecnico,,5,Volver,,
2022/07/14,central cordoba ,pases ,11:05:27,13:15:32,Pase,,01:59:51,01:59:51,0.000,9,medio,2,4,8,,
2022/07/14,central cordoba ,pases ,11:05:27,13:15:32,Pase,,01:59:55,01:59:55,0.000,8,corto,5,2,11,,
2022/07/14,central cordoba ,pases ,11:05:27,13:15:32,Pase,,01:59:59,01:59:59,0.000,11,medio,Rival,5,18,,
2022/07/14,central cordoba ,pases ,11:05:27,13:15:32,Perdida,,01:59:59,01:59:59,0.000,11,Interceptado,,5,Volver,,
2022/07/14,central cordoba ,pases ,11:05:27,13:15:32,Pase,,02:00:11,02:00:11,0.000,17,medio,8,18,18,,
2022/07/14,central cordoba ,pases ,11:05:27,13:15:32,Pase,,02:00:17,02:00:17,0.000,18,largo,3,8,19,,
2022/07/14,central cordoba ,pases ,11:05:27,13:15:32,Pase,,02:00:21,02:00:21,0.000,19,centro aereo,14,3,17,,
2022/07/14,central cordoba ,pases ,11:05:27,13:15:32,Pase,,02:00:22,02:00:22,0.000,17,corto,5,14,17,,
2022/07/14,central cordoba ,pases ,11:05:27,13:15:32,Pase,,02:00:24,02:00:24,0.000,17,corto,8,5,18,,
2022/07/14,central cordoba ,pases ,11:05:27,13:15:32,Pase,,02:00:27,02:00:27,0.000,18,corto,16,8,24,,
2022/07/14,central cordoba ,pases ,11:05:27,13:15:32,Remate pie,,00:47:12,00:47:12,0.000,22,Corta distancia,Rival,2,22,,
2022/07/14,central cordoba ,pases ,11:05:27,13:15:32,Gol ,,00:47:12,00:47:12,0.000,22,Directa,,2,Volver,,
