Session Start Date,Event,Session Name,Session Start,Session End,Tag Description,Tag Notes,Tag Start,Tag End,Tag Duration (secs),Zonas,Categoria,Jugador2,Jugador,Zonas_final,Calificacion,Dificultad,Optional Column
2022/04/05,COMPLETOVELEZ3,VELEZ RESERVA,20:18:22,22:53:32,Perdida,,00:19:52,00:19:58,6.000,7,Interceptado,Rival,1,7,,,
2022/04/05,COMPLETOVELEZ3,VELEZ RESERVA,20:18:22,22:53:32,Pase,,00:19:45,00:19:45,0.000,11,corto,5,9,11,,,
2022/04/05,COMPLETOVELEZ3,VELEZ RESERVA,20:18:22,22:53:32,Pase,,00:19:48,00:19:48,0.000,11,medio,2,5,8,,,
2022/04/05,COMPLETOVELEZ3,VELEZ RESERVA,20:18:22,22:53:32,Pase,,00:19:51,00:19:51,0.000,8,medio,1,2,3,,,
2022/04/05,COMPLETOVELEZ3,VELEZ RESERVA,20:18:22,22:53:32,Recuperacion,,00:20:41,00:20:41,0.000,2,Intercepcion,,2,Volver,,,
2022/04/05,COMPLETOVELEZ3,VELEZ RESERVA,20:18:22,22:53:32,Despeje,,00:20:52,00:20:52,0.000,2,Despeje,Rival,2,7,,,
2022/04/05,COMPLETOVELEZ3,VELEZ RESERVA,20:18:22,22:53:32,Perdida,,00:20:53,00:20:53,0.000,2,Balon afuera lateral,Rival,2,7,,,
2022/04/05,COMPLETOVELEZ3,VELEZ RESERVA,20:18:22,22:53:32,Recuperacion,,00:21:01,00:21:01,0.000,4,Encontrada,,2,Volver,,,
2022/04/05,COMPLETOVELEZ3,VELEZ RESERVA,20:18:22,22:53:32,Despeje,,00:21:04,00:21:04,0.000,4,Despeje,Rival,2,15,,,
2022/04/05,COMPLETOVELEZ3,VELEZ RESERVA,20:18:22,22:53:32,Perdida,,00:21:07,00:21:07,0.000,4,Interceptado,Rival,2,15,,,
2022/04/05,COMPLETOVELEZ3,VELEZ RESERVA,20:18:22,22:53:32,Recuperacion,,00:21:20,00:21:20,0.000,9,Encontrada,,2,Volver,,,
2022/04/05,COMPLETOVELEZ3,VELEZ RESERVA,20:18:22,22:53:32,Pase,,00:21:22,00:21:22,0.000,9,largo,10,2,14,,,
2022/04/05,COMPLETOVELEZ3,VELEZ RESERVA,20:18:22,22:53:32,Pase,,00:21:23,00:21:23,0.000,14,corto,9,10,14,,,
2022/04/05,COMPLETOVELEZ3,VELEZ RESERVA,20:18:22,22:53:32,Pase,,00:21:29,00:21:29,0.000,14,corto,8,9,14,,,
2022/04/05,COMPLETOVELEZ3,VELEZ RESERVA,20:18:22,22:53:32,Duelo,,00:21:33,00:21:39,6.000,16,Disputa suelo,,8,Volver,,,
2022/04/05,COMPLETOVELEZ3,VELEZ RESERVA,20:18:22,22:53:32,Perdida,,00:21:37,00:21:37,0.000,16,Duelo,,8,Volver,,,
2022/04/05,COMPLETOVELEZ3,VELEZ RESERVA,20:18:22,22:53:32,Pelota parada,,00:21:54,00:22:00,6.000,19,Lateral largo,9,3,21,,,
2022/04/05,COMPLETOVELEZ3,VELEZ RESERVA,20:18:22,22:53:32,Duelo,,00:21:56,00:22:02,6.000,20,Aereo,,9,Volver,,,
2022/04/05,COMPLETOVELEZ3,VELEZ RESERVA,20:18:22,22:53:32,Perdida,,00:22:01,00:22:01,0.000,20,Duelo,,9,Volver,,,
2022/04/05,COMPLETOVELEZ3,VELEZ RESERVA,20:18:22,22:53:32,Pelota parada,,00:22:16,00:22:22,6.000,16,Lateral corto,8,3,19,,,
2022/04/05,COMPLETOVELEZ3,VELEZ RESERVA,20:18:22,22:53:32,Pase,,00:22:23,00:22:23,0.000,19,corto,3,8,16,,,
2022/04/05,COMPLETOVELEZ3,VELEZ RESERVA,20:18:22,22:53:32,Pase,,00:22:25,00:22:25,0.000,16,corto,5,3,17,,,
2022/04/05,COMPLETOVELEZ3,VELEZ RESERVA,20:18:22,22:53:32,Perdida,,00:22:28,00:22:28,0.000,17,Robo,,8,Volver,,,
2022/04/05,COMPLETOVELEZ3,VELEZ RESERVA,20:18:22,22:53:32,Recuperacion,,00:22:55,00:22:55,0.000,8,Robo,,10,Volver,,,
2022/04/05,COMPLETOVELEZ3,VELEZ RESERVA,20:18:22,22:53:32,Pase,,00:22:59,00:22:59,0.000,8,corto,5,10,8,,,
2022/04/05,COMPLETOVELEZ3,VELEZ RESERVA,20:18:22,22:53:32,Perdida,,00:23:01,00:23:01,0.000,8,Robo,,5,Volver,,,
2022/04/05,COMPLETOVELEZ3,VELEZ RESERVA,20:18:22,22:53:32,Recuperacion,,00:23:03,00:23:03,0.000,8,Robo,,6,Volver,,,
2022/04/05,COMPLETOVELEZ3,VELEZ RESERVA,20:18:22,22:53:32,Pase,,00:23:07,00:23:07,0.000,8,medio,11,6,10,,,
2022/04/05,COMPLETOVELEZ3,VELEZ RESERVA,20:18:22,22:53:32,Pase,,00:23:10,00:23:10,0.000,10,largo,Rival,11,17,,,
2022/04/05,COMPLETOVELEZ3,VELEZ RESERVA,20:18:22,22:53:32,Perdida,,00:23:13,00:23:13,0.000,10,Interceptado,Rival,11,17,,,
2022/04/05,COMPLETOVELEZ3,VELEZ RESERVA,20:18:22,22:53:32,Arquero,,00:23:36,00:23:42,6.000,3,Remate atajable,,1,Volver,,,
2022/04/05,COMPLETOVELEZ3,VELEZ RESERVA,20:18:22,22:53:32,Perdida,,00:24:03,00:24:03,0.000,14,Duelo,,9,Volver,,,
2022/04/05,COMPLETOVELEZ3,VELEZ RESERVA,20:18:22,22:53:32,Falta,,00:25:02,00:25:08,6.000,14,Recibida,,10,Volver,,,
2022/04/05,COMPLETOVELEZ3,VELEZ RESERVA,20:18:22,22:53:32,Pelota parada,,00:25:38,00:25:44,6.000,14,Tiro libre,6,11,23,,,
2022/04/05,COMPLETOVELEZ3,VELEZ RESERVA,20:18:22,22:53:32,Pase,,00:25:43,00:25:43,0.000,23,corto,9,6,22,,,
2022/04/05,COMPLETOVELEZ3,VELEZ RESERVA,20:18:22,22:53:32,Gol ,,00:25:44,00:25:44,0.000,22,,,9,Volver,,,
2022/04/05,COMPLETOVELEZ3,VELEZ RESERVA,20:18:22,22:53:32,Pelota parada,,00:26:57,00:26:57,0.000,13,Lateral largo,9,3,17,,,
2022/04/05,COMPLETOVELEZ3,VELEZ RESERVA,20:18:22,22:53:32,Pase,,00:26:59,00:26:59,0.000,17,corto,8,9,17,,,
2022/04/05,COMPLETOVELEZ3,VELEZ RESERVA,20:18:22,22:53:32,Perdida,,00:27:02,00:27:02,0.000,17,Robo,,8,Volver,,,
2022/04/05,COMPLETOVELEZ3,VELEZ RESERVA,20:18:22,22:53:32,Pase,,00:27:44,00:27:44,0.000,3,S arquero pie,4,1,9,,,
2022/04/05,COMPLETOVELEZ3,VELEZ RESERVA,20:18:22,22:53:32,Pase,,00:27:48,00:27:48,0.000,9,largo,9,4,18,,,
2022/04/05,COMPLETOVELEZ3,VELEZ RESERVA,20:18:22,22:53:32,Remate pie,,00:27:52,00:27:52,0.000,23,Corta distancia,,9,Volver,,,
2022/04/05,COMPLETOVELEZ3,VELEZ RESERVA,20:18:22,22:53:32,Perdida,,00:27:52,00:27:52,0.000,23,Atajada,,9,Volver,,,
2022/04/05,COMPLETOVELEZ3,VELEZ RESERVA,20:18:22,22:53:32,Pelota parada,,00:28:40,00:28:40,0.000,8,Tiro libre,9,6,17,,,
2022/04/05,COMPLETOVELEZ3,VELEZ RESERVA,20:18:22,22:53:32,Duelo,,00:28:43,00:28:43,0.000,17,Aereo,,9,Volver,,,
2022/04/05,COMPLETOVELEZ3,VELEZ RESERVA,20:18:22,22:53:32,Perdida,,00:28:43,00:28:43,0.000,17,Duelo,,9,Volver,,,
2022/04/05,COMPLETOVELEZ3,VELEZ RESERVA,20:18:22,22:53:32,Falta,,00:28:57,00:28:57,0.000,14,Recibida,,5,Volver,,,
2022/04/05,COMPLETOVELEZ3,VELEZ RESERVA,20:18:22,22:53:32,Pelota parada,,00:29:33,00:29:33,0.000,14,Tiro libre,2,11,23,,,
2022/04/05,COMPLETOVELEZ3,VELEZ RESERVA,20:18:22,22:53:32,Pase,,00:29:35,00:29:35,0.000,23,corto,6,2,23,,,
2022/04/05,COMPLETOVELEZ3,VELEZ RESERVA,20:18:22,22:53:32,Remate pie,,00:29:36,00:29:36,0.000,23,Corta distancia,,6,Volver,,,
2022/04/05,COMPLETOVELEZ3,VELEZ RESERVA,20:18:22,22:53:32,Perdida,,00:29:37,00:29:37,0.000,23,Balon afuera fondo,,6,Volver,,,
2022/04/05,COMPLETOVELEZ3,VELEZ RESERVA,20:18:22,22:53:32,Recuperacion,,00:30:19,00:30:19,0.000,9,Intercepcion,,4,Volver,,,
2022/04/05,COMPLETOVELEZ3,VELEZ RESERVA,20:18:22,22:53:32,Pase,,00:30:21,00:30:21,0.000,9,corto,10,4,12,,,
2022/04/05,COMPLETOVELEZ3,VELEZ RESERVA,20:18:22,22:53:32,Falta,,00:30:23,00:30:23,0.000,12,Recibida,,10,Volver,,,
2022/04/05,COMPLETOVELEZ3,VELEZ RESERVA,20:18:22,22:53:32,Pelota parada,,00:30:52,00:30:52,0.000,12,Tiro libre,9,2,17,,,
2022/04/05,COMPLETOVELEZ3,VELEZ RESERVA,20:18:22,22:53:32,Perdida,,00:30:53,00:30:53,0.000,12,Error tecnico,,2,Volver,,,
2022/04/05,COMPLETOVELEZ3,VELEZ RESERVA,20:18:22,22:53:32,Recuperacion,,00:30:58,00:30:58,0.000,18,Encontrada,,7,Volver,,,
2022/04/05,COMPLETOVELEZ3,VELEZ RESERVA,20:18:22,22:53:32,Pase,,00:31:00,00:31:00,0.000,18,corto,4,7,24,,,
2022/04/05,COMPLETOVELEZ3,VELEZ RESERVA,20:18:22,22:53:32,Pase,,00:31:04,00:31:04,0.000,24,medio,9,4,21,,,
2022/04/05,COMPLETOVELEZ3,VELEZ RESERVA,20:18:22,22:53:32,Perdida,,00:31:05,00:31:05,0.000,24,Interceptado,9,4,21,,,
2022/04/05,COMPLETOVELEZ3,VELEZ RESERVA,20:18:22,22:53:32,Recuperacion,,00:31:11,00:31:11,0.000,11,Robo,,6,Volver,,,
2022/04/05,COMPLETOVELEZ3,VELEZ RESERVA,20:18:22,22:53:32,Pase,,00:31:13,00:31:13,0.000,11,corto,5,6,11,,,
2022/04/05,COMPLETOVELEZ3,VELEZ RESERVA,20:18:22,22:53:32,Pase,,00:31:13,00:31:13,0.000,11,corto,2,5,11,,,
2022/04/05,COMPLETOVELEZ3,VELEZ RESERVA,20:18:22,22:53:32,Pase,,00:31:15,00:31:15,0.000,11,medio,Rival,2,14,,,
2022/04/05,COMPLETOVELEZ3,VELEZ RESERVA,20:18:22,22:53:32,Perdida,,00:31:16,00:31:16,0.000,11,Error tecnico,,2,Volver,,,
2022/04/05,COMPLETOVELEZ3,VELEZ RESERVA,20:18:22,22:53:32,Falta,,00:32:35,00:32:35,0.000,11,Recibida,,10,Volver,,,
2022/04/05,COMPLETOVELEZ3,VELEZ RESERVA,20:18:22,22:53:32,Pelota parada,,00:32:46,00:32:46,0.000,8,Tiro libre,5,2,11,,,
2022/04/05,COMPLETOVELEZ3,VELEZ RESERVA,20:18:22,22:53:32,Pase,,00:32:48,00:32:48,0.000,11,corto,2,5,8,,,
2022/04/05,COMPLETOVELEZ3,VELEZ RESERVA,20:18:22,22:53:32,Pase,,00:32:50,00:32:50,0.000,8,corto,5,2,11,,,
2022/04/05,COMPLETOVELEZ3,VELEZ RESERVA,20:18:22,22:53:32,Pase,,00:32:52,00:32:52,0.000,11,medio,7,5,18,,,
2022/04/05,COMPLETOVELEZ3,VELEZ RESERVA,20:18:22,22:53:32,Duelo,,00:32:55,00:32:55,0.000,18,Gambeta a favor,,7,Volver,,,
2022/04/05,COMPLETOVELEZ3,VELEZ RESERVA,20:18:22,22:53:32,Perdida,,00:32:56,00:32:56,0.000,18,Duelo,,7,Volver,,,
2022/04/05,COMPLETOVELEZ3,VELEZ RESERVA,20:18:22,22:53:32,Pelota parada,,00:33:16,00:33:16,0.000,18,Lateral largo,7,4,18,,,
2022/04/05,COMPLETOVELEZ3,VELEZ RESERVA,20:18:22,22:53:32,Pase,,00:33:18,00:33:18,0.000,18,corto,8,7,18,,,
2022/04/05,COMPLETOVELEZ3,VELEZ RESERVA,20:18:22,22:53:32,Pase,,00:33:20,00:33:20,0.000,15,corto,5,8,15,,,
2022/04/05,COMPLETOVELEZ3,VELEZ RESERVA,20:18:22,22:53:32,Pase,,00:33:21,00:33:21,0.000,15,corto,4,5,15,,,
2022/04/05,COMPLETOVELEZ3,VELEZ RESERVA,20:18:22,22:53:32,Pase,,00:33:23,00:33:23,0.000,15,corto,2,4,12,,,
2022/04/05,COMPLETOVELEZ3,VELEZ RESERVA,20:18:22,22:53:32,Pase,,00:33:26,00:33:26,0.000,12,corto,6,2,11,,,
2022/04/05,COMPLETOVELEZ3,VELEZ RESERVA,20:18:22,22:53:32,Pase,,00:33:28,00:33:28,0.000,11,inteligente,4,6,18,,,
2022/04/05,COMPLETOVELEZ3,VELEZ RESERVA,20:18:22,22:53:32,Pase,,00:33:32,00:33:32,0.000,18,centro aereo,Rival,4,17,,,
2022/04/05,COMPLETOVELEZ3,VELEZ RESERVA,20:18:22,22:53:32,Perdida,,00:33:33,00:33:33,0.000,18,Interceptado,,4,Volver,,,
2022/04/05,COMPLETOVELEZ3,VELEZ RESERVA,20:18:22,22:53:32,Recuperacion,,00:33:36,00:33:36,0.000,17,Encontrada,,10,Volver,,,
2022/04/05,COMPLETOVELEZ3,VELEZ RESERVA,20:18:22,22:53:32,Pase,,00:33:38,00:33:38,0.000,17,corto,11,10,17,,,
2022/04/05,COMPLETOVELEZ3,VELEZ RESERVA,20:18:22,22:53:32,Perdida,,00:33:41,00:33:41,0.000,17,Robo,,11,Volver,,,
2022/04/05,COMPLETOVELEZ3,VELEZ RESERVA,20:18:22,22:53:32,Falta,,00:33:47,00:33:47,0.000,14,Hecha,,6,Volver,,,
2022/04/05,COMPLETOVELEZ3,VELEZ RESERVA,20:18:22,22:53:32,Arquero,,00:34:34,00:34:34,0.000,3,Remate atajable,,1,Volver,,,
2022/04/05,COMPLETOVELEZ3,VELEZ RESERVA,20:18:22,22:53:32,Falta,,00:35:25,00:35:25,0.000,8,Recibida,,2,Volver,,,
2022/04/05,COMPLETOVELEZ3,VELEZ RESERVA,20:18:22,22:53:32,Pelota parada,,00:35:57,00:35:57,0.000,8,Tiro libre,Rival,1,17,,,
2022/04/05,COMPLETOVELEZ3,VELEZ RESERVA,20:18:22,22:53:32,Perdida,,00:35:58,00:35:58,0.000,8,Interceptado,,1,Volver,,,
2022/04/05,COMPLETOVELEZ3,VELEZ RESERVA,20:18:22,22:53:32,Arquero,,00:36:42,00:36:42,0.000,3,Salvada/Atajada,,1,Volver,,Media,
2022/04/05,COMPLETOVELEZ3,VELEZ RESERVA,20:18:22,22:53:32,Recuperacion,,00:36:46,00:36:46,0.000,5,Encontrada,,4,Volver,,,
2022/04/05,COMPLETOVELEZ3,VELEZ RESERVA,20:18:22,22:53:32,Pase,,00:36:50,00:36:50,0.000,5,largo,9,4,15,,,
2022/04/05,COMPLETOVELEZ3,VELEZ RESERVA,20:18:22,22:53:32,Perdida,,00:36:50,00:36:50,0.000,15,Duelo,,9,Volver,,,
2022/04/05,COMPLETOVELEZ3,VELEZ RESERVA,20:18:22,22:53:32,Falta,,00:36:52,00:36:52,0.000,15,Hecha,,9,Volver,,,
2022/04/05,COMPLETOVELEZ3,VELEZ RESERVA,20:18:22,22:53:32,Recuperacion,,00:37:15,00:37:15,0.000,5,Intercepcion,,2,Volver,,,
2022/04/05,COMPLETOVELEZ3,VELEZ RESERVA,20:18:22,22:53:32,Pase,,00:37:19,00:37:19,0.000,4,largo,Rival,6,15,,,
2022/04/05,COMPLETOVELEZ3,VELEZ RESERVA,20:18:22,22:53:32,Perdida,,00:37:20,00:37:20,0.000,4,Interceptado,,6,Volver,,,
2022/04/05,COMPLETOVELEZ3,VELEZ RESERVA,20:18:22,22:53:32,Pase,,00:38:32,00:38:32,0.000,14,corto,4,7,15,,,
2022/04/05,COMPLETOVELEZ3,VELEZ RESERVA,20:18:22,22:53:32,Pase,,00:38:38,00:38:38,0.000,15,largo,8,4,17,,,
2022/04/05,COMPLETOVELEZ3,VELEZ RESERVA,20:18:22,22:53:32,Perdida,,00:38:39,00:38:39,0.000,15,Interceptado,,4,Volver,,,
2022/04/05,COMPLETOVELEZ3,VELEZ RESERVA,20:18:22,22:53:32,Falta,,00:38:50,00:38:50,0.000,13,Hecha,,8,Volver,,,
2022/04/05,COMPLETOVELEZ3,VELEZ RESERVA,20:18:22,22:53:32,Tarjeta,,00:38:53,00:38:53,0.000,13,Amarilla,,8,Volver,,,
2022/04/05,COMPLETOVELEZ3,VELEZ RESERVA,20:18:22,22:53:32,Recuperacion,,00:39:23,00:39:23,0.000,12,Robo,,7,Volver,,,
2022/04/05,COMPLETOVELEZ3,VELEZ RESERVA,20:18:22,22:53:32,Pase,,00:39:31,00:39:31,0.000,9,corto,10,7,12,,,
2022/04/05,COMPLETOVELEZ3,VELEZ RESERVA,20:18:22,22:53:32,Pase,,00:39:33,00:39:33,0.000,12,corto,7,10,12,,,
2022/04/05,COMPLETOVELEZ3,VELEZ RESERVA,20:18:22,22:53:32,Duelo,,00:39:39,00:39:39,0.000,15,Disputa suelo,,7,Volver,,,
2022/04/05,COMPLETOVELEZ3,VELEZ RESERVA,20:18:22,22:53:32,Perdida,,00:39:39,00:39:39,0.000,15,Robo,,7,Volver,,,
2022/04/05,COMPLETOVELEZ3,VELEZ RESERVA,20:18:22,22:53:32,Pelota parada,,00:40:04,00:40:04,0.000,15,Lateral largo,9,4,18,,,
2022/04/05,COMPLETOVELEZ3,VELEZ RESERVA,20:18:22,22:53:32,Pase,,00:40:06,00:40:06,0.000,18,corto,11,9,18,,,
2022/04/05,COMPLETOVELEZ3,VELEZ RESERVA,20:18:22,22:53:32,Pase,,00:40:08,00:40:08,0.000,18,corto,7,11,18,,,
2022/04/05,COMPLETOVELEZ3,VELEZ RESERVA,20:18:22,22:53:32,Perdida,,00:40:11,00:40:11,0.000,18,Error tecnico,,11,Volver,,,
2022/04/05,COMPLETOVELEZ3,VELEZ RESERVA,20:18:22,22:53:32,Pase,,00:40:31,00:40:31,0.000,14,corto,3,10,11,,,
2022/04/05,COMPLETOVELEZ3,VELEZ RESERVA,20:18:22,22:53:32,Pase,,00:40:34,00:40:34,0.000,11,largo,8,3,16,,,
2022/04/05,COMPLETOVELEZ3,VELEZ RESERVA,20:18:22,22:53:32,Perdida,,00:40:37,00:40:37,0.000,11,Balon afuera lateral,8,3,16,,,
2022/04/05,COMPLETOVELEZ3,VELEZ RESERVA,20:18:22,22:53:32,Falta,,00:40:51,00:40:51,0.000,8,Hecha,,6,Volver,,,
2022/04/05,COMPLETOVELEZ3,VELEZ RESERVA,20:18:22,22:53:32,Tarjeta,,00:41:06,00:41:06,0.000,8,Amarilla,,6,Volver,,,
2022/04/05,COMPLETOVELEZ3,VELEZ RESERVA,20:18:22,22:53:32,Pase,,00:42:04,00:42:04,0.000,3,S arquero pie,10,1,17,,,
2022/04/05,COMPLETOVELEZ3,VELEZ RESERVA,20:18:22,22:53:32,Recuperacion,,00:42:12,00:42:12,0.000,16,Encontrada,,10,Volver,,,
2022/04/05,COMPLETOVELEZ3,VELEZ RESERVA,20:18:22,22:53:32,Pelota parada,,00:43:37,00:43:37,0.000,15,Lateral largo,10,4,18,,,
2022/04/05,COMPLETOVELEZ3,VELEZ RESERVA,20:18:22,22:53:32,Duelo,,00:43:43,00:43:43,0.000,15,Disputa suelo,,4,Volver,,,
2022/04/05,COMPLETOVELEZ3,VELEZ RESERVA,20:18:22,22:53:32,Perdida,,00:43:44,00:43:44,0.000,15,Interceptado,,4,Volver,,,
2022/04/05,COMPLETOVELEZ3,VELEZ RESERVA,20:18:22,22:53:32,Arquero,,00:44:37,00:44:37,0.000,3,Salida aerea,,1,Volver,Bueno,,
2022/04/05,COMPLETOVELEZ3,VELEZ RESERVA,20:18:22,22:53:32,Pase,,00:46:15,00:46:15,0.000,8,largo,9,2,14,,,
2022/04/05,COMPLETOVELEZ3,VELEZ RESERVA,20:18:22,22:53:32,Pase,,00:47:25,00:47:25,0.000,3,S arquero pie,9,1,14,,,
2022/04/05,COMPLETOVELEZ3,VELEZ RESERVA,20:18:22,22:53:32,Perdida,,00:47:28,00:47:28,0.000,3,Interceptado,9,1,14,,,
2022/04/05,COMPLETOVELEZ3,VELEZ RESERVA,20:18:22,22:53:32,Pelota parada,,00:47:41,00:47:41,0.000,15,Lateral corto,7,4,15,,,
2022/04/05,COMPLETOVELEZ3,VELEZ RESERVA,20:18:22,22:53:32,Pase,,00:47:43,00:47:43,0.000,15,corto,4,7,15,,,
2022/04/05,COMPLETOVELEZ3,VELEZ RESERVA,20:18:22,22:53:32,Pase,,00:47:46,00:47:46,0.000,15,corto,2,4,9,,,
2022/04/05,COMPLETOVELEZ3,VELEZ RESERVA,20:18:22,22:53:32,Pase,,00:47:50,00:47:50,0.000,9,corto,1,2,4,,,
2022/04/05,COMPLETOVELEZ3,VELEZ RESERVA,20:18:22,22:53:32,Pase,,00:47:54,00:47:54,0.000,3,largo,9,1,17,,,
2022/04/05,COMPLETOVELEZ3,VELEZ RESERVA,20:18:22,22:53:32,Perdida,,00:47:56,00:47:56,0.000,3,Interceptado,9,1,17,,,
2022/04/05,COMPLETOVELEZ3,VELEZ RESERVA,20:18:22,22:53:32,Recuperacion,,00:47:57,00:47:57,0.000,17,Encontrada,,7,Volver,,,
2022/04/05,COMPLETOVELEZ3,VELEZ RESERVA,20:18:22,22:53:32,Pase,,00:48:02,00:48:02,0.000,24,centro aereo,10,7,21,,,
2022/04/05,COMPLETOVELEZ3,VELEZ RESERVA,20:18:22,22:53:32,Perdida,,00:48:03,00:48:03,0.000,24,Interceptado,10,7,21,,,
2022/04/05,COMPLETOVELEZ3,VELEZ RESERVA,20:18:22,22:53:32,Recuperacion,,00:49:03,00:49:03,0.000,4,Encontrada,,6,Volver,,,
2022/04/05,COMPLETOVELEZ3,VELEZ RESERVA,20:18:22,22:53:32,Despeje,,00:49:05,00:49:05,0.000,4,Despeje,,6,Volver,,,
2022/04/05,COMPLETOVELEZ3,VELEZ RESERVA,20:18:22,22:53:32,Recuperacion,,00:50:20,00:50:20,0.000,7,Duelo,,3,Volver,,,
2022/04/05,COMPLETOVELEZ3,VELEZ RESERVA,20:18:22,22:53:32,Recuperacion,,00:50:39,00:50:39,0.000,1,Intercepcion,,10,Volver,,,
2022/04/05,COMPLETOVELEZ3,VELEZ RESERVA,20:18:22,22:53:32,Pase,,00:50:45,00:50:45,0.000,1,largo,7,10,15,,,
2022/04/05,COMPLETOVELEZ3,VELEZ RESERVA,20:18:22,22:53:32,Perdida,,00:50:47,00:50:47,0.000,1,Error tecnico,7,10,15,,,
2022/04/05,COMPLETOVELEZ3,VELEZ RESERVA,20:18:22,22:53:32,Despeje,,00:51:07,00:51:07,0.000,4,Despeje,,3,Volver,,,
2022/04/05,COMPLETOVELEZ3,VELEZ RESERVA,20:18:22,22:53:32,Perdida,,00:51:12,00:51:12,0.000,4,Balon afuera lateral,,3,Volver,,,
2022/04/05,COMPLETOVELEZ3,VELEZ RESERVA,20:18:22,22:53:32,Pase,,00:51:26,00:51:26,0.000,5,corto,7,4,9,,,
2022/04/05,COMPLETOVELEZ3,VELEZ RESERVA,20:18:22,22:53:32,Perdida,,00:51:26,00:51:26,0.000,5,Interceptado,7,4,9,,,
2022/04/05,COMPLETOVELEZ3,VELEZ RESERVA,20:18:22,22:53:32,Recuperacion,,00:51:39,00:51:39,0.000,2,Intercepcion,,6,Volver,,,
2022/04/05,COMPLETOVELEZ3,VELEZ RESERVA,20:18:22,22:53:32,Perdida,,00:51:40,00:51:40,0.000,2,Balon afuera lateral,,6,Volver,,,
2022/04/05,COMPLETOVELEZ3,VELEZ RESERVA,20:18:22,22:53:32,Duelo,,00:51:47,00:51:47,0.000,7,Disputa suelo,,8,Volver,,,
2022/04/05,COMPLETOVELEZ3,VELEZ RESERVA,20:18:22,22:53:32,Pase,,00:51:48,00:51:48,0.000,7,medio,10,8,10,,,
2022/04/05,COMPLETOVELEZ3,VELEZ RESERVA,20:18:22,22:53:32,Falta,,00:51:53,00:51:53,0.000,10,Recibida,,10,Volver,,,
2022/04/05,COMPLETOVELEZ3,VELEZ RESERVA,20:18:22,22:53:32,Pase,,00:52:18,00:52:18,0.000,10,largo,11,6,16,,,
2022/04/05,COMPLETOVELEZ3,VELEZ RESERVA,20:18:22,22:53:32,Perdida,,00:52:21,00:52:21,0.000,16,Robo,,11,Volver,,,
2022/04/05,COMPLETOVELEZ3,VELEZ RESERVA,20:18:22,22:53:32,Duelo,,00:52:24,00:52:24,0.000,10,Aereo,,6,Volver,,,
2022/04/05,COMPLETOVELEZ3,VELEZ RESERVA,20:18:22,22:53:32,Perdida,,00:52:30,00:52:30,0.000,10,Interceptado,9,6,14,,,
2022/04/05,COMPLETOVELEZ3,VELEZ RESERVA,20:18:22,22:53:32,Recuperacion,,00:53:11,00:53:11,0.000,5,Intercepcion,,4,Volver,,,
2022/04/05,COMPLETOVELEZ3,VELEZ RESERVA,20:18:22,22:53:32,Pase,,00:53:12,00:53:12,0.000,5,medio,9,4,8,,,
2022/04/05,COMPLETOVELEZ3,VELEZ RESERVA,20:18:22,22:53:32,Pase,,00:53:14,00:53:14,0.000,8,corto,10,9,11,,,
2022/04/05,COMPLETOVELEZ3,VELEZ RESERVA,20:18:22,22:53:32,Falta,,00:53:22,00:53:22,0.000,11,Recibida,,10,Volver,,,
2022/04/05,COMPLETOVELEZ3,VELEZ RESERVA,20:18:22,22:53:32,Pase,,00:53:46,00:53:46,0.000,11,largo,7,6,18,,,
2022/04/05,COMPLETOVELEZ3,VELEZ RESERVA,20:18:22,22:53:32,Perdida,,00:53:47,00:53:47,0.000,11,Interceptado,7,6,18,,,
2022/04/05,COMPLETOVELEZ3,VELEZ RESERVA,20:18:22,22:53:32,Arquero,,00:54:18,00:54:18,0.000,3,Remate no atajable,,1,Volver,,,
2022/04/05,COMPLETOVELEZ3,VELEZ RESERVA,20:18:22,22:53:32,Falta,,00:55:51,00:55:51,0.000,14,Hecha,,7,Volver,,,
2022/04/05,COMPLETOVELEZ3,VELEZ RESERVA,20:18:22,22:53:32,Recuperacion,,00:56:08,00:56:08,0.000,4,Intercepcion,,3,Volver,,,
2022/04/05,COMPLETOVELEZ3,VELEZ RESERVA,20:18:22,22:53:32,Duelo,,00:56:13,00:56:13,0.000,14,Gambeta a favor,,9,Volver,,,
2022/04/05,COMPLETOVELEZ3,VELEZ RESERVA,20:18:22,22:53:32,Remate pie,,00:56:21,00:56:21,0.000,17,Media distancia,,9,Volver,,,
2022/04/05,COMPLETOVELEZ3,VELEZ RESERVA,20:18:22,22:53:32,Perdida,,00:56:22,00:56:22,0.000,17,Balon afuera fondo,,9,Volver,,,
2022/04/05,COMPLETOVELEZ3,VELEZ RESERVA,20:18:22,22:53:32,Arquero,,00:57:35,00:57:35,0.000,4,Salida aerea,,1,Volver,Bueno,,
2022/04/05,COMPLETOVELEZ3,VELEZ RESERVA,20:18:22,22:53:32,Pase,,00:57:58,00:57:58,0.000,4,largo,9,1,17,,,
2022/04/05,COMPLETOVELEZ3,VELEZ RESERVA,20:18:22,22:53:32,Perdida,,00:58:00,00:58:00,0.000,4,Interceptado,9,1,17,,,
2022/04/05,COMPLETOVELEZ3,VELEZ RESERVA,20:18:22,22:53:32,Recuperacion,,00:58:02,00:58:02,0.000,13,Intercepcion,,3,Volver,,,
2022/04/05,COMPLETOVELEZ3,VELEZ RESERVA,20:18:22,22:53:32,Pase,,00:58:06,00:58:06,0.000,14,corto,5,8,14,,,
2022/04/05,COMPLETOVELEZ3,VELEZ RESERVA,20:18:22,22:53:32,Perdida,,00:58:09,00:58:09,0.000,17,Robo,,5,Volver,,,
2022/04/05,COMPLETOVELEZ3,VELEZ RESERVA,20:18:22,22:53:32,Falta,,00:58:38,00:58:38,0.000,8,Recibida,,11,Volver,,,
2022/04/05,COMPLETOVELEZ3,VELEZ RESERVA,20:18:22,22:53:32,Pase,,00:59:00,00:59:00,0.000,8,largo,10,1,17,,,
2022/04/05,COMPLETOVELEZ3,VELEZ RESERVA,20:18:22,22:53:32,Pase,,00:59:01,00:59:01,0.000,17,corto,5,10,14,,,
2022/04/05,COMPLETOVELEZ3,VELEZ RESERVA,20:18:22,22:53:32,Falta,,00:59:04,00:59:04,0.000,14,Recibida,,5,Volver,,,
2022/04/05,COMPLETOVELEZ3,VELEZ RESERVA,20:18:22,22:53:32,Pelota parada,,00:59:51,00:59:51,0.000,14,Tiro libre,2,8,20,,,
2022/04/05,COMPLETOVELEZ3,VELEZ RESERVA,20:18:22,22:53:32,Remate pie,,00:59:53,00:59:53,0.000,21,Corta distancia,,2,Volver,,,
2022/04/05,COMPLETOVELEZ3,VELEZ RESERVA,20:18:22,22:53:32,Gol ,,00:59:56,00:59:56,0.000,21,,,2,Volver,,,
2022/04/05,COMPLETOVELEZ3,VELEZ RESERVA,20:18:22,22:53:32,Pase,,01:02:13,01:02:13,0.000,3,largo,8,1,13,,,
2022/04/05,COMPLETOVELEZ3,VELEZ RESERVA,20:18:22,22:53:32,Falta,,01:02:20,01:02:20,0.000,17,Recibida,,8,Volver,,,
2022/04/05,COMPLETOVELEZ3,VELEZ RESERVA,20:18:22,22:53:32,Pelota parada,,01:03:21,01:03:21,0.000,17,Tiro libre,,3,Volver,,,
2022/04/05,COMPLETOVELEZ3,VELEZ RESERVA,20:18:22,22:53:32,Remate pie,,01:03:22,01:03:22,0.000,17,Corta distancia,,3,Volver,,,
2022/04/05,COMPLETOVELEZ3,VELEZ RESERVA,20:18:22,22:53:32,Recuperacion,,01:03:33,01:03:33,0.000,11,Intercepcion aereo,,6,Volver,,,
2022/04/05,COMPLETOVELEZ3,VELEZ RESERVA,20:18:22,22:53:32,Falta,,01:03:35,01:03:35,0.000,14,Recibida,,6,Volver,,,
2022/04/05,COMPLETOVELEZ3,VELEZ RESERVA,20:18:22,22:53:32,Recuperacion,,01:05:46,01:05:46,0.000,13,Encontrada,,8,Volver,,,
2022/04/05,COMPLETOVELEZ3,VELEZ RESERVA,20:18:22,22:53:32,Duelo,,01:05:53,01:05:53,0.000,13,Disputa suelo,,8,Volver,,,
2022/04/05,COMPLETOVELEZ3,VELEZ RESERVA,20:18:22,22:53:32,Perdida,,01:05:54,01:05:54,0.000,13,Duelo,,8,Volver,,,
2022/04/05,COMPLETOVELEZ3,VELEZ RESERVA,20:18:22,22:53:32,Recuperacion,,01:05:54,01:05:54,0.000,14,Encontrada,,2,Volver,,,
2022/04/05,COMPLETOVELEZ3,VELEZ RESERVA,20:18:22,22:53:32,Pase,,01:06:01,01:06:01,0.000,14,largo,7,2,23,,,
2022/04/05,COMPLETOVELEZ3,VELEZ RESERVA,20:18:22,22:53:32,Perdida,,01:06:04,01:06:04,0.000,23,Robo,,7,Volver,,,
2022/04/05,COMPLETOVELEZ3,VELEZ RESERVA,20:18:22,22:53:32,Recuperacion,,01:06:11,01:06:11,0.000,12,Encontrada,,4,Volver,,,
2022/04/05,COMPLETOVELEZ3,VELEZ RESERVA,20:18:22,22:53:32,Pase,,01:06:12,01:06:12,0.000,12,corto,2,4,9,,,
2022/04/05,COMPLETOVELEZ3,VELEZ RESERVA,20:18:22,22:53:32,Pase,,01:06:17,01:06:17,0.000,9,largo,11,2,14,,,
2022/04/05,COMPLETOVELEZ3,VELEZ RESERVA,20:18:22,22:53:32,Falta,,01:06:21,01:06:21,0.000,14,Recibida,,11,,,,
2022/04/05,COMPLETOVELEZ3,VELEZ RESERVA,20:18:22,22:53:32,Recuperacion,,01:07:05,01:07:05,0.000,14,Robo,,5,Volver,,,
2022/04/05,COMPLETOVELEZ3,VELEZ RESERVA,20:18:22,22:53:32,Pase,,01:07:07,01:07:07,0.000,17,corto,9,5,21,,,
2022/04/05,COMPLETOVELEZ3,VELEZ RESERVA,20:18:22,22:53:32,Pase,,01:07:09,01:07:09,0.000,21,corto,5,9,21,,,
2022/04/05,COMPLETOVELEZ3,VELEZ RESERVA,20:18:22,22:53:32,Perdida,,01:07:12,01:07:12,0.000,21,Interceptado,5,9,21,,,
2022/04/05,COMPLETOVELEZ3,VELEZ RESERVA,20:18:22,22:53:32,Recuperacion,,01:07:28,01:07:28,0.000,11,Robo,,10,Volver,,,
2022/04/05,COMPLETOVELEZ3,VELEZ RESERVA,20:18:22,22:53:32,Pase,,01:07:29,01:07:29,0.000,11,corto,6,10,8,,,
2022/04/05,COMPLETOVELEZ3,VELEZ RESERVA,20:18:22,22:53:32,Pase,,01:07:33,01:07:33,0.000,8,largo,9,6,14,,,
2022/04/05,COMPLETOVELEZ3,VELEZ RESERVA,20:18:22,22:53:32,Perdida,,01:07:34,01:07:34,0.000,8,Interceptado,9,6,14,,,
2022/04/05,COMPLETOVELEZ3,VELEZ RESERVA,20:18:22,22:53:32,Despeje,,01:08:04,01:08:04,0.000,4,Despeje,,6,Volver,,,
2022/04/05,COMPLETOVELEZ3,VELEZ RESERVA,20:18:22,22:53:32,Perdida,,01:08:04,01:08:04,0.000,4,Interceptado,10,6,8,,,
2022/04/05,COMPLETOVELEZ3,VELEZ RESERVA,20:18:22,22:53:32,Recuperacion,,01:25:47,01:25:47,0.000,13,Robo,,8,Volver,,,
2022/04/05,COMPLETOVELEZ3,VELEZ RESERVA,20:18:22,22:53:32,Pase,,01:25:47,01:25:47,0.000,13,corto,3,8,13,,,
2022/04/05,COMPLETOVELEZ3,VELEZ RESERVA,20:18:22,22:53:32,Pase,,01:25:49,01:25:49,0.000,13,corto,8,3,13,,,
2022/04/05,COMPLETOVELEZ3,VELEZ RESERVA,20:18:22,22:53:32,Pase,,01:25:50,01:25:50,0.000,13,corto,9,8,13,,,
2022/04/05,COMPLETOVELEZ3,VELEZ RESERVA,20:18:22,22:53:32,Perdida,,01:25:54,01:25:54,0.000,13,Robo,,9,Volver,,,
2022/04/05,COMPLETOVELEZ3,VELEZ RESERVA,20:18:22,22:53:32,Recuperacion,,01:26:05,01:26:05,0.000,7,Robo,,5,Volver,,,
2022/04/05,COMPLETOVELEZ3,VELEZ RESERVA,20:18:22,22:53:32,Pase,,01:26:08,01:26:08,0.000,7,largo,11,6,10,,,
2022/04/05,COMPLETOVELEZ3,VELEZ RESERVA,20:18:22,22:53:32,Pase,,01:26:11,01:26:11,0.000,10,corto,3,11,10,,,
2022/04/05,COMPLETOVELEZ3,VELEZ RESERVA,20:18:22,22:53:32,Pase,,01:26:14,01:26:14,0.000,10,corto,9,3,13,,,
2022/04/05,COMPLETOVELEZ3,VELEZ RESERVA,20:18:22,22:53:32,Perdida,,01:26:16,01:26:16,0.000,13,Robo,,9,Volver,,,
2022/04/05,COMPLETOVELEZ3,VELEZ RESERVA,20:18:22,22:53:32,Arquero,,01:26:32,01:26:32,0.000,3,Remate atajable,,1,Volver,,,
2022/04/05,COMPLETOVELEZ3,VELEZ RESERVA,20:18:22,22:53:32,Pase,,01:26:52,01:26:52,0.000,8,corto,5,2,8,,,
2022/04/05,COMPLETOVELEZ3,VELEZ RESERVA,20:18:22,22:53:32,Duelo,,01:26:56,01:26:56,0.000,8,Gambeta a favor,,5,Volver,,,
2022/04/05,COMPLETOVELEZ3,VELEZ RESERVA,20:18:22,22:53:32,Pase,,01:26:59,01:26:59,0.000,11,largo,3,5,10,,,
2022/04/05,COMPLETOVELEZ3,VELEZ RESERVA,20:18:22,22:53:32,Pase,,01:27:01,01:27:01,0.000,10,corto,8,3,13,,,
2022/04/05,COMPLETOVELEZ3,VELEZ RESERVA,20:18:22,22:53:32,Perdida,,01:27:05,01:27:05,0.000,13,Robo,,8,Volver,,,
2022/04/05,COMPLETOVELEZ3,VELEZ RESERVA,20:18:22,22:53:32,Recuperacion,,01:27:26,01:27:26,0.000,9,Encontrada,,4,Volver,,,
2022/04/05,COMPLETOVELEZ3,VELEZ RESERVA,20:18:22,22:53:32,Pase,,01:27:32,01:27:32,0.000,3,largo,10,1,14,,,
2022/04/05,COMPLETOVELEZ3,VELEZ RESERVA,20:18:22,22:53:32,Pase,,01:27:34,01:27:34,0.000,14,corto,5,10,11,,,
2022/04/05,COMPLETOVELEZ3,VELEZ RESERVA,20:18:22,22:53:32,Pase,,01:27:35,01:27:35,0.000,11,corto,7,5,11,,,
2022/04/05,COMPLETOVELEZ3,VELEZ RESERVA,20:18:22,22:53:32,Duelo,,01:27:40,01:27:40,0.000,11,Gambeta a favor,,7,Volver,,,
2022/04/05,COMPLETOVELEZ3,VELEZ RESERVA,20:18:22,22:53:32,Pase,,01:27:41,01:27:41,0.000,11,corto,4,7,12,,,
2022/04/05,COMPLETOVELEZ3,VELEZ RESERVA,20:18:22,22:53:32,Pase,,01:27:44,01:27:44,0.000,12,largo,9,4,17,,,
2022/04/05,COMPLETOVELEZ3,VELEZ RESERVA,20:18:22,22:53:32,Pase,,01:27:50,01:27:50,0.000,18,corto,10,9,15,,,
2022/04/05,COMPLETOVELEZ3,VELEZ RESERVA,20:18:22,22:53:32,Perdida,,01:27:51,01:27:51,0.000,18,Interceptado,10,9,15,,,
2022/04/05,COMPLETOVELEZ3,VELEZ RESERVA,20:18:22,22:53:32,Recuperacion,,01:27:58,01:27:58,0.000,11,Robo,,11,Volver,,,
2022/04/05,COMPLETOVELEZ3,VELEZ RESERVA,20:18:22,22:53:32,Pase,,01:28:03,01:28:03,0.000,3,corto,6,1,4,,,
2022/04/05,COMPLETOVELEZ3,VELEZ RESERVA,20:18:22,22:53:32,Pase,,01:28:06,01:28:06,0.000,4,corto,2,6,9,,,
2022/04/05,COMPLETOVELEZ3,VELEZ RESERVA,20:18:22,22:53:32,Pase,,01:28:16,01:28:16,0.000,11,corto,4,10,12,,,
2022/04/05,COMPLETOVELEZ3,VELEZ RESERVA,20:18:22,22:53:32,Pase,,01:28:21,01:28:21,0.000,12,medio,7,4,18,,,
2022/04/05,COMPLETOVELEZ3,VELEZ RESERVA,20:18:22,22:53:32,Perdida,,01:28:24,01:28:24,0.000,18,Balon afuera lateral,,7,Volver,,,
2022/04/05,COMPLETOVELEZ3,VELEZ RESERVA,20:18:22,22:53:32,Recuperacion,,01:29:06,01:29:06,0.000,12,Encontrada,,9,Volver,,,
2022/04/05,COMPLETOVELEZ3,VELEZ RESERVA,20:18:22,22:53:32,Pase,,01:29:08,01:29:08,0.000,12,corto,10,9,12,,,
2022/04/05,COMPLETOVELEZ3,VELEZ RESERVA,20:18:22,22:53:32,Pase,,01:29:13,01:29:13,0.000,12,corto,4,10,12,,,
2022/04/05,COMPLETOVELEZ3,VELEZ RESERVA,20:18:22,22:53:32,Pase,,01:29:17,01:29:17,0.000,12,largo,9,4,23,,,
2022/04/05,COMPLETOVELEZ3,VELEZ RESERVA,20:18:22,22:53:32,Perdida,,01:29:19,01:29:19,0.000,12,Atajada,9,4,23,,,
2022/04/05,COMPLETOVELEZ3,VELEZ RESERVA,20:18:22,22:53:32,Duelo,,01:29:38,01:29:38,0.000,7,Disputa suelo,,8,Volver,,,
2022/04/05,COMPLETOVELEZ3,VELEZ RESERVA,20:18:22,22:53:32,Perdida,,01:29:39,01:29:39,0.000,7,Error tecnico,,8,Volver,,,
2022/04/05,COMPLETOVELEZ3,VELEZ RESERVA,20:18:22,22:53:32,Despeje,,01:30:12,01:30:12,0.000,5,Bloqueo,,2,Volver,,,
2022/04/05,COMPLETOVELEZ3,VELEZ RESERVA,20:18:22,22:53:32,Despeje,,01:30:31,01:30:31,0.000,4,Despeje,,6,Volver,,,
2022/04/05,COMPLETOVELEZ3,VELEZ RESERVA,20:18:22,22:53:32,Pase,,01:30:32,01:30:32,0.000,4,corto,3,6,8,,,
2022/04/05,COMPLETOVELEZ3,VELEZ RESERVA,20:18:22,22:53:32,Pase,,01:30:35,01:30:35,0.000,8,medio,11,3,11,,,
2022/04/05,COMPLETOVELEZ3,VELEZ RESERVA,20:18:22,22:53:32,Perdida,,01:30:37,01:30:37,0.000,8,Error tecnico,11,3,11,,,
2022/04/05,COMPLETOVELEZ3,VELEZ RESERVA,20:18:22,22:53:32,Recuperacion,,01:31:01,01:31:01,0.000,7,Encontrada,,3,Volver,,,
2022/04/05,COMPLETOVELEZ3,VELEZ RESERVA,20:18:22,22:53:32,Pase,,01:31:04,01:31:04,0.000,7,medio,1,3,4,,,
2022/04/05,COMPLETOVELEZ3,VELEZ RESERVA,20:18:22,22:53:32,Pase,,01:31:08,01:31:08,0.000,4,largo,3,1,7,,,
2022/04/05,COMPLETOVELEZ3,VELEZ RESERVA,20:18:22,22:53:32,Pase,,01:31:10,01:31:10,0.000,7,corto,6,3,8,,,
2022/04/05,COMPLETOVELEZ3,VELEZ RESERVA,20:18:22,22:53:32,Pase,,01:31:11,01:31:11,0.000,8,largo,9,6,13,,,
2022/04/05,COMPLETOVELEZ3,VELEZ RESERVA,20:18:22,22:53:32,Perdida,,01:31:13,01:31:13,0.000,8,Interceptado,9,6,13,,,
2022/04/05,COMPLETOVELEZ3,VELEZ RESERVA,20:18:22,22:53:32,Pelota parada,,01:31:27,01:31:27,0.000,10,Lateral corto,6,3,7,,,
2022/04/05,COMPLETOVELEZ3,VELEZ RESERVA,20:18:22,22:53:32,Pase,,01:31:29,01:31:29,0.000,7,medio,2,6,8,,,
2022/04/05,COMPLETOVELEZ3,VELEZ RESERVA,20:18:22,22:53:32,Pase,,01:31:32,01:31:32,0.000,8,medio,1,2,3,,,
2022/04/05,COMPLETOVELEZ3,VELEZ RESERVA,20:18:22,22:53:32,Pase,,01:31:51,01:31:51,0.000,4,largo,8,1,16,,,
2022/04/05,COMPLETOVELEZ3,VELEZ RESERVA,20:18:22,22:53:32,Perdida,,01:31:52,01:31:52,0.000,4,Interceptado,8,1,16,,,
2022/04/05,COMPLETOVELEZ3,VELEZ RESERVA,20:18:22,22:53:32,Pelota parada,,01:32:16,01:32:16,0.000,19,Lateral largo,9,3,21,,,
2022/04/05,COMPLETOVELEZ3,VELEZ RESERVA,20:18:22,22:53:32,Remate pie,,01:32:19,01:32:19,0.000,17,Media distancia,,5,Volver,,,
2022/04/05,COMPLETOVELEZ3,VELEZ RESERVA,20:18:22,22:53:32,Perdida,,01:32:20,01:32:20,0.000,17,Balon afuera fondo,,5,Volver,,,
2022/04/05,COMPLETOVELEZ3,VELEZ RESERVA,20:18:22,22:53:32,Pase,,01:33:06,01:33:06,0.000,10,corto,3,10,10,,,
2022/04/05,COMPLETOVELEZ3,VELEZ RESERVA,20:18:22,22:53:32,Pase,,01:33:09,01:33:09,0.000,10,corto,10,3,10,,,
2022/04/05,COMPLETOVELEZ3,VELEZ RESERVA,20:18:22,22:53:32,Perdida,,01:33:10,01:33:10,0.000,10,Balon afuera lateral,10,3,10,,,
2022/04/05,COMPLETOVELEZ3,VELEZ RESERVA,20:18:22,22:53:32,Recuperacion,,01:33:52,01:33:52,0.000,8,Intercepcion,,2,Volver,,,
2022/04/05,COMPLETOVELEZ3,VELEZ RESERVA,20:18:22,22:53:32,Pase,,01:33:54,01:33:54,0.000,8,largo,9,2,11,,,
2022/04/05,COMPLETOVELEZ3,VELEZ RESERVA,20:18:22,22:53:32,Perdida,,01:33:56,01:33:56,0.000,8,Interceptado,9,2,11,,,
2022/04/05,COMPLETOVELEZ3,VELEZ RESERVA,20:18:22,22:53:32,Falta,,01:34:04,01:34:04,0.000,11,Hecha,,5,Volver,,,
2022/04/05,COMPLETOVELEZ3,VELEZ RESERVA,20:18:22,22:53:32,Pase,,01:34:38,01:34:38,0.000,3,corto,6,1,4,,,
2022/04/05,COMPLETOVELEZ3,VELEZ RESERVA,20:18:22,22:53:32,Pase,,01:34:43,01:34:43,0.000,4,largo,9,6,14,,,
2022/04/05,COMPLETOVELEZ3,VELEZ RESERVA,20:18:22,22:53:32,Pase,,01:34:44,01:34:44,0.000,14,corto,10,9,14,,,
2022/04/05,COMPLETOVELEZ3,VELEZ RESERVA,20:18:22,22:53:32,Perdida,,01:34:45,01:34:45,0.000,14,Interceptado,10,9,14,,,
2022/04/05,COMPLETOVELEZ3,VELEZ RESERVA,20:18:22,22:53:32,Recuperacion,,01:34:52,01:34:52,0.000,8,intercepcion anticipo,,2,Volver,,,
2022/04/05,COMPLETOVELEZ3,VELEZ RESERVA,20:18:22,22:53:32,Pase,,01:34:53,01:34:53,0.000,8,corto,7,2,8,,,
2022/04/05,COMPLETOVELEZ3,VELEZ RESERVA,20:18:22,22:53:32,Pase,,01:35:01,01:35:01,0.000,17,inteligente,10,7,21,,,
2022/04/05,COMPLETOVELEZ3,VELEZ RESERVA,20:18:22,22:53:32,Remate pie,,01:35:02,01:35:02,0.000,21,Corta distancia,,10,Volver,,,
2022/04/05,COMPLETOVELEZ3,VELEZ RESERVA,20:18:22,22:53:32,Perdida,,01:35:04,01:35:04,0.000,21,Interceptado,,10,Volver,,,
2022/04/05,COMPLETOVELEZ3,VELEZ RESERVA,20:18:22,22:53:32,Pase,,01:36:14,01:36:14,0.000,4,corto,5,2,8,,,
2022/04/05,COMPLETOVELEZ3,VELEZ RESERVA,20:18:22,22:53:32,Pase,,01:36:20,01:36:20,0.000,8,largo,11,5,16,,,
2022/04/05,COMPLETOVELEZ3,VELEZ RESERVA,20:18:22,22:53:32,Perdida,,01:36:21,01:36:21,0.000,8,Interceptado,11,5,16,,,
2022/04/05,COMPLETOVELEZ3,VELEZ RESERVA,20:18:22,22:53:32,Recuperacion,,01:36:44,01:36:44,0.000,8,Encontrada,,5,Volver,,,
2022/04/05,COMPLETOVELEZ3,VELEZ RESERVA,20:18:22,22:53:32,Falta,,01:36:48,01:36:48,0.000,11,Recibida,,10,Volver,,,
2022/04/05,COMPLETOVELEZ3,VELEZ RESERVA,20:18:22,22:53:32,Pase,,01:37:05,01:37:05,0.000,8,largo,3,2,10,,,
2022/04/05,COMPLETOVELEZ3,VELEZ RESERVA,20:18:22,22:53:32,Pase,,01:37:08,01:37:08,0.000,10,corto,6,3,8,,,
2022/04/05,COMPLETOVELEZ3,VELEZ RESERVA,20:18:22,22:53:32,Pase,,01:37:12,01:37:12,0.000,8,corto,1,6,4,,,
2022/04/05,COMPLETOVELEZ3,VELEZ RESERVA,20:18:22,22:53:32,Pase,,01:37:16,01:37:16,0.000,4,largo,4,1,12,,,
2022/04/05,COMPLETOVELEZ3,VELEZ RESERVA,20:18:22,22:53:32,Pase,,01:37:18,01:37:18,0.000,12,corto,7,4,15,,,
2022/04/05,COMPLETOVELEZ3,VELEZ RESERVA,20:18:22,22:53:32,Perdida,,01:37:19,01:37:19,0.000,15,Duelo,,7,Volver,,,
2022/04/05,COMPLETOVELEZ3,VELEZ RESERVA,20:18:22,22:53:32,Pelota parada,,01:37:26,01:37:26,0.000,18,Lateral largo,9,4,24,,,
2022/04/05,COMPLETOVELEZ3,VELEZ RESERVA,20:18:22,22:53:32,Perdida,,01:37:27,01:37:27,0.000,18,Error tecnico,9,4,24,,,
2022/04/05,COMPLETOVELEZ3,VELEZ RESERVA,20:18:22,22:53:32,Recuperacion,,01:37:34,01:37:34,0.000,17,Duelo,,7,Volver,,,
2022/04/05,COMPLETOVELEZ3,VELEZ RESERVA,20:18:22,22:53:32,Pase,,01:37:37,01:37:37,0.000,14,corto,2,5,11,,,
2022/04/05,COMPLETOVELEZ3,VELEZ RESERVA,20:18:22,22:53:32,Pase,,01:37:41,01:37:41,0.000,11,medio,1,2,4,,,
2022/04/05,COMPLETOVELEZ3,VELEZ RESERVA,20:18:22,22:53:32,Pase,,01:37:45,01:37:45,0.000,4,largo,10,1,11,,,
2022/04/05,COMPLETOVELEZ3,VELEZ RESERVA,20:18:22,22:53:32,Pase,,01:37:46,01:37:46,0.000,11,corto,7,10,15,,,
2022/04/05,COMPLETOVELEZ3,VELEZ RESERVA,20:18:22,22:53:32,Pase,,01:37:48,01:37:48,0.000,15,corto,4,7,12,,,
2022/04/05,COMPLETOVELEZ3,VELEZ RESERVA,20:18:22,22:53:32,Perdida,,01:37:49,01:37:49,0.000,15,Interceptado,4,7,12,,,
2022/04/05,COMPLETOVELEZ3,VELEZ RESERVA,20:18:22,22:53:32,Recuperacion,,01:38:08,01:38:08,0.000,7,Robo,,8,Volver,,,
2022/04/05,COMPLETOVELEZ3,VELEZ RESERVA,20:18:22,22:53:32,Pase,,01:38:09,01:38:09,0.000,7,corto,3,8,2,,,
2022/04/05,COMPLETOVELEZ3,VELEZ RESERVA,20:18:22,22:53:32,Pase,,01:38:10,01:38:10,0.000,2,corto,5,3,7,,,
2022/04/05,COMPLETOVELEZ3,VELEZ RESERVA,20:18:22,22:53:32,Pase,,01:38:12,01:38:12,0.000,7,corto,8,5,7,,,
2022/04/05,COMPLETOVELEZ3,VELEZ RESERVA,20:18:22,22:53:32,Falta,,01:38:15,01:38:15,0.000,7,Recibida,,8,Volver,,,
2022/04/05,COMPLETOVELEZ3,VELEZ RESERVA,20:18:22,22:53:32,Duelo,,01:38:43,01:38:43,0.000,11,Gambeta a favor,,2,Volver,,,
2022/04/05,COMPLETOVELEZ3,VELEZ RESERVA,20:18:22,22:53:32,Pase,,01:38:45,01:38:45,0.000,17,corto,9,2,17,,,
2022/04/05,COMPLETOVELEZ3,VELEZ RESERVA,20:18:22,22:53:32,Remate pie,,01:38:48,01:38:48,0.000,21,Corta distancia,,9,Volver,,,
2022/04/05,COMPLETOVELEZ3,VELEZ RESERVA,20:18:22,22:53:32,Perdida,,01:38:49,01:38:49,0.000,21,Interceptado,,9,Volver,,,
2022/04/05,COMPLETOVELEZ3,VELEZ RESERVA,20:18:22,22:53:32,Pase,,01:53:34,01:53:34,0.000,3,corto,2,1,3,,,
2022/04/05,COMPLETOVELEZ3,VELEZ RESERVA,20:18:22,22:53:32,Pase,,01:53:41,01:53:41,0.000,4,corto,5,2,8,,,
2022/04/05,COMPLETOVELEZ3,VELEZ RESERVA,20:18:22,22:53:32,Pase,,01:53:46,01:53:46,0.000,8,largo,10,5,13,,,
2022/04/05,COMPLETOVELEZ3,VELEZ RESERVA,20:18:22,22:53:32,Pase,,01:53:47,01:53:47,0.000,13,corto,11,10,13,,,
2022/04/05,COMPLETOVELEZ3,VELEZ RESERVA,20:18:22,22:53:32,Perdida,,01:53:48,01:53:48,0.000,13,Interceptado,11,10,13,,,
2022/04/05,COMPLETOVELEZ3,VELEZ RESERVA,20:18:22,22:53:32,Recuperacion,,01:53:49,01:53:49,0.000,14,intercepcion anticipo,,8,Volver,,,
2022/04/05,COMPLETOVELEZ3,VELEZ RESERVA,20:18:22,22:53:32,Pase,,01:53:51,01:53:51,0.000,14,corto,11,8,13,,,
2022/04/05,COMPLETOVELEZ3,VELEZ RESERVA,20:18:22,22:53:32,Perdida,,01:53:54,01:53:54,0.000,16,Robo,,10,,,,
2022/04/05,COMPLETOVELEZ3,VELEZ RESERVA,20:18:22,22:53:32,Pase,,01:55:44,01:55:44,0.000,15,corto,4,7,15,,,
2022/04/05,COMPLETOVELEZ3,VELEZ RESERVA,20:18:22,22:53:32,Perdida,,01:55:45,01:55:45,0.000,15,Interceptado,4,7,15,,,
2022/04/05,COMPLETOVELEZ3,VELEZ RESERVA,20:18:22,22:53:32,Recuperacion,,01:55:48,01:55:48,0.000,12,Duelo,,2,Volver,,,
2022/04/05,COMPLETOVELEZ3,VELEZ RESERVA,20:18:22,22:53:32,Pase,,01:55:51,01:55:51,0.000,14,corto,11,9,14,,,
2022/04/05,COMPLETOVELEZ3,VELEZ RESERVA,20:18:22,22:53:32,Pase,,01:55:54,01:55:54,0.000,14,corto,10,11,17,,,
2022/04/05,COMPLETOVELEZ3,VELEZ RESERVA,20:18:22,22:53:32,Pase,,01:55:58,01:55:58,0.000,17,corto,9,10,21,,,
2022/04/05,COMPLETOVELEZ3,VELEZ RESERVA,20:18:22,22:53:32,Perdida,,01:56:00,01:56:00,0.000,17,Error tecnico,,10,Volver,,,
2022/04/05,COMPLETOVELEZ3,VELEZ RESERVA,20:18:22,22:53:32,Recuperacion,,01:56:25,01:56:25,0.000,1,Robo,,3,Volver,,,
2022/04/05,COMPLETOVELEZ3,VELEZ RESERVA,20:18:22,22:53:32,Pase,,01:56:51,01:56:51,0.000,8,largo,11,2,11,,,
2022/04/05,COMPLETOVELEZ3,VELEZ RESERVA,20:18:22,22:53:32,Pase,,01:56:53,01:56:53,0.000,11,corto,3,11,10,,,
2022/04/05,COMPLETOVELEZ3,VELEZ RESERVA,20:18:22,22:53:32,Pase,,01:56:56,01:56:56,0.000,10,medio,8,3,16,,,
2022/04/05,COMPLETOVELEZ3,VELEZ RESERVA,20:18:22,22:53:32,Perdida,,01:56:58,01:56:58,0.000,16,Balon afuera lateral,,8,Volver,,,
2022/04/05,COMPLETOVELEZ3,VELEZ RESERVA,20:18:22,22:53:32,Pelota parada,,01:57:10,01:57:10,0.000,16,Lateral corto,8,3,16,,,
2022/04/05,COMPLETOVELEZ3,VELEZ RESERVA,20:18:22,22:53:32,Perdida,,01:57:13,01:57:13,0.000,17,Duelo,,8,Volver,,,
2022/04/05,COMPLETOVELEZ3,VELEZ RESERVA,20:18:22,22:53:32,Pase,,01:58:00,01:58:00,0.000,11,corto,5,2,11,,,
2022/04/05,COMPLETOVELEZ3,VELEZ RESERVA,20:18:22,22:53:32,Pase,,01:58:03,01:58:03,0.000,11,corto,4,5,12,,,
2022/04/05,COMPLETOVELEZ3,VELEZ RESERVA,20:18:22,22:53:32,Pase,,01:58:06,01:58:06,0.000,15,corto,7,4,18,,,
2022/04/05,COMPLETOVELEZ3,VELEZ RESERVA,20:18:22,22:53:32,Pase,,01:58:08,01:58:08,0.000,24,centro aereo,9,7,21,,,
2022/04/05,COMPLETOVELEZ3,VELEZ RESERVA,20:18:22,22:53:32,Perdida,,01:58:10,01:58:10,0.000,24,Error tecnico,,7,Volver,,,
2022/04/05,COMPLETOVELEZ3,VELEZ RESERVA,20:18:22,22:53:32,Recuperacion,,01:58:22,01:58:22,0.000,14,intercepcion anticipo,,8,Volver,,,
2022/04/05,COMPLETOVELEZ3,VELEZ RESERVA,20:18:22,22:53:32,Pase,,01:58:23,01:58:23,0.000,14,corto,3,8,10,,,
2022/04/05,COMPLETOVELEZ3,VELEZ RESERVA,20:18:22,22:53:32,Pase,,01:58:28,01:58:28,0.000,10,medio,1,3,4,,,
2022/04/05,COMPLETOVELEZ3,VELEZ RESERVA,20:18:22,22:53:32,Pase,,01:58:31,01:58:31,0.000,4,largo,4,1,12,,,
2022/04/05,COMPLETOVELEZ3,VELEZ RESERVA,20:18:22,22:53:32,Perdida,,01:58:32,01:58:32,0.000,4,Error tecnico,,1,Volver,,,
2022/04/05,COMPLETOVELEZ3,VELEZ RESERVA,20:18:22,22:53:32,Recuperacion,,01:58:57,01:58:57,0.000,8,Robo,,2,Volver,,,
2022/04/05,COMPLETOVELEZ3,VELEZ RESERVA,20:18:22,22:53:32,Pase,,01:59:01,01:59:01,0.000,8,medio,7,8,15,,,
2022/04/05,COMPLETOVELEZ3,VELEZ RESERVA,20:18:22,22:53:32,Falta,,01:59:10,01:59:10,0.000,15,Recibida,,7,Volver,,,
2022/04/05,COMPLETOVELEZ3,VELEZ RESERVA,20:18:22,22:53:32,Pelota parada,,01:59:38,01:59:38,0.000,15,Tiro libre,9,4,23,,,
2022/04/05,COMPLETOVELEZ3,VELEZ RESERVA,20:18:22,22:53:32,Pase,,01:59:41,01:59:41,0.000,23,corto,7,9,24,,,
2022/04/05,COMPLETOVELEZ3,VELEZ RESERVA,20:18:22,22:53:32,Pelota parada,,02:00:48,02:00:48,0.000,24,Lateral largo,9,4,23,,,
2022/04/05,COMPLETOVELEZ3,VELEZ RESERVA,20:18:22,22:53:32,Recuperacion,,02:00:52,02:00:52,0.000,17,Intercepcion,,5,Volver,,,
2022/04/05,COMPLETOVELEZ3,VELEZ RESERVA,20:18:22,22:53:32,Pase,,02:00:52,02:00:52,0.000,17,corto,3,5,17,,,
2022/04/05,COMPLETOVELEZ3,VELEZ RESERVA,20:18:22,22:53:32,Pase,,02:00:53,02:00:53,0.000,17,corto,8,3,17,,,
2022/04/05,COMPLETOVELEZ3,VELEZ RESERVA,20:18:22,22:53:32,Perdida,,02:00:54,02:00:54,0.000,17,Error tecnico,,3,Volver,,,
2022/04/05,COMPLETOVELEZ3,VELEZ RESERVA,20:18:22,22:53:32,Pase,,02:01:00,02:01:00,0.000,17,corto,4,21,17,,,
2022/04/05,COMPLETOVELEZ3,VELEZ RESERVA,20:18:22,22:53:32,Pase,,02:01:04,02:01:04,0.000,17,corto,7,4,24,,,
2022/04/05,COMPLETOVELEZ3,VELEZ RESERVA,20:18:22,22:53:32,Perdida,,02:01:07,02:01:07,0.000,17,Interceptado,7,21,24,,,
2022/04/05,COMPLETOVELEZ3,VELEZ RESERVA,20:18:22,22:53:32,Falta,,02:01:30,02:01:30,0.000,18,Hecha,,21,Volver,,,
2022/04/05,COMPLETOVELEZ3,VELEZ RESERVA,20:18:22,22:53:32,Pase,,02:01:38,02:01:38,0.000,18,corto,21,9,17,,,
2022/04/05,COMPLETOVELEZ3,VELEZ RESERVA,20:18:22,22:53:32,Perdida,,02:01:40,02:01:40,0.000,18,Interceptado,21,9,17,,,
2022/04/05,COMPLETOVELEZ3,VELEZ RESERVA,20:18:22,22:53:32,Recuperacion,,02:02:05,02:02:05,0.000,11,Encontrada,,8,Volver,,,
2022/04/05,COMPLETOVELEZ3,VELEZ RESERVA,20:18:22,22:53:32,Pase,,02:02:05,02:02:05,0.000,11,largo,9,8,17,,,
2022/04/05,COMPLETOVELEZ3,VELEZ RESERVA,20:18:22,22:53:32,Perdida,,02:02:07,02:02:07,0.000,17,Duelo,,9,Volver,,,
2022/04/05,COMPLETOVELEZ3,VELEZ RESERVA,20:18:22,22:53:32,Falta,,02:02:18,02:02:18,0.000,13,Recibida,,8,Volver,,,
2022/04/05,COMPLETOVELEZ3,VELEZ RESERVA,20:18:22,22:53:32,Pelota parada,,02:02:43,02:02:43,0.000,13,Tiro libre,4,3,18,,,
2022/04/05,COMPLETOVELEZ3,VELEZ RESERVA,20:18:22,22:53:32,Pase,,02:02:47,02:02:47,0.000,18,largo,8,4,20,,,
2022/04/05,COMPLETOVELEZ3,VELEZ RESERVA,20:18:22,22:53:32,Remate pie,,02:02:50,02:02:50,0.000,20,Corta distancia,,8,Volver,,,
2022/04/05,COMPLETOVELEZ3,VELEZ RESERVA,20:18:22,22:53:32,Perdida,,02:02:51,02:02:51,0.000,20,Atajada,,8,Volver,,,
2022/04/05,COMPLETOVELEZ3,VELEZ RESERVA,20:18:22,22:53:32,Falta,,02:03:01,02:03:01,0.000,13,Hecha,,3,Volver,,,
2022/04/05,COMPLETOVELEZ3,VELEZ RESERVA,20:18:22,22:53:32,Pase,,02:04:19,02:04:19,0.000,9,corto,4,2,9,,,
2022/04/05,COMPLETOVELEZ3,VELEZ RESERVA,20:18:22,22:53:32,Pase,,02:04:24,02:04:24,0.000,9,largo,7,4,18,,,
2022/04/05,COMPLETOVELEZ3,VELEZ RESERVA,20:18:22,22:53:32,Perdida,,02:04:26,02:04:26,0.000,9,Interceptado,7,4,18,,,
2022/04/05,COMPLETOVELEZ3,VELEZ RESERVA,20:18:22,22:53:32,Recuperacion,,02:04:58,02:04:58,0.000,7,Encontrada,,16,Volver,,,
2022/04/05,COMPLETOVELEZ3,VELEZ RESERVA,20:18:22,22:53:32,Pase,,02:06:22,02:06:22,0.000,3,S arquero pie,6,1,4,,,
2022/04/05,COMPLETOVELEZ3,VELEZ RESERVA,20:18:22,22:53:32,Pase,,02:06:24,02:06:24,0.000,4,corto,3,6,7,,,
2022/04/05,COMPLETOVELEZ3,VELEZ RESERVA,20:18:22,22:53:32,Pase,,02:06:28,02:06:28,0.000,7,largo,9,3,14,,,
2022/04/05,COMPLETOVELEZ3,VELEZ RESERVA,20:18:22,22:53:32,Falta,,02:06:32,02:06:32,0.000,14,Hecha,,9,Volver,,,
2022/04/05,COMPLETOVELEZ3,VELEZ RESERVA,20:18:22,22:53:32,Pelota parada,,02:07:02,02:07:02,0.000,10,Lateral largo,21,3,13,,,
2022/04/05,COMPLETOVELEZ3,VELEZ RESERVA,20:18:22,22:53:32,Perdida,,02:07:03,02:07:03,0.000,10,Interceptado,21,3,13,,,
2022/04/05,COMPLETOVELEZ3,VELEZ RESERVA,20:18:22,22:53:32,Recuperacion,,02:07:04,02:07:04,0.000,11,Encontrada,,6,Volver,,,
2022/04/05,COMPLETOVELEZ3,VELEZ RESERVA,20:18:22,22:53:32,Pase,,02:07:07,02:07:07,0.000,11,largo,9,6,17,,,
2022/04/05,COMPLETOVELEZ3,VELEZ RESERVA,20:18:22,22:53:32,Perdida,,02:07:08,02:07:08,0.000,11,Interceptado,9,6,17,,,
2022/04/05,COMPLETOVELEZ3,VELEZ RESERVA,20:18:22,22:53:32,Recuperacion,,02:07:15,02:07:15,0.000,17,Encontrada,,19,Volver,,,
2022/04/05,COMPLETOVELEZ3,VELEZ RESERVA,20:18:22,22:53:32,Pase,,02:07:17,02:07:17,0.000,17,corto,21,19,17,,,
2022/04/05,COMPLETOVELEZ3,VELEZ RESERVA,20:18:22,22:53:32,Perdida,,02:07:18,02:07:18,0.000,17,Interceptado,21,19,17,,,
2022/04/05,COMPLETOVELEZ3,VELEZ RESERVA,20:18:22,22:53:32,Pase,,02:08:04,02:08:04,0.000,9,corto,1,2,4,,,
2022/04/05,COMPLETOVELEZ3,VELEZ RESERVA,20:18:22,22:53:32,Pase,,02:08:09,02:08:09,0.000,4,medio,5,1,8,,,
2022/04/05,COMPLETOVELEZ3,VELEZ RESERVA,20:18:22,22:53:32,Perdida,,02:08:10,02:08:10,0.000,4,Error tecnico,,1,Volver,,,
2022/04/05,COMPLETOVELEZ3,VELEZ RESERVA,20:18:22,22:53:32,Falta,,02:08:18,02:08:18,0.000,8,Hecha,,16,Volver,,,
2022/04/05,COMPLETOVELEZ3,VELEZ RESERVA,20:18:22,22:53:32,Tarjeta,,02:08:22,02:08:22,0.000,8,Amarilla,,16,Volver,,,
2022/04/05,COMPLETOVELEZ3,VELEZ RESERVA,20:18:22,22:53:32,Pase,,02:09:40,02:09:40,0.000,13,corto,3,8,10,,,
2022/04/05,COMPLETOVELEZ3,VELEZ RESERVA,20:18:22,22:53:32,Pase,,02:09:44,02:09:44,0.000,10,largo,19,3,16,,,
2022/04/05,COMPLETOVELEZ3,VELEZ RESERVA,20:18:22,22:53:32,Falta,,02:10:10,02:10:10,0.000,14,Hecha,,3,Volver,,,
2022/04/05,COMPLETOVELEZ3,VELEZ RESERVA,20:18:22,22:53:32,Recuperacion,,02:10:46,02:10:46,0.000,8,Robo,,19,Volver,,,
2022/04/05,COMPLETOVELEZ3,VELEZ RESERVA,20:18:22,22:53:32,Duelo,,02:10:51,02:10:51,0.000,10,Gambeta a favor,,19,Volver,,,
2022/04/05,COMPLETOVELEZ3,VELEZ RESERVA,20:18:22,22:53:32,Falta,,02:10:55,02:10:55,0.000,13,Recibida,,19,Volver,,,
2022/04/05,COMPLETOVELEZ3,VELEZ RESERVA,20:18:22,22:53:32,Pelota parada,,02:11:23,02:11:23,0.000,13,Tiro libre,21,3,17,,,
2022/04/05,COMPLETOVELEZ3,VELEZ RESERVA,20:18:22,22:53:32,Perdida,,02:11:25,02:11:25,0.000,13,intercepcion aereo,21,3,17,,,
2022/04/05,COMPLETOVELEZ3,VELEZ RESERVA,20:18:22,22:53:32,Recuperacion,,02:13:09,02:13:09,0.000,8,Robo,,5,Volver,,,
2022/04/05,COMPLETOVELEZ3,VELEZ RESERVA,20:18:22,22:53:32,Duelo,,02:13:12,02:13:12,0.000,12,Gambeta a favor,,5,Volver,,,
2022/04/05,COMPLETOVELEZ3,VELEZ RESERVA,20:18:22,22:53:32,Pase,,02:13:15,02:13:15,0.000,12,corto,19,5,15,,,
2022/04/05,COMPLETOVELEZ3,VELEZ RESERVA,20:18:22,22:53:32,Perdida,,02:13:16,02:13:16,0.000,12,Interceptado,19,5,15,,,
2022/04/05,COMPLETOVELEZ3,VELEZ RESERVA,20:18:22,22:53:32,Pase,,02:14:34,02:14:34,0.000,3,S arquero pie,9,1,17,,,
2022/04/05,COMPLETOVELEZ3,VELEZ RESERVA,20:18:22,22:53:32,Perdida,,02:14:35,02:14:35,0.000,17,Duelo,,9,Volver,,,
2022/04/05,COMPLETOVELEZ3,VELEZ RESERVA,20:18:22,22:53:32,Recuperacion,,02:14:37,02:14:37,0.000,14,Intercepcion,,5,Volver,,,
2022/04/05,COMPLETOVELEZ3,VELEZ RESERVA,20:18:22,22:53:32,Pase,,02:14:40,02:14:40,0.000,14,corto,4,5,9,,,
2022/04/05,COMPLETOVELEZ3,VELEZ RESERVA,20:18:22,22:53:32,Pase,,02:14:43,02:14:43,0.000,9,largo,19,4,15,,,
2022/04/05,COMPLETOVELEZ3,VELEZ RESERVA,20:18:22,22:53:32,Perdida,,02:14:44,02:14:44,0.000,9,Interceptado,19,4,15,,,
2022/04/05,COMPLETOVELEZ3,VELEZ RESERVA,20:18:22,22:53:32,Despeje,,02:15:04,02:15:04,0.000,8,Despeje,,2,Volver,,,
2022/04/05,COMPLETOVELEZ3,VELEZ RESERVA,20:18:22,22:53:32,Pase,,02:15:05,02:15:05,0.000,8,largo,21,2,11,,,
2022/04/05,COMPLETOVELEZ3,VELEZ RESERVA,20:18:22,22:53:32,Pase,,02:15:07,02:15:07,0.000,11,corto,16,21,14,,,
2022/04/05,COMPLETOVELEZ3,VELEZ RESERVA,20:18:22,22:53:32,Perdida,,02:15:08,02:15:08,0.000,14,Robo,,21,Volver,,,
2022/04/05,COMPLETOVELEZ3,VELEZ RESERVA,20:18:22,22:53:32,Pase,,02:15:41,02:15:41,0.000,3,largo,9,1,14,,,
2022/04/05,COMPLETOVELEZ3,VELEZ RESERVA,20:18:22,22:53:32,Perdida,,02:15:41,02:15:41,0.000,14,Duelo,,9,Volver,,,
2022/04/05,COMPLETOVELEZ3,VELEZ RESERVA,20:18:22,22:53:32,Recuperacion,,02:15:43,02:15:43,0.000,14,Encontrada,,19,Volver,,,
2022/04/05,COMPLETOVELEZ3,VELEZ RESERVA,20:18:22,22:53:32,Pase,,02:15:45,02:15:45,0.000,14,medio,9,19,18,,,
2022/04/05,COMPLETOVELEZ3,VELEZ RESERVA,20:18:22,22:53:32,Perdida,,02:15:49,02:15:49,0.000,14,Interceptado,9,19,18,,,
2022/04/05,COMPLETOVELEZ3,VELEZ RESERVA,20:18:22,22:53:32,Recuperacion,,02:16:18,02:16:18,0.000,4,Encontrada,,6,Volver,,,
2022/04/05,COMPLETOVELEZ3,VELEZ RESERVA,20:18:22,22:53:32,Pase,,02:16:19,02:16:19,0.000,4,largo,21,6,11,,,
2022/04/05,COMPLETOVELEZ3,VELEZ RESERVA,20:18:22,22:53:32,Pase,,02:17:31,02:17:31,0.000,3,S arquero pie,19,1,14,,,
2022/04/05,COMPLETOVELEZ3,VELEZ RESERVA,20:18:22,22:53:32,Perdida,,02:17:31,02:17:31,0.000,14,Duelo,,19,Volver,,,
2022/04/05,COMPLETOVELEZ3,VELEZ RESERVA,20:18:22,22:53:32,Recuperacion,,02:17:45,02:17:45,0.000,18,Robo,,19,Volver,,,
2022/04/05,COMPLETOVELEZ3,VELEZ RESERVA,20:18:22,22:53:32,Pase,,02:17:54,02:17:54,0.000,24,largo,8,19,17,,,
2022/04/05,COMPLETOVELEZ3,VELEZ RESERVA,20:18:22,22:53:32,Remate pie,,02:18:00,02:18:00,0.000,17,Media distancia,,8,Volver,,,
2022/04/05,COMPLETOVELEZ3,VELEZ RESERVA,20:18:22,22:53:32,Perdida,,02:18:01,02:18:01,0.000,17,Balon afuera fondo,,8,Volver,,,
2022/04/05,COMPLETOVELEZ3,VELEZ RESERVA,20:18:22,22:53:32,Recuperacion,,02:18:20,02:18:20,0.000,8,Duelo,,2,Volver,,,
2022/04/05,COMPLETOVELEZ3,VELEZ RESERVA,20:18:22,22:53:32,Pase,,02:18:22,02:18:22,0.000,8,corto,8,4,8,,,
2022/04/05,COMPLETOVELEZ3,VELEZ RESERVA,20:18:22,22:53:32,Pase,,02:18:30,02:18:30,0.000,8,largo,9,6,16,,,
2022/04/05,COMPLETOVELEZ3,VELEZ RESERVA,20:18:22,22:53:32,Recuperacion,,02:18:32,02:18:32,0.000,17,Encontrada,,21,Volver,,,
2022/04/05,COMPLETOVELEZ3,VELEZ RESERVA,20:18:22,22:53:32,Falta,,02:18:39,02:18:39,0.000,17,Hecha,,21,Volver,,,
2022/04/05,COMPLETOVELEZ3,VELEZ RESERVA,20:18:22,22:53:32,Tarjeta,,02:18:42,02:18:42,0.000,17,Amarilla,,21,,,,
2022/04/05,COMPLETOVELEZ3,VELEZ RESERVA,20:18:22,22:53:32,Recuperacion,,02:19:56,02:19:56,0.000,11,Robo,,5,Volver,,,
2022/04/05,COMPLETOVELEZ3,VELEZ RESERVA,20:18:22,22:53:32,Pase,,02:20:03,02:20:03,0.000,11,largo,21,5,24,,,
2022/04/05,COMPLETOVELEZ3,VELEZ RESERVA,20:18:22,22:53:32,Perdida,,02:20:04,02:20:04,0.000,11,Interceptado,21,5,24,,,
2022/04/05,COMPLETOVELEZ3,VELEZ RESERVA,20:18:22,22:53:32,Falta,,02:20:10,02:20:10,0.000,24,Hecha,,21,Volver,,,
2022/04/05,COMPLETOVELEZ3,VELEZ RESERVA,20:18:22,22:53:32,Duelo,,02:20:38,02:20:38,0.000,2,Disputa suelo,,3,Volver,,,
2022/04/05,COMPLETOVELEZ3,VELEZ RESERVA,20:18:22,22:53:32,Pase,,02:21:03,02:21:03,0.000,3,S arquero pie,9,1,16,,,
2022/04/05,COMPLETOVELEZ3,VELEZ RESERVA,20:18:22,22:53:32,Pase,,02:21:07,02:21:07,0.000,16,corto,19,9,16,,,
2022/04/05,COMPLETOVELEZ3,VELEZ RESERVA,20:18:22,22:53:32,Pase,,02:21:05,02:21:05,0.000,16,corto,16,9,16,,,
2022/04/05,COMPLETOVELEZ3,VELEZ RESERVA,20:18:22,22:53:32,Pelota parada,,02:21:25,02:21:25,0.000,19,Lateral corto,16,3,19,,,
2022/04/05,COMPLETOVELEZ3,VELEZ RESERVA,20:18:22,22:53:32,Pase,,02:21:26,02:21:26,0.000,19,corto,9,16,20,,,
2022/04/05,COMPLETOVELEZ3,VELEZ RESERVA,20:18:22,22:53:32,Pase,,02:21:30,02:21:30,0.000,20,corto,5,9,17,,,
2022/04/05,COMPLETOVELEZ3,VELEZ RESERVA,20:18:22,22:53:32,Remate pie,,02:21:31,02:21:31,0.000,17,Media distancia,,5,Volver,,,
2022/04/05,COMPLETOVELEZ3,VELEZ RESERVA,20:18:22,22:53:32,Perdida,,02:21:32,02:21:32,0.000,17,Balon afuera fondo,,5,Volver,,,
2022/04/05,COMPLETOVELEZ3,VELEZ RESERVA,20:18:22,22:53:32,Recuperacion,,02:21:53,02:21:53,0.000,15,Robo,,19,Volver,,,
2022/04/05,COMPLETOVELEZ3,VELEZ RESERVA,20:18:22,22:53:32,Duelo,,02:21:55,02:21:55,0.000,18,Gambeta a favor,,19,Volver,,,
2022/04/05,COMPLETOVELEZ3,VELEZ RESERVA,20:18:22,22:53:32,Perdida,,02:21:58,02:21:58,0.000,18,Duelo,,19,Volver,,,
2022/04/05,COMPLETOVELEZ3,VELEZ RESERVA,20:18:22,22:53:32,Falta,,02:21:59,02:21:59,0.000,17,Hecha,,19,Volver,,,
2022/04/05,COMPLETOVELEZ3,VELEZ RESERVA,20:18:22,22:53:32,Recuperacion,,02:22:18,02:22:18,0.000,8,Duelo,,16,Volver,,,
2022/04/05,COMPLETOVELEZ3,VELEZ RESERVA,20:18:22,22:53:32,Pase,,02:22:23,02:22:23,0.000,7,largo,21,16,14,,,
2022/04/05,COMPLETOVELEZ3,VELEZ RESERVA,20:18:22,22:53:32,Perdida,,02:22:25,02:22:25,0.000,7,Interceptado,21,16,14,,,
2022/04/05,COMPLETOVELEZ3,VELEZ RESERVA,20:18:22,22:53:32,Recuperacion,,02:22:42,02:22:42,0.000,4,Robo,,3,Volver,,,
2022/04/05,COMPLETOVELEZ3,VELEZ RESERVA,20:18:22,22:53:32,Pase,,02:22:48,02:22:48,0.000,3,largo,Rival,1,18,,,
2022/04/05,COMPLETOVELEZ3,VELEZ RESERVA,20:18:22,22:53:32,Perdida,,02:22:49,02:22:49,0.000,3,Error tecnico,,1,Volver,,,
2022/04/05,COMPLETOVELEZ3,VELEZ RESERVA,20:18:22,22:53:32,Recuperacion,,02:23:10,02:23:10,0.000,8,Robo,,16,Volver,,,
2022/04/05,COMPLETOVELEZ3,VELEZ RESERVA,20:18:22,22:53:32,Pase,,02:23:17,02:23:17,0.000,9,largo,21,4,18,,,
2022/04/05,COMPLETOVELEZ3,VELEZ RESERVA,20:18:22,22:53:32,Pase,,02:23:22,02:23:22,0.000,24,centro aereo,9,21,20,,,
2022/04/05,COMPLETOVELEZ3,VELEZ RESERVA,20:18:22,22:53:32,Perdida,,02:23:25,02:23:25,0.000,20,Atajada,,9,Volver,,,
2022/04/05,COMPLETOVELEZ3,VELEZ RESERVA,20:18:22,22:53:32,Pase,,02:23:38,02:23:38,0.000,12,largo,19,4,14,,,
2022/04/05,COMPLETOVELEZ3,VELEZ RESERVA,20:18:22,22:53:32,Falta,,02:24:05,02:24:05,0.000,17,Recibida,,19,Volver,,,
2022/04/05,COMPLETOVELEZ3,VELEZ RESERVA,20:18:22,22:53:32,Pelota parada,,02:24:46,02:24:46,0.000,17,Tiro libre,,3,Volver,,,
2022/04/05,COMPLETOVELEZ3,VELEZ RESERVA,20:18:22,22:53:32,Perdida,,02:24:49,02:24:49,0.000,17,Interceptado,,3,Volver,,,
2022/04/05,COMPLETOVELEZ3,VELEZ RESERVA,20:18:22,22:53:32,Recuperacion,,02:25:04,02:25:04,0.000,11,Robo,,19,Volver,,,
2022/04/05,COMPLETOVELEZ3,VELEZ RESERVA,20:18:22,22:53:32,Falta,,02:25:11,02:25:11,0.000,17,Recibida,,9,Volver,,,
2022/04/05,COMPLETOVELEZ3,VELEZ RESERVA,20:18:22,22:53:32,Pelota parada,,02:25:27,02:25:27,0.000,17,Tiro libre,19,16,18,,,
2022/04/05,COMPLETOVELEZ3,VELEZ RESERVA,20:18:22,22:53:32,Duelo,,02:25:30,02:25:30,0.000,18,Gambeta a favor,,19,Volver,,,
2022/04/05,COMPLETOVELEZ3,VELEZ RESERVA,20:18:22,22:53:32,Pase,,02:25:33,02:25:33,0.000,17,corto,3,19,17,,,
2022/04/05,COMPLETOVELEZ3,VELEZ RESERVA,20:18:22,22:53:32,Pase,,02:25:35,02:25:35,0.000,17,corto,18,3,16,,,
2022/04/05,COMPLETOVELEZ3,VELEZ RESERVA,20:18:22,22:53:32,Perdida,,02:25:40,02:25:40,0.000,20,Duelo,,18,Volver,,,
2022/04/05,COMPLETOVELEZ3,VELEZ RESERVA,20:18:22,22:53:32,Recuperacion,,02:25:46,02:25:46,0.000,7,Intercepcion aereo,,6,Volver,,,
2022/04/05,COMPLETOVELEZ3,VELEZ RESERVA,20:18:22,22:53:32,Pase,,02:25:49,02:25:49,0.000,7,medio,1,6,3,,,
2022/04/05,COMPLETOVELEZ3,VELEZ RESERVA,20:18:22,22:53:32,Pase,,02:25:54,02:25:54,0.000,3,largo,3,1,10,,,
2022/04/05,COMPLETOVELEZ3,VELEZ RESERVA,20:18:22,22:53:32,Recuperacion,,02:25:55,02:25:55,0.000,10,Robo,,19,Volver,,,
2022/04/05,COMPLETOVELEZ3,VELEZ RESERVA,20:18:22,22:53:32,Perdida,,02:25:59,02:25:59,0.000,10,Duelo,,19,Volver,,,
2022/04/05,COMPLETOVELEZ3,VELEZ RESERVA,20:18:22,22:53:32,Recuperacion,,02:26:06,02:26:06,0.000,7,Intercepcion,,19,Volver,,,
2022/04/05,COMPLETOVELEZ3,VELEZ RESERVA,20:18:22,22:53:32,Pase,,02:26:07,02:26:07,0.000,7,corto,3,19,7,,,
2022/04/05,COMPLETOVELEZ3,VELEZ RESERVA,20:18:22,22:53:32,Pase,,02:26:11,02:26:11,0.000,7,corto,1,3,3,,,
2022/04/05,COMPLETOVELEZ3,VELEZ RESERVA,20:18:22,22:53:32,Perdida,,02:26:11,02:26:11,0.000,7,Error tecnico,,3,Volver,,,
2022/04/05,COMPLETOVELEZ3,VELEZ RESERVA,20:18:22,22:53:32,Arquero,,02:26:12,02:26:12,0.000,3,Salvada/Atajada,,1,Volver,,Facil,
2022/04/05,COMPLETOVELEZ3,VELEZ RESERVA,20:18:22,22:53:32,Recuperacion,,02:26:23,02:26:23,0.000,8,Robo,,21,Volver,,,
2022/04/05,COMPLETOVELEZ3,VELEZ RESERVA,20:18:22,22:53:32,Pase,,02:26:30,02:26:30,0.000,18,largo,18,21,20,,,
2022/04/05,COMPLETOVELEZ3,VELEZ RESERVA,20:18:22,22:53:32,Pase,,02:26:38,02:26:38,0.000,19,corto,3,18,16,,,
2022/04/05,COMPLETOVELEZ3,VELEZ RESERVA,20:18:22,22:53:32,Pase,,02:26:40,02:26:40,0.000,16,corto,19,3,20,,,
2022/04/05,COMPLETOVELEZ3,VELEZ RESERVA,20:18:22,22:53:32,Pase,,02:26:41,02:26:41,0.000,20,corto,9,19,21,,,
2022/04/05,COMPLETOVELEZ3,VELEZ RESERVA,20:18:22,22:53:32,Remate pie,,02:26:42,02:26:42,0.000,21,Corta distancia,,9,Volver,,,
2022/04/05,COMPLETOVELEZ3,VELEZ RESERVA,20:18:22,22:53:32,Perdida,,02:26:43,02:26:43,0.000,21,Atajada,,9,Volver,,,
2022/04/05,COMPLETOVELEZ3,VELEZ RESERVA,20:18:22,22:53:32,Pase,,02:27:29,02:27:29,0.000,10,corto,3,18,10,,,
2022/04/05,COMPLETOVELEZ3,VELEZ RESERVA,20:18:22,22:53:32,Pelota parada,,02:28:09,02:28:09,0.000,6,Lateral largo,19,4,9,,,
2022/04/05,COMPLETOVELEZ3,VELEZ RESERVA,20:18:22,22:53:32,Pase,,02:28:13,02:28:13,0.000,9,largo,9,19,12,,,
2022/04/05,COMPLETOVELEZ3,VELEZ RESERVA,20:18:22,22:53:32,Perdida,,02:28:16,02:28:16,0.000,12,Balon afuera lateral,,9,Volver,,,
2022/04/05,COMPLETOVELEZ3,VELEZ RESERVA,20:18:22,22:53:32,Pelota parada,,02:28:37,02:28:37,0.000,12,Lateral largo,9,4,18,,,
2022/04/05,COMPLETOVELEZ3,VELEZ RESERVA,20:18:22,22:53:32,Pase,,02:28:36,02:28:36,0.000,18,corto,18,9,14,,,
2022/04/05,COMPLETOVELEZ3,VELEZ RESERVA,20:18:22,22:53:32,Falta,,02:28:42,02:28:42,0.000,17,Recibida,,18,Volver,,,
2022/04/05,COMPLETOVELEZ3,VELEZ RESERVA,20:18:22,22:53:32,Pelota parada,,02:29:29,02:29:29,0.000,17,Tiro libre,,18,Volver,,,
2022/04/05,COMPLETOVELEZ3,VELEZ RESERVA,20:18:22,22:53:32,Perdida,,02:29:30,02:29:30,0.000,17,Interceptado,,18,Volver,,,
