Equipo,tiempo,Minuto.video,Evento,Subevento,Jugador.1,Jugador.2,coord.inicial,coord.final,partido,segundos,remate-Gol,remate-Fuera,remate-Al-arco,remate-Interceptado,remate-Cabeza,pase-Asistencia,pase-Completado,pase-Interceptado,pase-Fuera,pase-Inteligente,centro-Asistencia,centro-Completado,centro-Interceptado,centro-Bloqueado,centro-Fuera,duelo-Aereo-Perdido,duelo-Aereo-Ganado,duelo-Disputa-suelo-Perdida,duelo-Disputa-suelo-Ganada,duelo-Gambeta-contra-Ganada,duelo-Gambeta-contra-Perdida,duelo-Gambeta-favor-Perdida,duelo-Gambeta-favor-Ganada,duelo-Pivote-Perdido,duelo-Pivote-Ganado,falta-Cometida,falta-Recibida,falta-Penal-cometido,falta-Penal-recibido,falta-Offside,falta-Tarjeta-amarilla,falta-Tarjeta-roja,recuperacion-Robo,recuperacion-Encontrada,recuperacion-Intercepcion-suelo,recuperacion-Intercepcion-aereo,recuperacion-Intercepcion-anticipo,recuperacion-Disputa-suelo,parado-Lateral-interceptado,parado-Lateral-completado,parado-Corner-interceptado,parado-Corner-completado,parado-Tiro-libre-incompleto,parado-Tiro-libre-completado,perdida-Gambeta-favor,perdida-Robo,perdida-Intercepcion,perdida-Error-tecnico,perdida-Balon-fuera,perdida-Situacion-rival,perdida-Atajada,arquero-Gol-rival,arquero-Atajada,arquero-Intercepcion-aerea,arquero-Intercepcion,arquero-Anticipo,arquero-Saque-mano,arquero-Saque-pie,arquero-Saque-meta,Temporada,Partido,Numero_jugador,Apellido,Estado
Estudiantes,INDEPTE_FECHA4_ACCIONES,10,pelota parada,lateral largo,4.0,Rival,"31,135","78,141",Independiente,941.0,0,0,0,0,0,0,0,0,0,0,0,0,0,0,0,0,0,0,0,0,0,0,0,0,0,0,0,0,0,0,0,0,0,0,0,0,0,0,0,1,0,0,0,0,0,0,0,0,0,0,0,0,0,0,0,0,0,0,0,Temp 02-2022,Independiente,4.0,Caccace,Titular
Estudiantes,INDEPTE_FECHA4_ACCIONES,10,perdida,intercepcion aereo,4.0,9,"7,153","82,147",Independiente,941.0,0,0,0,0,0,0,0,0,0,0,0,0,0,0,0,0,0,0,0,0,0,0,0,0,0,0,0,0,0,0,0,0,0,0,0,0,0,0,0,0,0,0,0,0,0,0,1,0,0,0,0,0,0,0,0,0,0,0,0,Temp 02-2022,Independiente,4.0,Caccace,Titular
Estudiantes,INDEPTE_FECHA4_ACCIONES,10,recuperacion,encontrada,8.0,,"75,155",,Independiente,967.0,0,0,0,0,0,0,0,0,0,0,0,0,0,0,0,0,0,0,0,0,0,0,0,0,0,0,0,0,0,0,0,0,0,1,0,0,0,0,0,0,0,0,0,0,0,0,0,0,0,0,0,0,0,0,0,0,0,0,0,Temp 02-2022,Independiente,8.0,Trombini,Titular
Estudiantes,INDEPTE_FECHA4_ACCIONES,10,perdida,duelo,8.0,,"75,141",,Independiente,970.0,0,0,0,0,0,0,0,0,0,0,0,0,0,0,0,0,0,0,0,0,0,0,0,0,0,0,0,0,0,0,0,0,0,0,0,0,0,0,0,0,0,0,0,0,0,0,0,0,0,0,0,0,0,0,0,0,0,0,0,Temp 02-2022,Independiente,8.0,Trombini,Titular
Estudiantes,INDEPTE_FECHA4_ACCIONES,10,recuperacion,intercepcion anticipo,3.0,,"79,28",,Independiente,1175.0,0,0,0,0,0,0,0,0,0,0,0,0,0,0,0,0,0,0,0,0,0,0,0,0,0,0,0,0,0,0,0,0,0,0,0,0,1,0,0,0,0,0,0,0,0,0,0,0,0,0,0,0,0,0,0,0,0,0,0,Temp 02-2022,Independiente,3.0,T. Nuñez,Titular
Estudiantes,INDEPTE_FECHA4_ACCIONES,10,duelo,aereo,9.0,,"111,41",,Independiente,1182.0,0,0,0,0,0,0,0,0,0,0,0,0,0,0,0,1,0,0,0,0,0,0,0,0,0,0,0,0,0,0,0,0,0,0,0,0,0,0,0,0,0,0,0,0,0,0,0,0,0,0,0,0,0,0,0,0,0,0,0,Temp 02-2022,Independiente,9.0,Guzman,Titular
Estudiantes,INDEPTE_FECHA4_ACCIONES,10,perdida,duelo,9.0,,"92,21",,Independiente,1183.0,0,0,0,0,0,0,0,0,0,0,0,0,0,0,0,0,0,0,0,0,0,0,0,0,0,0,0,0,0,0,0,0,0,0,0,0,0,0,0,0,0,0,0,0,0,0,0,0,0,0,0,0,0,0,0,0,0,0,0,Temp 02-2022,Independiente,9.0,Guzman,Titular
Estudiantes,INDEPTE_FECHA4_ACCIONES,10,recuperacion,duelo,5.0,,"124,23",,Independiente,1184.0,0,0,0,0,0,0,0,0,0,0,0,0,0,0,0,0,0,0,0,0,0,0,0,0,0,0,0,0,0,0,0,0,0,0,0,0,0,0,0,0,0,0,0,0,0,0,0,0,0,0,0,0,0,0,0,0,0,0,0,Temp 02-2022,Independiente,5.0,Piñeiro,Titular
Estudiantes,INDEPTE_FECHA4_ACCIONES,10,pelota parada,lateral largo,4.0,9,"97,150","154,150",Independiente,1210.0,0,0,0,0,0,0,0,0,0,0,0,0,0,0,0,0,0,0,0,0,0,0,0,0,0,0,0,0,0,0,0,0,0,0,0,0,0,0,0,1,0,0,0,0,0,0,0,0,0,0,0,0,0,0,0,0,0,0,0,Temp 02-2022,Independiente,4.0,Caccace,Titular
Estudiantes,INDEPTE_FECHA4_ACCIONES,10,pelota parada,tiro de esquina,3.0,7,"255,134","241,159",Independiente,1296.0,0,0,0,0,0,0,0,0,0,0,0,0,0,0,0,0,0,0,0,0,0,0,0,0,0,0,0,0,0,0,0,0,0,0,0,0,0,0,0,0,0,1,0,0,0,0,0,0,0,0,0,0,0,0,0,0,0,0,0,Temp 02-2022,Independiente,3.0,T. Nuñez,Titular
Estudiantes,INDEPTE_FECHA4_ACCIONES,10,perdida,balon afuera fondo,6.0,,"226,89",,Independiente,1304.0,0,0,0,0,0,0,0,0,0,0,0,0,0,0,0,0,0,0,0,0,0,0,0,0,0,0,0,0,0,0,0,0,0,0,0,0,0,0,0,0,0,0,0,0,0,0,0,0,1,0,0,0,0,0,0,0,0,0,0,Temp 02-2022,Independiente,6.0,S. Nuñez,Titular
Estudiantes,INDEPTE_FECHA4_ACCIONES,10,duelo,disputa suelo,6.0,,"21,34",,Independiente,1332.0,0,0,0,0,0,0,0,0,0,0,0,0,0,0,0,0,0,0,1,0,0,0,0,0,0,0,0,0,0,0,0,0,0,0,0,0,0,0,0,0,0,0,0,0,0,0,0,0,0,0,0,0,0,0,0,0,0,0,0,Temp 02-2022,Independiente,6.0,S. Nuñez,Titular
Estudiantes,INDEPTE_FECHA4_ACCIONES,10,recuperacion,robo,6.0,,"36,57",,Independiente,1333.0,0,0,0,0,0,0,0,0,0,0,0,0,0,0,0,0,0,0,0,0,0,0,0,0,0,0,0,0,0,0,0,0,1,0,0,0,0,0,0,0,0,0,0,0,0,0,0,0,0,0,0,0,0,0,0,0,0,0,0,Temp 02-2022,Independiente,6.0,S. Nuñez,Titular
Estudiantes,INDEPTE_FECHA4_ACCIONES,10,duelo,gambeta a favor,3.0,,"16,38",,Independiente,1341.0,0,0,0,0,0,0,0,0,0,0,0,0,0,0,0,0,0,0,0,0,0,0,1,0,0,0,0,0,0,0,0,0,0,0,0,0,0,0,0,0,0,0,0,0,0,0,0,0,0,0,0,0,0,0,0,0,0,0,0,Temp 02-2022,Independiente,3.0,T. Nuñez,Titular
Estudiantes,INDEPTE_FECHA4_ACCIONES,10,perdida,intercepcion aereo,4.0,9,"256,147","222,65",Independiente,1354.0,0,0,0,0,0,0,0,0,0,0,0,0,0,0,0,0,0,0,0,0,0,0,0,0,0,0,0,0,0,0,0,0,0,0,0,0,0,0,0,0,0,0,0,0,0,0,1,0,0,0,0,0,0,0,0,0,0,0,0,Temp 02-2022,Independiente,4.0,Caccace,Titular
Estudiantes,INDEPTE_FECHA4_ACCIONES,10,recuperacion,intercepcion aereo,2.0,,"170,138",,Independiente,1360.0,0,0,0,0,0,0,0,0,0,0,0,0,0,0,0,0,0,0,0,0,0,0,0,0,0,0,0,0,0,0,0,0,0,0,0,1,0,0,0,0,0,0,0,0,0,0,0,0,0,0,0,0,0,0,0,0,0,0,0,Temp 02-2022,Independiente,2.0,Flores,Titular
Estudiantes,INDEPTE_FECHA4_ACCIONES,10,perdida,error tecnico,11.0,,"196,93",,Independiente,1361.0,0,0,0,0,0,0,0,0,0,0,0,0,0,0,0,0,0,0,0,0,0,0,0,0,0,0,0,0,0,0,0,0,0,0,0,0,0,0,0,0,0,0,0,0,0,0,0,1,0,0,0,0,0,0,0,0,0,0,0,Temp 02-2022,Independiente,11.0,Moreno,Titular
Estudiantes,INDEPTE_FECHA4_ACCIONES,10,recuperacion,intercepcion anticipo,8.0,,"60,122",,Independiente,1428.0,0,0,0,0,0,0,0,0,0,0,0,0,0,0,0,0,0,0,0,0,0,0,0,0,0,0,0,0,0,0,0,0,0,0,0,0,1,0,0,0,0,0,0,0,0,0,0,0,0,0,0,0,0,0,0,0,0,0,0,Temp 02-2022,Independiente,8.0,Trombini,Titular
Estudiantes,INDEPTE_FECHA4_ACCIONES,10,perdida,error tecnico,11.0,,"202,126",,Independiente,1455.0,0,0,0,0,0,0,0,0,0,0,0,0,0,0,0,0,0,0,0,0,0,0,0,0,0,0,0,0,0,0,0,0,0,0,0,0,0,0,0,0,0,0,0,0,0,0,0,1,0,0,0,0,0,0,0,0,0,0,0,Temp 02-2022,Independiente,11.0,Moreno,Titular
Estudiantes,INDEPTE_FECHA4_ACCIONES,10,duelo,gambeta a favor,4.0,,"25,157",,Independiente,1519.0,0,0,0,0,0,0,0,0,0,0,0,0,0,0,0,0,0,0,0,0,0,1,0,0,0,0,0,0,0,0,0,0,0,0,0,0,0,0,0,0,0,0,0,0,0,0,0,0,0,0,0,0,0,0,0,0,0,0,0,Temp 02-2022,Independiente,4.0,Caccace,Titular
Estudiantes,INDEPTE_FECHA4_ACCIONES,10,perdida,balon afuera fondo,5.0,,"199,98",,Independiente,1558.0,0,0,0,0,0,0,0,0,0,0,0,0,0,0,0,0,0,0,0,0,0,0,0,0,0,0,0,0,0,0,0,0,0,0,0,0,0,0,0,0,0,0,0,0,0,0,0,0,1,0,0,0,0,0,0,0,0,0,0,Temp 02-2022,Independiente,5.0,Piñeiro,Titular
Estudiantes,INDEPTE_FECHA4_ACCIONES,10,perdida,interceptado,6.0,9,"92,26","177,10",Independiente,1695.0,0,0,0,0,0,0,0,0,0,0,0,0,0,0,0,0,0,0,0,0,0,0,0,0,0,0,0,0,0,0,0,0,0,0,0,0,0,0,0,0,0,0,0,0,0,0,1,0,0,0,0,0,0,0,0,0,0,0,0,Temp 02-2022,Independiente,6.0,S. Nuñez,Titular
Estudiantes,INDEPTE_FECHA4_ACCIONES,10,recuperacion,encontrada,6.0,,"80,2",,Independiente,1702.0,0,0,0,0,0,0,0,0,0,0,0,0,0,0,0,0,0,0,0,0,0,0,0,0,0,0,0,0,0,0,0,0,0,1,0,0,0,0,0,0,0,0,0,0,0,0,0,0,0,0,0,0,0,0,0,0,0,0,0,Temp 02-2022,Independiente,6.0,S. Nuñez,Titular
Estudiantes,INDEPTE_FECHA4_ACCIONES,10,duelo,aereo,10.0,,"105,28",,Independiente,1707.0,0,0,0,0,0,0,0,0,0,0,0,0,0,0,0,0,1,0,0,0,0,0,0,0,0,0,0,0,0,0,0,0,0,0,0,0,0,0,0,0,0,0,0,0,0,0,0,0,0,0,0,0,0,0,0,0,0,0,0,Temp 02-2022,Independiente,10.0,Amato,Titular
Estudiantes,INDEPTE_FECHA4_ACCIONES,10,perdida,interceptado,3.0,11,"113,4","176,36",Independiente,1712.0,0,0,0,0,0,0,0,0,0,0,0,0,0,0,0,0,0,0,0,0,0,0,0,0,0,0,0,0,0,0,0,0,0,0,0,0,0,0,0,0,0,0,0,0,0,0,1,0,0,0,0,0,0,0,0,0,0,0,0,Temp 02-2022,Independiente,3.0,T. Nuñez,Titular
Estudiantes,INDEPTE_FECHA4_ACCIONES,10,recuperacion,intercepcion,6.0,,"79,19",,Independiente,1742.0,0,0,0,0,0,0,0,0,0,0,0,0,0,0,0,0,0,0,0,0,0,0,0,0,0,0,0,0,0,0,0,0,0,0,1,0,0,0,0,0,0,0,0,0,0,0,0,0,0,0,0,0,0,0,0,0,0,0,0,Temp 02-2022,Independiente,6.0,S. Nuñez,Titular
Estudiantes,INDEPTE_FECHA4_ACCIONES,10,duelo,disputa suelo,11.0,,"166,14",,Independiente,1751.0,0,0,0,0,0,0,0,0,0,0,0,0,0,0,0,0,0,1,0,0,0,0,0,0,0,0,0,0,0,0,0,0,0,0,0,0,0,0,0,0,0,0,0,0,0,0,0,0,0,0,0,0,0,0,0,0,0,0,0,Temp 02-2022,Independiente,11.0,Moreno,Titular
Estudiantes,INDEPTE_FECHA4_ACCIONES,10,perdida,duelo,11.0,,"152,20",,Independiente,1755.0,0,0,0,0,0,0,0,0,0,0,0,0,0,0,0,0,0,0,0,0,0,0,0,0,0,0,0,0,0,0,0,0,0,0,0,0,0,0,0,0,0,0,0,0,0,0,0,0,0,0,0,0,0,0,0,0,0,0,0,Temp 02-2022,Independiente,11.0,Moreno,Titular
Estudiantes,INDEPTE_FECHA4_ACCIONES,10,duelo,disputa suelo,5.0,,"52,13",,Independiente,1757.0,0,0,0,0,0,0,0,0,0,0,0,0,0,0,0,0,0,0,1,0,0,0,0,0,0,0,0,0,0,0,0,0,0,0,0,0,0,0,0,0,0,0,0,0,0,0,0,0,0,0,0,0,0,0,0,0,0,0,0,Temp 02-2022,Independiente,5.0,Piñeiro,Titular
Estudiantes,INDEPTE_FECHA4_ACCIONES,10,recuperacion,robo,5.0,,"48,30",,Independiente,1758.0,0,0,0,0,0,0,0,0,0,0,0,0,0,0,0,0,0,0,0,0,0,0,0,0,0,0,0,0,0,0,0,0,1,0,0,0,0,0,0,0,0,0,0,0,0,0,0,0,0,0,0,0,0,0,0,0,0,0,0,Temp 02-2022,Independiente,5.0,Piñeiro,Titular
Estudiantes,INDEPTE_FECHA4_ACCIONES,10,perdida,error tecnico,3.0,,"63,24",,Independiente,1765.0,0,0,0,0,0,0,0,0,0,0,0,0,0,0,0,0,0,0,0,0,0,0,0,0,0,0,0,0,0,0,0,0,0,0,0,0,0,0,0,0,0,0,0,0,0,0,0,1,0,0,0,0,0,0,0,0,0,0,0,Temp 02-2022,Independiente,3.0,T. Nuñez,Titular
Estudiantes,INDEPTE_FECHA4_ACCIONES,10,recuperacion,intercepcion,2.0,,"54,82",,Independiente,1767.0,0,0,0,0,0,0,0,0,0,0,0,0,0,0,0,0,0,0,0,0,0,0,0,0,0,0,0,0,0,0,0,0,0,0,1,0,0,0,0,0,0,0,0,0,0,0,0,0,0,0,0,0,0,0,0,0,0,0,0,Temp 02-2022,Independiente,2.0,Flores,Titular
Estudiantes,INDEPTE_FECHA4_ACCIONES,10,perdida,balon afuera lateral,7.0,,"207,78",,Independiente,1783.0,0,0,0,0,0,0,0,0,0,0,0,0,0,0,0,0,0,0,0,0,0,0,0,0,0,0,0,0,0,0,0,0,0,0,0,0,0,0,0,0,0,0,0,0,0,0,0,0,1,0,0,0,0,0,0,0,0,0,0,Temp 02-2022,Independiente,7.0,Arango,Titular
Estudiantes,INDEPTE_FECHA4_ACCIONES,10,recuperacion,intercepcion aereo,3.0,,"2,35",,Independiente,1820.0,0,0,0,0,0,0,0,0,0,0,0,0,0,0,0,0,0,0,0,0,0,0,0,0,0,0,0,0,0,0,0,0,0,0,0,1,0,0,0,0,0,0,0,0,0,0,0,0,0,0,0,0,0,0,0,0,0,0,0,Temp 02-2022,Independiente,3.0,T. Nuñez,Titular
Estudiantes,INDEPTE_FECHA4_ACCIONES,10,duelo,gambeta a favor,11.0,,"244,23",,Independiente,1844.0,0,0,0,0,0,0,0,0,0,0,0,0,0,0,0,0,0,0,0,0,0,1,0,0,0,0,0,0,0,0,0,0,0,0,0,0,0,0,0,0,0,0,0,0,1,0,0,0,0,0,0,0,0,0,0,0,0,0,0,Temp 02-2022,Independiente,11.0,Moreno,Titular
Estudiantes,INDEPTE_FECHA4_ACCIONES,10,perdida,duelo,11.0,,"247,37",,Independiente,1846.0,0,0,0,0,0,0,0,0,0,0,0,0,0,0,0,0,0,0,0,0,0,0,0,0,0,0,0,0,0,0,0,0,0,0,0,0,0,0,0,0,0,0,0,0,0,0,0,0,0,0,0,0,0,0,0,0,0,0,0,Temp 02-2022,Independiente,11.0,Moreno,Titular
Estudiantes,INDEPTE_FECHA4_ACCIONES,10,recuperacion,intercepcion,5.0,,"158,33",,Independiente,1851.0,0,0,0,0,0,0,0,0,0,0,0,0,0,0,0,0,0,0,0,0,0,0,0,0,0,0,0,0,0,0,0,0,0,0,1,0,0,0,0,0,0,0,0,0,0,0,0,0,0,0,0,0,0,0,0,0,0,0,0,Temp 02-2022,Independiente,5.0,Piñeiro,Titular
Estudiantes,INDEPTE_FECHA4_ACCIONES,10,duelo,disputa suelo,7.0,,"207,78",,Independiente,1868.0,0,0,0,0,0,0,0,0,0,0,0,0,0,0,0,0,0,1,0,0,0,0,0,0,0,0,0,0,0,0,0,0,0,0,0,0,0,0,0,0,0,0,0,0,0,0,0,0,0,0,0,0,0,0,0,0,0,0,0,Temp 02-2022,Independiente,7.0,Arango,Titular
Estudiantes,INDEPTE_FECHA4_ACCIONES,10,perdida,duelo,7.0,,"215,98",,Independiente,1869.0,0,0,0,0,0,0,0,0,0,0,0,0,0,0,0,0,0,0,0,0,0,0,0,0,0,0,0,0,0,0,0,0,0,0,0,0,0,0,0,0,0,0,0,0,0,0,0,0,0,0,0,0,0,0,0,0,0,0,0,Temp 02-2022,Independiente,7.0,Arango,Titular
Estudiantes,INDEPTE_FECHA4_ACCIONES,10,duelo,disputa suelo,9.0,,"204,144",,Independiente,1877.0,0,0,0,0,0,0,0,0,0,0,0,0,0,0,0,0,0,0,1,0,0,0,0,0,0,0,0,0,0,0,0,0,0,0,0,0,0,0,0,0,0,0,0,0,0,0,0,0,0,0,0,0,0,0,0,0,0,0,0,Temp 02-2022,Independiente,9.0,Guzman,Titular
Estudiantes,INDEPTE_FECHA4_ACCIONES,10,recuperacion,robo,9.0,,"200,153",,Independiente,1877.0,0,0,0,0,0,0,0,0,0,0,0,0,0,0,0,0,0,0,0,0,0,0,0,0,0,0,0,0,0,0,0,0,1,0,0,0,0,0,0,0,0,0,0,0,0,0,0,0,0,0,0,0,0,0,0,0,0,0,0,Temp 02-2022,Independiente,9.0,Guzman,Titular
Estudiantes,INDEPTE_FECHA4_ACCIONES,10,perdida,interceptado,9.0,2,"186,133","158,149",Independiente,1882.0,0,0,0,0,0,0,0,0,0,0,0,0,0,0,0,0,0,0,0,0,0,0,0,0,0,0,0,0,0,0,0,0,0,0,0,0,0,0,0,0,0,0,0,0,0,0,1,0,0,0,0,0,0,0,0,0,0,0,0,Temp 02-2022,Independiente,9.0,Guzman,Titular
Estudiantes,INDEPTE_FECHA4_ACCIONES,10,pelota parada,tiro libre,2.0,Rival,"98,140","209,86",Independiente,1913.0,0,0,0,0,0,0,0,0,0,0,0,0,0,0,0,0,0,0,0,0,0,0,0,0,0,0,0,0,0,0,0,0,0,0,0,0,0,0,0,0,0,0,1,0,0,0,0,0,0,0,0,0,0,0,0,0,0,0,0,Temp 02-2022,Independiente,2.0,Flores,Titular
Estudiantes,INDEPTE_FECHA4_ACCIONES,10,perdida,interceptado,2.0,9,"155,136","204,68",Independiente,1914.0,0,0,0,0,0,0,0,0,0,0,0,0,0,0,0,0,0,0,0,0,0,0,0,0,0,0,0,0,0,0,0,0,0,0,0,0,0,0,0,0,0,0,0,0,0,0,1,0,0,0,0,0,0,0,0,0,0,0,0,Temp 02-2022,Independiente,2.0,Flores,Titular
Estudiantes,INDEPTE_FECHA4_ACCIONES,10,duelo,aereo,10.0,,"115,20",,Independiente,1952.0,0,0,0,0,0,0,0,0,0,0,0,0,0,0,0,0,1,0,0,0,0,0,0,0,0,0,0,0,0,0,0,0,0,0,0,0,0,0,0,0,0,0,0,0,0,0,0,0,0,0,0,0,0,0,0,0,0,0,0,Temp 02-2022,Independiente,10.0,Amato,Titular
Estudiantes,INDEPTE_FECHA4_ACCIONES,10,recuperacion,intercepcion aereo,10.0,,"127,25",,Independiente,1952.0,0,0,0,0,0,0,0,0,0,0,0,0,0,0,0,0,0,0,0,0,0,0,0,0,0,0,0,0,0,0,0,0,0,0,0,1,0,0,0,0,0,0,0,0,0,0,0,0,0,0,0,0,0,0,0,0,0,0,0,Temp 02-2022,Independiente,10.0,Amato,Titular
Estudiantes,INDEPTE_FECHA4_ACCIONES,10,perdida,error tecnico,5.0,,"193,80",,Independiente,1963.0,0,0,0,0,0,0,0,0,0,0,0,0,0,0,0,0,0,0,0,0,0,0,0,0,0,0,0,0,0,0,0,0,0,0,0,0,0,0,0,0,0,0,0,0,0,0,0,1,0,0,0,0,0,0,0,0,0,0,0,Temp 02-2022,Independiente,5.0,Piñeiro,Titular
Estudiantes,INDEPTE_FECHA4_ACCIONES,10,recuperacion,encontrada,2.0,,"60,140",,Independiente,1968.0,0,0,0,0,0,0,0,0,0,0,0,0,0,0,0,0,0,0,0,0,0,0,0,0,0,0,0,0,0,0,0,0,0,1,0,0,0,0,0,0,0,0,0,0,0,0,0,0,0,0,0,0,0,0,0,0,0,0,0,Temp 02-2022,Independiente,2.0,Flores,Titular
Estudiantes,INDEPTE_FECHA4_ACCIONES,10,perdida,error tecnico,2.0,,"61,148",,Independiente,1970.0,0,0,0,0,0,0,0,0,0,0,0,0,0,0,0,0,0,0,0,0,0,0,0,0,0,0,0,0,0,0,0,0,0,0,0,0,0,0,0,0,0,0,0,0,0,0,0,1,0,0,0,0,0,0,0,0,0,0,0,Temp 02-2022,Independiente,2.0,Flores,Titular
Estudiantes,INDEPTE_FECHA4_ACCIONES,10,recuperacion,duelo,4.0,,"33,158",,Independiente,1984.0,0,0,0,0,0,0,0,0,0,0,0,0,0,0,0,0,0,0,0,0,0,0,0,0,0,0,0,0,0,0,0,0,0,0,0,0,0,0,0,0,0,0,0,0,0,0,0,0,0,0,0,0,0,0,0,0,0,0,0,Temp 02-2022,Independiente,4.0,Caccace,Titular
Estudiantes,INDEPTE_FECHA4_ACCIONES,10,pelota parada,tiro libre,1.0,2,"38,132","85,129",Independiente,2042.0,0,0,0,0,0,0,0,0,0,0,0,0,0,0,0,0,0,0,0,0,0,0,0,0,0,0,0,0,0,0,0,0,0,0,0,0,0,0,0,0,0,0,1,0,0,0,0,0,0,0,0,0,0,0,0,0,0,0,0,Temp 02-2022,Independiente,1.0,Pourtau,Titular
Estudiantes,INDEPTE_FECHA4_ACCIONES,10,perdida,error tecnico,2.0,,"109,144",,Independiente,2044.0,0,0,0,0,0,0,0,0,0,0,0,0,0,0,0,0,0,0,0,0,0,0,0,0,0,0,0,0,0,0,0,0,0,0,0,0,0,0,0,0,0,0,0,0,0,0,0,1,0,0,0,0,0,0,0,0,0,0,0,Temp 02-2022,Independiente,2.0,Flores,Titular
Estudiantes,INDEPTE_FECHA4_ACCIONES,10,recuperacion,intercepcion anticipo,2.0,,"2,120",,Independiente,2052.0,0,0,0,0,0,0,0,0,0,0,0,0,0,0,0,0,0,0,0,0,0,0,0,0,0,0,0,0,0,0,0,0,0,0,0,0,1,0,0,0,0,0,0,0,0,0,0,0,0,0,0,0,0,0,0,0,0,0,0,Temp 02-2022,Independiente,2.0,Flores,Titular
Estudiantes,INDEPTE_FECHA4_ACCIONES,10,duelo,gambeta a favor,2.0,,"12,155",,Independiente,2056.0,0,0,0,0,0,0,0,0,0,0,0,0,0,0,0,0,0,0,0,0,0,0,1,0,0,0,0,0,0,0,0,0,0,0,0,0,0,0,0,0,0,0,0,0,0,0,0,0,0,0,0,0,0,0,0,0,0,0,0,Temp 02-2022,Independiente,2.0,Flores,Titular
Estudiantes,INDEPTE_FECHA4_ACCIONES,10,perdida,interceptado,2.0,7,"24,151","91,139",Independiente,2059.0,0,0,0,0,0,0,0,0,0,0,0,0,0,0,0,0,0,0,0,0,0,0,0,0,0,0,0,0,0,0,0,0,0,0,0,0,0,0,0,0,0,0,0,0,0,0,1,0,0,0,0,0,0,0,0,0,0,0,0,Temp 02-2022,Independiente,2.0,Flores,Titular
Estudiantes,INDEPTE_FECHA4_ACCIONES,10,recuperacion,encontrada,5.0,,"117,90",,Independiente,2060.0,0,0,0,0,0,0,0,0,0,0,0,0,0,0,0,0,0,0,0,0,0,0,0,0,0,0,0,0,0,0,0,0,0,1,0,0,0,0,0,0,0,0,0,0,0,0,0,0,0,0,0,0,0,0,0,0,0,0,0,Temp 02-2022,Independiente,5.0,Piñeiro,Titular
Estudiantes,INDEPTE_FECHA4_ACCIONES,10,perdida,interceptado,5.0,11,"104,102","163,73",Independiente,2063.0,0,0,0,0,0,0,0,0,0,0,0,0,0,0,0,0,0,0,0,0,0,0,0,0,0,0,0,0,0,0,0,0,0,0,0,0,0,0,0,0,0,0,0,0,0,0,1,0,0,0,0,0,0,0,0,0,0,0,0,Temp 02-2022,Independiente,5.0,Piñeiro,Titular
Estudiantes,INDEPTE_FECHA4_ACCIONES,10,recuperacion,duelo,7.0,,"65,35",,Independiente,2107.0,0,0,0,0,0,0,0,0,0,0,0,0,0,0,0,0,0,0,0,0,0,0,0,0,0,0,0,0,0,0,0,0,0,0,0,0,0,0,0,0,0,0,0,0,0,0,0,0,0,0,0,0,0,0,0,0,0,0,0,Temp 02-2022,Independiente,7.0,Arango,Titular
Estudiantes,INDEPTE_FECHA4_ACCIONES,10,pelota parada,lateral largo,4.0,7,"200,159","237,139",Independiente,2190.0,0,0,0,0,0,0,0,0,0,0,0,0,0,0,0,0,0,0,0,0,0,0,0,0,0,0,0,0,0,0,0,0,0,0,0,0,0,0,0,1,0,0,0,0,0,0,0,0,0,0,0,0,0,0,0,0,0,0,0,Temp 02-2022,Independiente,4.0,Caccace,Titular
Estudiantes,INDEPTE_FECHA4_ACCIONES,10,duelo,aereo,9.0,,"240,62",,Independiente,2201.0,0,0,0,0,0,0,0,0,0,0,0,0,0,0,0,0,1,0,0,0,0,0,0,0,0,0,0,0,0,0,0,0,0,0,0,0,0,0,0,0,0,0,0,0,0,0,0,0,0,0,0,0,0,0,0,0,0,0,0,Temp 02-2022,Independiente,9.0,Guzman,Titular
Estudiantes,INDEPTE_FECHA4_ACCIONES,10,pelota parada,tiro de esquina,3.0,8,"243,141","246,137",Independiente,2234.0,0,0,0,0,0,0,0,0,0,0,0,0,0,0,0,0,0,0,0,0,0,0,0,0,0,0,0,0,0,0,0,0,0,0,0,0,0,0,0,0,0,1,0,0,0,0,0,0,0,0,0,0,0,0,0,0,0,0,0,Temp 02-2022,Independiente,3.0,T. Nuñez,Titular
Estudiantes,INDEPTE_FECHA4_ACCIONES,10,perdida,balon afuera fondo,10.0,,"206,89",,Independiente,2242.0,0,0,0,0,0,0,0,0,0,0,0,0,0,0,0,0,0,0,0,0,0,0,0,0,0,0,0,0,0,0,0,0,0,0,0,0,0,0,0,0,0,0,0,0,0,0,0,0,1,0,0,0,0,0,0,0,0,0,0,Temp 02-2022,Independiente,10.0,Amato,Titular
Estudiantes,INDEPTE_FECHA4_ACCIONES,10,duelo,aereo,4.0,,"117,147",,Independiente,2276.0,0,0,0,0,0,0,0,0,0,0,0,0,0,0,0,0,1,0,0,0,0,0,0,0,0,0,0,0,0,0,0,0,0,0,0,0,0,0,0,0,0,0,0,0,0,0,0,0,0,0,0,0,0,0,0,0,0,0,0,Temp 02-2022,Independiente,4.0,Caccace,Titular
Estudiantes,INDEPTE_FECHA4_ACCIONES,10,recuperacion,intercepcion aereo,4.0,,"118,151",,Independiente,2277.0,0,0,0,0,0,0,0,0,0,0,0,0,0,0,0,0,0,0,0,0,0,0,0,0,0,0,0,0,0,0,0,0,0,0,0,1,0,0,0,0,0,0,0,0,0,0,0,0,0,0,0,0,0,0,0,0,0,0,0,Temp 02-2022,Independiente,4.0,Caccace,Titular
Estudiantes,INDEPTE_FECHA4_ACCIONES,10,pelota parada,lateral largo,4.0,Rival,"86,138","170,151",Independiente,2294.0,0,0,0,0,0,0,0,0,0,0,0,0,0,0,0,0,0,0,0,0,0,0,0,0,0,0,0,0,0,0,0,0,0,0,0,0,0,0,0,1,0,0,0,0,0,0,0,0,0,0,0,0,0,0,0,0,0,0,0,Temp 02-2022,Independiente,4.0,Caccace,Titular
Estudiantes,INDEPTE_FECHA4_ACCIONES,10,perdida,intercepcion aereo,4.0,7,"111,128","172,150",Independiente,2296.0,0,0,0,0,0,0,0,0,0,0,0,0,0,0,0,0,0,0,0,0,0,0,0,0,0,0,0,0,0,0,0,0,0,0,0,0,0,0,0,0,0,0,0,0,0,0,1,0,0,0,0,0,0,0,0,0,0,0,0,Temp 02-2022,Independiente,4.0,Caccace,Titular
Estudiantes,INDEPTE_FECHA4_ACCIONES,10,duelo,disputa suelo,9.0,,"191,86",,Independiente,2298.0,0,0,0,0,0,0,0,0,0,0,0,0,0,0,0,0,0,0,1,0,0,0,0,0,0,0,0,0,0,0,0,0,0,0,0,0,0,0,0,0,0,0,0,0,0,0,0,0,0,0,0,0,0,0,0,0,0,0,0,Temp 02-2022,Independiente,9.0,Guzman,Titular
Estudiantes,INDEPTE_FECHA4_ACCIONES,10,recuperacion,robo,9.0,,"200,73",,Independiente,2299.0,0,0,0,0,0,0,0,0,0,0,0,0,0,0,0,0,0,0,0,0,0,0,0,0,0,0,0,0,0,0,0,0,1,0,0,0,0,0,0,0,0,0,0,0,0,0,0,0,0,0,0,0,0,0,0,0,0,0,0,Temp 02-2022,Independiente,9.0,Guzman,Titular
Estudiantes,INDEPTE_FECHA4_ACCIONES,10,perdida,duelo,9.0,,"199,73",,Independiente,2300.0,0,0,0,0,0,0,0,0,0,0,0,0,0,0,0,0,0,0,0,0,0,0,0,0,0,0,0,0,0,0,0,0,0,0,0,0,0,0,0,0,0,0,0,0,0,0,0,0,0,0,0,0,0,0,0,0,0,0,0,Temp 02-2022,Independiente,9.0,Guzman,Titular
Estudiantes,INDEPTE_FECHA4_ACCIONES,10,duelo,aereo,4.0,,"16,72",,Independiente,2320.0,0,0,0,0,0,0,0,0,0,0,0,0,0,0,0,0,1,0,0,0,0,0,0,0,0,0,0,0,0,0,0,0,0,0,0,0,0,0,0,0,0,0,0,0,0,0,0,0,0,0,0,0,0,0,0,0,0,0,0,Temp 02-2022,Independiente,4.0,Caccace,Titular
Estudiantes,INDEPTE_FECHA4_ACCIONES,10,recuperacion,intercepcion aereo,4.0,,"32,77",,Independiente,2321.0,0,0,0,0,0,0,0,0,0,0,0,0,0,0,0,0,0,0,0,0,0,0,0,0,0,0,0,0,0,0,0,0,0,0,0,1,0,0,0,0,0,0,0,0,0,0,0,0,0,0,0,0,0,0,0,0,0,0,0,Temp 02-2022,Independiente,4.0,Caccace,Titular
Estudiantes,INDEPTE_FECHA4_ACCIONES,10,pelota parada,tiro libre,2.0,3,"116,155","153,10",Independiente,2388.0,0,0,0,0,0,0,0,0,0,0,0,0,0,0,0,0,0,0,0,0,0,0,0,0,0,0,0,0,0,0,0,0,0,0,0,0,0,0,0,0,0,0,1,0,0,0,0,0,0,0,0,0,0,0,0,0,0,0,0,Temp 02-2022,Independiente,2.0,Flores,Titular
Estudiantes,INDEPTE_FECHA4_ACCIONES,10,perdida,duelo,7.0,,"209,160",,Independiente,2396.0,0,0,0,0,0,0,0,0,0,0,0,0,0,0,0,0,0,0,0,0,0,0,0,0,0,0,0,0,0,0,0,0,0,0,0,0,0,0,0,0,0,0,0,0,0,0,0,0,0,0,0,0,0,0,0,0,0,0,0,Temp 02-2022,Independiente,7.0,Arango,Titular
Estudiantes,INDEPTE_FECHA4_ACCIONES,10,recuperacion,duelo,2.0,,"51,127",,Independiente,2404.0,0,0,0,0,0,0,0,0,0,0,0,0,0,0,0,0,0,0,0,0,0,0,0,0,0,0,0,0,0,0,0,0,0,0,0,0,0,0,0,0,0,0,0,0,0,0,0,0,0,0,0,0,0,0,0,0,0,0,0,Temp 02-2022,Independiente,2.0,Flores,Titular
Estudiantes,INDEPTE_FECHA4_ACCIONES,10,pelota parada,tiro libre,1.0,6,"68,82","68,80",Independiente,2426.0,0,0,0,0,0,0,0,0,0,0,0,0,0,0,0,0,0,0,0,0,0,0,0,0,0,0,0,0,0,0,0,0,0,0,0,0,0,0,0,0,0,0,0,1,0,0,0,0,0,0,0,0,0,0,0,0,0,0,0,Temp 02-2022,Independiente,1.0,Pourtau,Titular
Estudiantes,INDEPTE_FECHA4_ACCIONES,10,duelo,,,,,,Independiente,2448.0,0,0,0,0,0,0,0,0,0,0,0,0,0,0,0,0,0,0,0,0,0,0,0,0,0,0,0,0,0,0,0,0,0,0,0,0,0,0,0,0,0,0,0,0,0,0,0,0,0,0,0,0,0,0,0,0,0,0,0,Temp 02-2022,,,,
Estudiantes,INDEPTE_FECHA4_ACCIONES,10,duelo,disputa suelo,7.0,,"204,156",,Independiente,2442.0,0,0,0,0,0,0,0,0,0,0,0,0,0,0,0,0,0,0,1,0,0,0,0,0,0,0,0,0,0,0,0,0,0,0,0,0,0,0,0,0,0,0,0,0,0,0,0,0,0,0,0,0,0,0,0,0,0,0,0,Temp 02-2022,Independiente,7.0,Arango,Titular
Estudiantes,INDEPTE_FECHA4_ACCIONES,10,perdida,balon afuera lateral,7.0,,"220,148",,Independiente,2443.0,0,0,0,0,0,0,0,0,0,0,0,0,0,0,0,0,0,0,0,0,0,0,0,0,0,0,0,0,0,0,0,0,0,0,0,0,0,0,0,0,0,0,0,0,0,0,0,0,1,0,0,0,0,0,0,0,0,0,0,Temp 02-2022,Independiente,7.0,Arango,Titular
Estudiantes,INDEPTE_FECHA4_ACCIONES,10,pelota parada,lateral largo,4.0,11,"88,142","194,125",Independiente,2492.0,0,0,0,0,0,0,0,0,0,0,0,0,0,0,0,0,0,0,0,0,0,0,0,0,0,0,0,0,0,0,0,0,0,0,0,0,0,0,1,0,0,0,0,0,0,0,0,0,0,0,0,0,0,0,0,0,0,0,0,Temp 02-2022,Independiente,4.0,Caccace,Titular
Estudiantes,INDEPTE_FECHA4_ACCIONES,10,duelo,aereo,11.0,,"222,125",,Independiente,2491.0,0,0,0,0,0,0,0,0,0,0,0,0,0,0,0,1,0,0,0,0,0,0,0,0,0,0,0,0,0,0,0,0,0,0,0,0,0,0,0,0,0,0,0,0,0,0,0,0,0,0,0,0,0,0,0,0,0,0,0,Temp 02-2022,Independiente,11.0,Moreno,Titular
Estudiantes,INDEPTE_FECHA4_ACCIONES,10,perdida,duelo,9.0,,"202,68",,Independiente,2499.0,0,0,0,0,0,0,0,0,0,0,0,0,0,0,0,0,0,0,0,0,0,0,0,0,0,0,0,0,0,0,0,0,0,0,0,0,0,0,0,0,0,0,0,0,0,0,0,0,0,0,0,0,0,0,0,0,0,0,0,Temp 02-2022,Independiente,9.0,Guzman,Titular
Estudiantes,INDEPTE_FECHA4_ACCIONES,10,duelo,aereo,6.0,,"59,75",,Independiente,2504.0,0,0,0,0,0,0,0,0,0,0,0,0,0,0,0,0,1,0,0,0,0,0,0,0,0,0,0,0,0,0,0,0,0,0,0,0,0,0,0,0,0,0,0,0,0,0,0,0,0,0,0,0,0,0,0,0,0,0,0,Temp 02-2022,Independiente,6.0,S. Nuñez,Titular
Estudiantes,INDEPTE_FECHA4_ACCIONES,10,recuperacion,intercepcion aereo,6.0,,"56,95",,Independiente,2504.0,0,0,0,0,0,0,0,0,0,0,0,0,0,0,0,0,0,0,0,0,0,0,0,0,0,0,0,0,0,0,0,0,0,0,0,1,0,0,0,0,0,0,0,0,0,0,0,0,0,0,0,0,0,0,0,0,0,0,0,Temp 02-2022,Independiente,6.0,S. Nuñez,Titular
Estudiantes,INDEPTE_FECHA4_ACCIONES,10,perdida,error tecnico,4.0,,"103,143",,Independiente,2533.0,0,0,0,0,0,0,0,0,0,0,0,0,0,0,0,0,0,0,0,0,0,0,0,0,0,0,0,0,0,0,0,0,0,0,0,0,0,0,0,0,0,0,0,0,0,0,0,1,0,0,0,0,0,0,0,0,0,0,0,Temp 02-2022,Independiente,4.0,Caccace,Titular
Estudiantes,INDEPTE_FECHA4_ACCIONES,10,recuperacion,intercepcion,3.0,,"73,37",,Independiente,2558.0,0,0,0,0,0,0,0,0,0,0,0,0,0,0,0,0,0,0,0,0,0,0,0,0,0,0,0,0,0,0,0,0,0,0,1,0,0,0,0,0,0,0,0,0,0,0,0,0,0,0,0,0,0,0,0,0,0,0,0,Temp 02-2022,Independiente,3.0,T. Nuñez,Titular
Estudiantes,INDEPTE_FECHA4_ACCIONES,10,perdida,balon afuera lateral,10.0,,"116,23",,Independiente,2567.0,0,0,0,0,0,0,0,0,0,0,0,0,0,0,0,0,0,0,0,0,0,0,0,0,0,0,0,0,0,0,0,0,0,0,0,0,0,0,0,0,0,0,0,0,0,0,0,0,1,0,0,0,0,0,0,0,0,0,0,Temp 02-2022,Independiente,10.0,Amato,Titular
Estudiantes,INDEPTE_FECHA4_ACCIONES,10,recuperacion,duelo,6.0,,"18,11",,Independiente,2573.0,0,0,0,0,0,0,0,0,0,0,0,0,0,0,0,0,0,0,0,0,0,0,0,0,0,0,0,0,0,0,0,0,0,0,0,0,0,0,0,0,0,0,0,0,0,0,0,0,0,0,0,0,0,0,0,0,0,0,0,Temp 02-2022,Independiente,6.0,S. Nuñez,Titular
Estudiantes,INDEPTE_FECHA4_ACCIONES,10,pelota parada,lateral largo,3.0,9,"28,19","82,16",Independiente,2593.0,0,0,0,0,0,0,0,0,0,0,0,0,0,0,0,0,0,0,0,0,0,0,0,0,0,0,0,0,0,0,0,0,0,0,0,0,0,0,0,1,0,0,0,0,0,0,0,0,0,0,0,0,0,0,0,0,0,0,0,Temp 02-2022,Independiente,3.0,T. Nuñez,Titular
Estudiantes,INDEPTE_FECHA4_ACCIONES,10,pelota parada,lateral largo,3.0,Rival,"91,20","161,36",Independiente,2609.0,0,0,0,0,0,0,0,0,0,0,0,0,0,0,0,0,0,0,0,0,0,0,0,0,0,0,0,0,0,0,0,0,0,0,0,0,0,0,0,1,0,0,0,0,0,0,0,0,0,0,0,0,0,0,0,0,0,0,0,Temp 02-2022,Independiente,3.0,T. Nuñez,Titular
Estudiantes,INDEPTE_FECHA4_ACCIONES,10,perdida,interceptado,3.0,9,"95,37","166,13",Independiente,2610.0,0,0,0,0,0,0,0,0,0,0,0,0,0,0,0,0,0,0,0,0,0,0,0,0,0,0,0,0,0,0,0,0,0,0,0,0,0,0,0,0,0,0,0,0,0,0,1,0,0,0,0,0,0,0,0,0,0,0,0,Temp 02-2022,Independiente,3.0,T. Nuñez,Titular
Estudiantes,INDEPTE_FECHA4_ACCIONES,10,recuperacion,encontrada,4.0,,"163,127",,Independiente,2623.0,0,0,0,0,0,0,0,0,0,0,0,0,0,0,0,0,0,0,0,0,0,0,0,0,0,0,0,0,0,0,0,0,0,1,0,0,0,0,0,0,0,0,0,0,0,0,0,0,0,0,0,0,0,0,0,0,0,0,0,Temp 02-2022,Independiente,4.0,Caccace,Titular
Estudiantes,INDEPTE_FECHA4_ACCIONES,10,duelo,gambeta a favor,7.0,,"265,132",,Independiente,2632.0,0,0,0,0,0,0,0,0,0,0,0,0,0,0,0,0,0,0,0,0,0,0,1,0,0,0,0,0,0,0,0,0,0,0,0,0,0,0,0,0,0,0,0,0,0,0,0,0,0,0,0,0,0,0,0,0,0,0,0,Temp 02-2022,Independiente,7.0,Arango,Titular
Estudiantes,INDEPTE_FECHA4_ACCIONES,10,pelota parada,tiro libre,8.0,,"198,146",,Independiente,2696.0,0,0,0,0,0,0,0,0,0,0,0,0,0,0,0,0,0,0,0,0,0,0,0,0,0,0,0,0,0,0,0,0,0,0,0,0,0,0,0,0,0,0,1,0,0,0,0,0,0,0,0,0,0,0,0,0,0,0,0,Temp 02-2022,Independiente,8.0,Trombini,Titular
Estudiantes,INDEPTE_FECHA4_ACCIONES,10,perdida,balon afuera fondo,8.0,,"192,150",,Independiente,2696.0,0,0,0,0,0,0,0,0,0,0,0,0,0,0,0,0,0,0,0,0,0,0,0,0,0,0,0,0,0,0,0,0,0,0,0,0,0,0,0,0,0,0,0,0,0,0,0,0,1,0,0,0,0,0,0,0,0,0,0,Temp 02-2022,Independiente,8.0,Trombini,Titular
Estudiantes,INDEPTE_FECHA4_ACCIONES,10,duelo,,,,,,Independiente,2742.0,0,0,0,0,0,0,0,0,0,0,0,0,0,0,0,0,0,0,0,0,0,0,0,0,0,0,0,0,0,0,0,0,0,0,0,0,0,0,0,0,0,0,0,0,0,0,0,0,0,0,0,0,0,0,0,0,0,0,0,Temp 02-2022,,,,
Estudiantes,INDEPTE_FECHA4_ACCIONES,10,recuperacion,intercepcion aereo,5.0,,"123,66",,Independiente,2742.0,0,0,0,0,0,0,0,0,0,0,0,0,0,0,0,0,0,0,0,0,0,0,0,0,0,0,0,0,0,0,0,0,0,0,0,1,0,0,0,0,0,0,0,0,0,0,0,0,0,0,0,0,0,0,0,0,0,0,0,Temp 02-2022,Independiente,5.0,Piñeiro,Titular
Estudiantes,INDEPTE_FECHA4_ACCIONES,10,perdida,intercepcion aereo,10.0,8,"162,2","174,83",Independiente,2745.0,0,0,0,0,0,0,0,0,0,0,0,0,0,0,0,0,0,0,0,0,0,0,0,0,0,0,0,0,0,0,0,0,0,0,0,0,0,0,0,0,0,0,0,0,0,0,1,0,0,0,0,0,0,0,0,0,0,0,0,Temp 02-2022,Independiente,10.0,Amato,Titular
Estudiantes,INDEPTE_FECHA4_ACCIONES,10,recuperacion,encontrada,4.0,,"105,120",,Independiente,2748.0,0,0,0,0,0,0,0,0,0,0,0,0,0,0,0,0,0,0,0,0,0,0,0,0,0,0,0,0,0,0,0,0,0,1,0,0,0,0,0,0,0,0,0,0,0,0,0,0,0,0,0,0,0,0,0,0,0,0,0,Temp 02-2022,Independiente,4.0,Caccace,Titular
Estudiantes,INDEPTE_FECHA4_ACCIONES,10,duelo,gambeta a favor,4.0,,"85,147",,Independiente,2752.0,0,0,0,0,0,0,0,0,0,0,0,0,0,0,0,0,0,0,0,0,0,0,1,0,0,0,0,0,0,0,0,0,0,0,0,0,0,0,0,0,0,0,0,0,0,0,0,0,0,0,0,0,0,0,0,0,0,0,0,Temp 02-2022,Independiente,4.0,Caccace,Titular
Estudiantes,INDEPTE_FECHA4_ACCIONES,10,pelota parada,lateral corto,4.0,9,"270,146","269,122",Independiente,2788.0,0,0,0,0,0,0,0,0,0,0,0,0,0,0,0,0,0,0,0,0,0,0,0,0,0,0,0,0,0,0,0,0,0,0,0,0,0,0,0,1,0,0,0,0,0,0,0,0,0,0,0,0,0,0,0,0,0,0,0,Temp 02-2022,Independiente,4.0,Caccace,Titular
Estudiantes,INDEPTE_FECHA4_ACCIONES,10,perdida,intercepcion aereo,4.0,11,"257,162","227,68",Independiente,2793.0,0,0,0,0,0,0,0,0,0,0,0,0,0,0,0,0,0,0,0,0,0,0,0,0,0,0,0,0,0,0,0,0,0,0,0,0,0,0,0,0,0,0,0,0,0,0,1,0,0,0,0,0,0,0,0,0,0,0,0,Temp 02-2022,Independiente,4.0,Caccace,Titular
Estudiantes,INDEPTE_FECHA4_ACCIONES,10,recuperacion,encontrada,6.0,,"169,87",,Independiente,2797.0,0,0,0,0,0,0,0,0,0,0,0,0,0,0,0,0,0,0,0,0,0,0,0,0,0,0,0,0,0,0,0,0,0,1,0,0,0,0,0,0,0,0,0,0,0,0,0,0,0,0,0,0,0,0,0,0,0,0,0,Temp 02-2022,Independiente,6.0,S. Nuñez,Titular
Estudiantes,INDEPTE_FECHA4_ACCIONES,10,perdida,duelo,7.0,,"197,124",,Independiente,2813.0,0,0,0,0,0,0,0,0,0,0,0,0,0,0,0,0,0,0,0,0,0,0,0,0,0,0,0,0,0,0,0,0,0,0,0,0,0,0,0,0,0,0,0,0,0,0,0,0,0,0,0,0,0,0,0,0,0,0,0,Temp 02-2022,Independiente,7.0,Arango,Titular
Estudiantes,INDEPTE_FECHA4_ACCIONES,10,recuperacion,intercepcion,5.0,,"68,124",,Independiente,2824.0,0,0,0,0,0,0,0,0,0,0,0,0,0,0,0,0,0,0,0,0,0,0,0,0,0,0,0,0,0,0,0,0,0,0,1,0,0,0,0,0,0,0,0,0,0,0,0,0,0,0,0,0,0,0,0,0,0,0,0,Temp 02-2022,Independiente,5.0,Piñeiro,Titular
Estudiantes,INDEPTE_FECHA4_ACCIONES,10,perdida,error tecnico,1.0,,"6,91",,Independiente,2825.0,0,0,0,0,0,0,0,0,0,0,0,0,0,0,0,0,0,0,0,0,0,0,0,0,0,0,0,0,0,0,0,0,0,0,0,0,0,0,0,0,0,0,0,0,0,0,0,1,0,0,0,0,0,0,0,0,0,0,0,Temp 02-2022,Independiente,1.0,Pourtau,Titular
Estudiantes,INDEPTE_FECHA4_ACCIONES,10,recuperacion,intercepcion,8.0,,"2,107",,Independiente,2825.0,0,0,0,0,0,0,0,0,0,0,0,0,0,0,0,0,0,0,0,0,0,0,0,0,0,0,0,0,0,0,0,0,0,0,1,0,0,0,0,0,0,0,0,0,0,0,0,0,0,0,0,0,0,0,0,0,0,0,0,Temp 02-2022,Independiente,8.0,Trombini,Titular
Estudiantes,INDEPTE_FECHA4_ACCIONES,10,perdida,interceptado,4.0,,"67,143",,Independiente,2841.0,0,0,0,0,0,0,0,0,0,0,0,0,0,0,0,0,0,0,0,0,0,0,0,0,0,0,0,0,0,0,0,0,0,0,0,0,0,0,0,0,0,0,0,0,0,0,1,0,0,0,0,0,0,0,0,0,0,0,0,Temp 02-2022,Independiente,4.0,Caccace,Titular
Estudiantes,INDEPTE_FECHA4_ACCIONES,10,pelota parada,lateral corto,3.0,9,"201,9","237,35",Independiente,2954.0,0,0,0,0,0,0,0,0,0,0,0,0,0,0,0,0,0,0,0,0,0,0,0,0,0,0,0,0,0,0,0,0,0,0,0,0,0,0,0,1,0,0,0,0,0,0,0,0,0,0,0,0,0,0,0,0,0,0,0,Temp 02-2022,Independiente,3.0,T. Nuñez,Titular
Estudiantes,INDEPTE_FECHA4_ACCIONES,10,pelota parada,lateral corto,3.0,11,"268,5","259,29",Independiente,2973.0,0,0,0,0,0,0,0,0,0,0,0,0,0,0,0,0,0,0,0,0,0,0,0,0,0,0,0,0,0,0,0,0,0,0,0,0,0,0,0,1,0,0,0,0,0,0,0,0,0,0,0,0,0,0,0,0,0,0,0,Temp 02-2022,Independiente,3.0,T. Nuñez,Titular
Estudiantes,INDEPTE_FECHA4_ACCIONES,10,perdida,robo,11.0,,"250,16",,Independiente,2974.0,0,0,0,0,0,0,0,0,0,0,0,0,0,0,0,0,0,0,0,0,0,0,0,0,0,0,0,0,0,0,0,0,0,0,0,0,0,0,0,0,0,0,0,0,0,1,0,0,0,0,0,0,0,0,0,0,0,0,0,Temp 02-2022,Independiente,11.0,Moreno,Titular
Estudiantes,INDEPTE_FECHA4_ACCIONES,10,pelota parada,lateral largo,10.0,6,"196,29","181,83",Independiente,2987.0,0,0,0,0,0,0,0,0,0,0,0,0,0,0,0,0,0,0,0,0,0,0,0,0,0,0,0,0,0,0,0,0,0,0,0,0,0,0,1,0,0,0,0,0,0,0,0,0,0,0,0,0,0,0,0,0,0,0,0,Temp 02-2022,Independiente,10.0,Amato,Titular
Estudiantes,INDEPTE_FECHA4_ACCIONES,10,duelo,disputa suelo,4.0,,"188,122",,Independiente,2992.0,0,0,0,0,0,0,0,0,0,0,0,0,0,0,0,0,0,1,0,0,0,0,0,0,0,0,0,0,0,0,0,0,0,0,0,0,0,0,0,0,0,0,0,0,0,0,0,0,0,0,0,0,0,0,0,0,0,0,0,Temp 02-2022,Independiente,4.0,Caccace,Titular
Estudiantes,INDEPTE_FECHA4_ACCIONES,10,perdida,duelo,4.0,,"215,145",,Independiente,2993.0,0,0,0,0,0,0,0,0,0,0,0,0,0,0,0,0,0,0,0,0,0,0,0,0,0,0,0,0,0,0,0,0,0,0,0,0,0,0,0,0,0,0,0,0,0,0,0,0,0,0,0,0,0,0,0,0,0,0,0,Temp 02-2022,Independiente,4.0,Caccace,Titular
Estudiantes,INDEPTE_FECHA4_ACCIONES,10,duelo,aereo,3.0,,"78,38",,Independiente,3009.0,0,0,0,0,0,0,0,0,0,0,0,0,0,0,0,0,1,0,0,0,0,0,0,0,0,0,0,0,0,0,0,0,0,0,0,0,0,0,0,0,0,0,0,0,0,0,0,0,0,0,0,0,0,0,0,0,0,0,0,Temp 02-2022,Independiente,3.0,T. Nuñez,Titular
Estudiantes,INDEPTE_FECHA4_ACCIONES,10,recuperacion,intercepcion aereo,3.0,,"75,14",,Independiente,3010.0,0,0,0,0,0,0,0,0,0,0,0,0,0,0,0,0,0,0,0,0,0,0,0,0,0,0,0,0,0,0,0,0,0,0,0,1,0,0,0,0,0,0,0,0,0,0,0,0,0,0,0,0,0,0,0,0,0,0,0,Temp 02-2022,Independiente,3.0,T. Nuñez,Titular
Estudiantes,INDEPTE_FECHA4_ACCIONES,10,pelota parada,lateral corto,3.0,6,"4,3","9,5",Independiente,3045.0,0,0,0,0,0,0,0,0,0,0,0,0,0,0,0,0,0,0,0,0,0,0,0,0,0,0,0,0,0,0,0,0,0,0,0,0,0,0,0,1,0,0,0,0,0,0,0,0,0,0,0,0,0,0,0,0,0,0,0,Temp 02-2022,Independiente,3.0,T. Nuñez,Titular
Estudiantes,INDEPTE_FECHA4_ACCIONES,10,duelo,aereo,10.0,,"120,98",,Independiente,3050.0,0,0,0,0,0,0,0,0,0,0,0,0,0,0,0,0,1,0,0,0,0,0,0,0,0,0,0,0,0,0,0,0,0,0,0,0,0,0,0,0,0,0,0,0,0,0,0,0,0,0,0,0,0,0,0,0,0,0,0,Temp 02-2022,Independiente,10.0,Amato,Titular
Estudiantes,INDEPTE_FECHA4_ACCIONES,10,perdida,error tecnico,7.0,,"240,133",,Independiente,3063.0,0,0,0,0,0,0,0,0,0,0,0,0,0,0,0,0,0,0,0,0,0,0,0,0,0,0,0,0,0,0,0,0,0,0,0,0,0,0,0,0,0,0,0,0,0,0,0,1,0,0,0,0,0,0,0,0,0,0,0,Temp 02-2022,Independiente,7.0,Arango,Titular
Estudiantes,INDEPTE_FECHA4_ACCIONES,10,recuperacion,encontrada,8.0,,"214,150",,Independiente,3064.0,0,0,0,0,0,0,0,0,0,0,0,0,0,0,0,0,0,0,0,0,0,0,0,0,0,0,0,0,0,0,0,0,0,1,0,0,0,0,0,0,0,0,0,0,0,0,0,0,0,0,0,0,0,0,0,0,0,0,0,Temp 02-2022,Independiente,8.0,Trombini,Titular
Estudiantes,INDEPTE_FECHA4_ACCIONES,10,perdida,intercepcion aereo,4.0,9,"200,123","195,145",Independiente,3076.0,0,0,0,0,0,0,0,0,0,0,0,0,0,0,0,0,0,0,0,0,0,0,0,0,0,0,0,0,0,0,0,0,0,0,0,0,0,0,0,0,0,0,0,0,0,0,1,0,0,0,0,0,0,0,0,0,0,0,0,Temp 02-2022,Independiente,4.0,Caccace,Titular
Estudiantes,INDEPTE_FECHA4_ACCIONES,10,recuperacion,intercepcion,8.0,,"204,146",,Independiente,3077.0,0,0,0,0,0,0,0,0,0,0,0,0,0,0,0,0,0,0,0,0,0,0,0,0,0,0,0,0,0,0,0,0,0,0,1,0,0,0,0,0,0,0,0,0,0,0,0,0,0,0,0,0,0,0,0,0,0,0,0,Temp 02-2022,Independiente,8.0,Trombini,Titular
Estudiantes,INDEPTE_FECHA4_ACCIONES,10,perdida,atajada,9.0,,"231,64",,Independiente,3088.0,0,0,0,0,0,0,0,0,0,0,0,0,0,0,0,0,0,0,0,0,0,0,0,0,0,0,0,0,0,0,0,0,0,0,0,0,0,0,0,0,0,0,0,0,0,0,0,0,0,0,1,0,0,0,0,0,0,0,0,Temp 02-2022,Independiente,9.0,Guzman,Titular
Estudiantes,INDEPTE_FECHA4_ACCIONES,10,recuperacion,intercepcion aereo,4.0,,"60,129",,Independiente,3104.0,0,0,0,0,0,0,0,0,0,0,0,0,0,0,0,0,0,0,0,0,0,0,0,0,0,0,0,0,0,0,0,0,0,0,0,1,0,0,0,0,0,0,0,0,0,0,0,0,0,0,0,0,0,0,0,0,0,0,0,Temp 02-2022,Independiente,4.0,Caccace,Titular
Estudiantes,INDEPTE_FECHA4_ACCIONES,10,duelo,aereo,8.0,,"89,89",,Independiente,3106.0,0,0,0,0,0,0,0,0,0,0,0,0,0,0,0,1,0,0,0,0,0,0,0,0,0,0,0,0,0,0,0,0,0,0,0,0,0,0,0,0,0,0,0,0,0,0,0,0,0,0,0,0,0,0,0,0,0,0,0,Temp 02-2022,Independiente,8.0,Trombini,Titular
Estudiantes,INDEPTE_FECHA4_ACCIONES,10,perdida,duelo,9.0,,"189,69",,Independiente,3112.0,0,0,0,0,0,0,0,0,0,0,0,0,0,0,0,0,0,0,0,0,0,0,0,0,0,0,0,0,0,0,0,0,0,0,0,0,0,0,0,0,0,0,0,0,0,0,0,0,0,0,0,0,0,0,0,0,0,0,0,Temp 02-2022,Independiente,9.0,Guzman,Titular
Estudiantes,INDEPTE_FECHA4_ACCIONES,10,duelo,aereo,6.0,,"46,68",,Independiente,3160.0,0,0,0,0,0,0,0,0,0,0,0,0,0,0,0,0,1,0,0,0,0,0,0,0,0,0,0,0,0,0,0,0,0,0,0,0,0,0,0,0,0,0,0,0,0,0,0,0,0,0,0,0,0,0,0,0,0,0,0,Temp 02-2022,Independiente,6.0,S. Nuñez,Titular
Estudiantes,INDEPTE_FECHA4_ACCIONES,10,recuperacion,intercepcion aereo,6.0,,"31,89",,Independiente,3161.0,0,0,0,0,0,0,0,0,0,0,0,0,0,0,0,0,0,0,0,0,0,0,0,0,0,0,0,0,0,0,0,0,0,0,0,1,0,0,0,0,0,0,0,0,0,0,0,0,0,0,0,0,0,0,0,0,0,0,0,Temp 02-2022,Independiente,6.0,S. Nuñez,Titular
Estudiantes,INDEPTE_FECHA4_ACCIONES,10,perdida,intercepcion aereo,3.0,9,"185,37","232,87",Independiente,3208.0,0,0,0,0,0,0,0,0,0,0,0,0,0,0,0,0,0,0,0,0,0,0,0,0,0,0,0,0,0,0,0,0,0,0,0,0,0,0,0,0,0,0,0,0,0,0,1,0,0,0,0,0,0,0,0,0,0,0,0,Temp 02-2022,Independiente,3.0,T. Nuñez,Titular
Estudiantes,INDEPTE_FECHA4_ACCIONES,10,recuperacion,intercepcion anticipo,3.0,,"82,24",,Independiente,3222.0,0,0,0,0,0,0,0,0,0,0,0,0,0,0,0,0,0,0,0,0,0,0,0,0,0,0,0,0,0,0,0,0,0,0,0,0,1,0,0,0,0,0,0,0,0,0,0,0,0,0,0,0,0,0,0,0,0,0,0,Temp 02-2022,Independiente,3.0,T. Nuñez,Titular
Estudiantes,INDEPTE_FECHA4_ACCIONES,10,perdida,error tecnico,1.0,,"23,82",,Independiente,3229.0,0,0,0,0,0,0,0,0,0,0,0,0,0,0,0,0,0,0,0,0,0,0,0,0,0,0,0,0,0,0,0,0,0,0,0,0,0,0,0,0,0,0,0,0,0,0,0,1,0,0,0,0,0,0,0,0,0,0,0,Temp 02-2022,Independiente,1.0,Pourtau,Titular
Estudiantes,INDEPTE_FECHA4_ACCIONES,10,recuperacion,intercepcion anticipo,7.0,,"54,78",,Independiente,3247.0,0,0,0,0,0,0,0,0,0,0,0,0,0,0,0,0,0,0,0,0,0,0,0,0,0,0,0,0,0,0,0,0,0,0,0,0,1,0,0,0,0,0,0,0,0,0,0,0,0,0,0,0,0,0,0,0,0,0,0,Temp 02-2022,Independiente,7.0,Arango,Titular
Estudiantes,INDEPTE_FECHA4_ACCIONES,10,pelota parada,tiro libre,8.0,,"173,152",,Independiente,3309.0,0,0,0,0,0,0,0,0,0,0,0,0,0,0,0,0,0,0,0,0,0,0,0,0,0,0,0,0,0,0,0,0,0,0,0,0,0,0,0,0,0,0,1,0,0,0,0,0,0,0,0,0,0,0,0,0,0,0,0,Temp 02-2022,Independiente,8.0,Trombini,Titular
Estudiantes,INDEPTE_FECHA4_ACCIONES,10,perdida,intercepcion aereo,8.0,,"159,142",,Independiente,3310.0,0,0,0,0,0,0,0,0,0,0,0,0,0,0,0,0,0,0,0,0,0,0,0,0,0,0,0,0,0,0,0,0,0,0,0,0,0,0,0,0,0,0,0,0,0,0,1,0,0,0,0,0,0,0,0,0,0,0,0,Temp 02-2022,Independiente,8.0,Trombini,Titular
Estudiantes,INDEPTE_FECHA4_ACCIONES,10,pelota parada,tiro libre,6.0,1,"64,10","46,63",Independiente,3383.0,0,0,0,0,0,0,0,0,0,0,0,0,0,0,0,0,0,0,0,0,0,0,0,0,0,0,0,0,0,0,0,0,0,0,0,0,0,0,0,0,0,0,0,1,0,0,0,0,0,0,0,0,0,0,0,0,0,0,0,Temp 02-2022,Independiente,6.0,S. Nuñez,Titular
Estudiantes,INDEPTE_FECHA4_ACCIONES,10,recuperacion,intercepcion,4.0,,"85,144",,Independiente,3465.0,0,0,0,0,0,0,0,0,0,0,0,0,0,0,0,0,0,0,0,0,0,0,0,0,0,0,0,0,0,0,0,0,0,0,1,0,0,0,0,0,0,0,0,0,0,0,0,0,0,0,0,0,0,0,0,0,0,0,0,Temp 02-2022,Independiente,4.0,Caccace,Titular
Estudiantes,INDEPTE_FECHA4_ACCIONES,10,perdida,duelo,8.0,,"107,150",,Independiente,3474.0,0,0,0,0,0,0,0,0,0,0,0,0,0,0,0,0,0,0,0,0,0,0,0,0,0,0,0,0,0,0,0,0,0,0,0,0,0,0,0,0,0,0,0,0,0,0,0,0,0,0,0,0,0,0,0,0,0,0,0,Temp 02-2022,Independiente,8.0,Trombini,Titular
Estudiantes,INDEPTE_FECHA4_ACCIONES,10,duelo,disputa suelo,2.0,,"18,153",,Independiente,3481.0,0,0,0,0,0,0,0,0,0,0,0,0,0,0,0,0,0,0,1,0,0,0,0,0,0,0,0,0,0,0,0,0,0,0,0,0,0,0,0,0,0,0,0,0,0,0,0,0,0,0,0,0,0,0,0,0,0,0,0,Temp 02-2022,Independiente,2.0,Flores,Titular
Estudiantes,INDEPTE_FECHA4_ACCIONES,10,recuperacion,robo,2.0,,"33,142",,Independiente,3481.0,0,0,0,0,0,0,0,0,0,0,0,0,0,0,0,0,0,0,0,0,0,0,0,0,0,0,0,0,0,0,0,0,1,0,0,0,0,0,0,0,0,0,0,0,0,0,0,0,0,0,0,0,0,0,0,0,0,0,0,Temp 02-2022,Independiente,2.0,Flores,Titular
Estudiantes,INDEPTE_FECHA4_ACCIONES,10,perdida,error tecnico,7.0,,"106,143",,Independiente,3485.0,0,0,0,0,0,0,0,0,0,0,0,0,0,0,0,0,0,0,0,0,0,0,0,0,0,0,0,0,0,0,0,0,0,0,0,0,0,0,0,0,0,0,0,0,0,0,0,1,0,0,0,0,0,0,0,0,0,0,0,Temp 02-2022,Independiente,7.0,Arango,Titular
Estudiantes,INDEPTE_FECHA4_ACCIONES,10,pelota parada,lateral largo,4.0,9,"49,153","97,148",Independiente,3510.0,0,0,0,0,0,0,0,0,0,0,0,0,0,0,0,0,0,0,0,0,0,0,0,0,0,0,0,0,0,0,0,0,0,0,0,0,0,0,0,1,0,0,0,0,0,0,0,0,0,0,0,0,0,0,0,0,0,0,0,Temp 02-2022,Independiente,4.0,Caccace,Titular
Estudiantes,INDEPTE_FECHA4_ACCIONES,10,duelo,aereo,9.0,,"115,128",,Independiente,3511.0,0,0,0,0,0,0,0,0,0,0,0,0,0,0,0,0,1,0,0,0,0,0,0,0,0,0,0,0,0,0,0,0,0,0,0,0,0,0,0,0,0,0,0,0,0,0,0,0,0,0,0,0,0,0,0,0,0,0,0,Temp 02-2022,Independiente,9.0,Guzman,Titular
Estudiantes,INDEPTE_FECHA4_ACCIONES,10,perdida,interceptado,9.0,11,"87,127","166,134",Independiente,3512.0,0,0,0,0,0,0,0,0,0,0,0,0,0,0,0,0,0,0,0,0,0,0,0,0,0,0,0,0,0,0,0,0,0,0,0,0,0,0,0,0,0,0,0,0,0,0,1,0,0,0,0,0,0,0,0,0,0,0,0,Temp 02-2022,Independiente,9.0,Guzman,Titular
Estudiantes,INDEPTE_FECHA4_ACCIONES,10,duelo,disputa suelo,5.0,,"9,139",,Independiente,3528.0,0,0,0,0,0,0,0,0,0,0,0,0,0,0,0,0,0,0,1,0,0,0,0,0,0,0,0,0,0,0,0,0,0,0,0,0,0,0,0,0,0,0,0,0,0,0,0,0,0,0,0,0,0,0,0,0,0,0,0,Temp 02-2022,Independiente,5.0,Piñeiro,Titular
Estudiantes,INDEPTE_FECHA4_ACCIONES,10,recuperacion,robo,5.0,,"31,162",,Independiente,3529.0,0,0,0,0,0,0,0,0,0,0,0,0,0,0,0,0,0,0,0,0,0,0,0,0,0,0,0,0,0,0,0,0,1,0,0,0,0,0,0,0,0,0,0,0,0,0,0,0,0,0,0,0,0,0,0,0,0,0,0,Temp 02-2022,Independiente,5.0,Piñeiro,Titular
Estudiantes,INDEPTE_FECHA4_ACCIONES,10,perdida,intercepcion aereo,5.0,9,"3,146","100,140",Independiente,3532.0,0,0,0,0,0,0,0,0,0,0,0,0,0,0,0,0,0,0,0,0,0,0,0,0,0,0,0,0,0,0,0,0,0,0,0,0,0,0,0,0,0,0,0,0,0,0,1,0,0,0,0,0,0,0,0,0,0,0,0,Temp 02-2022,Independiente,5.0,Piñeiro,Titular
Estudiantes,INDEPTE_FECHA4_ACCIONES,10,recuperacion,encontrada,6.0,,"73,13",,Independiente,3549.0,0,0,0,0,0,0,0,0,0,0,0,0,0,0,0,0,0,0,0,0,0,0,0,0,0,0,0,0,0,0,0,0,0,1,0,0,0,0,0,0,0,0,0,0,0,0,0,0,0,0,0,0,0,0,0,0,0,0,0,Temp 02-2022,Independiente,6.0,S. Nuñez,Titular
Estudiantes,INDEPTE_FECHA4_ACCIONES,10,duelo,gambeta a favor,9.0,,"231,123",,Independiente,3588.0,0,0,0,0,0,0,0,0,0,0,0,0,0,0,0,0,0,0,0,0,0,0,1,0,0,0,0,0,0,0,0,0,0,0,0,0,0,0,0,0,0,0,0,0,0,0,0,0,0,0,0,0,0,0,0,0,0,0,0,Temp 02-2022,Independiente,9.0,Guzman,Titular
Estudiantes,INDEPTE_FECHA4_ACCIONES,10,pelota parada,lateral largo,4.0,5,"248,133","268,109",Independiente,3607.0,0,0,0,0,0,0,0,0,0,0,0,0,0,0,0,0,0,0,0,0,0,0,0,0,0,0,0,0,0,0,0,0,0,0,0,0,0,0,0,1,0,0,0,0,0,0,0,0,0,0,0,0,0,0,0,0,0,0,0,Temp 02-2022,Independiente,4.0,Caccace,Titular
Estudiantes,INDEPTE_FECHA4_ACCIONES,10,perdida,duelo,5.0,,"258,116",,Independiente,3609.0,0,0,0,0,0,0,0,0,0,0,0,0,0,0,0,0,0,0,0,0,0,0,0,0,0,0,0,0,0,0,0,0,0,0,0,0,0,0,0,0,0,0,0,0,0,0,0,0,0,0,0,0,0,0,0,0,0,0,0,Temp 02-2022,Independiente,5.0,Piñeiro,Titular
Estudiantes,INDEPTE_FECHA4_ACCIONES,10,recuperacion,encontrada,3.0,,"113,12",,Independiente,3617.0,0,0,0,0,0,0,0,0,0,0,0,0,0,0,0,0,0,0,0,0,0,0,0,0,0,0,0,0,0,0,0,0,0,1,0,0,0,0,0,0,0,0,0,0,0,0,0,0,0,0,0,0,0,0,0,0,0,0,0,Temp 02-2022,Independiente,3.0,T. Nuñez,Titular
Estudiantes,INDEPTE_FECHA4_ACCIONES,10,recuperacion,encontrada,10.0,,"96,19",,Independiente,3617.0,0,0,0,0,0,0,0,0,0,0,0,0,0,0,0,0,0,0,0,0,0,0,0,0,0,0,0,0,0,0,0,0,0,1,0,0,0,0,0,0,0,0,0,0,0,0,0,0,0,0,0,0,0,0,0,0,0,0,0,Temp 02-2022,Independiente,10.0,Amato,Titular
Estudiantes,INDEPTE_FECHA4_ACCIONES,10,duelo,aereo,15.0,,"90,30",,Independiente,4662.0,0,0,0,0,0,0,0,0,0,0,0,0,0,0,0,1,0,0,0,0,0,0,0,0,0,0,0,0,0,0,0,0,0,0,0,0,0,0,0,0,0,0,0,0,0,0,0,0,0,0,0,0,0,0,0,0,0,0,0,Temp 02-2022,Independiente,15.0,J. Ascacibar,Suplente
Estudiantes,INDEPTE_FECHA4_ACCIONES,10,perdida,duelo,15.0,,"128,35",,Independiente,4663.0,0,0,0,0,0,0,0,0,0,0,0,0,0,0,0,0,0,0,0,0,0,0,0,0,0,0,0,0,0,0,0,0,0,0,0,0,0,0,0,0,0,0,0,0,0,0,0,0,0,0,0,0,0,0,0,0,0,0,0,Temp 02-2022,Independiente,15.0,J. Ascacibar,Suplente
Estudiantes,INDEPTE_FECHA4_ACCIONES,10,recuperacion,intercepcion,6.0,,"55,24",,Independiente,4665.0,0,0,0,0,0,0,0,0,0,0,0,0,0,0,0,0,0,0,0,0,0,0,0,0,0,0,0,0,0,0,0,0,0,0,1,0,0,0,0,0,0,0,0,0,0,0,0,0,0,0,0,0,0,0,0,0,0,0,0,Temp 02-2022,Independiente,6.0,S. Nuñez,Titular
Estudiantes,INDEPTE_FECHA4_ACCIONES,10,perdida,error tecnico,6.0,,"61,41",,Independiente,4676.0,0,0,0,0,0,0,0,0,0,0,0,0,0,0,0,0,0,0,0,0,0,0,0,0,0,0,0,0,0,0,0,0,0,0,0,0,0,0,0,0,0,0,0,0,0,0,0,1,0,0,0,0,0,0,0,0,0,0,0,Temp 02-2022,Independiente,6.0,S. Nuñez,Titular
Estudiantes,INDEPTE_FECHA4_ACCIONES,10,duelo,disputa suelo,3.0,,"17,4",,Independiente,4816.0,0,0,0,0,0,0,0,0,0,0,0,0,0,0,0,0,0,0,1,0,0,0,0,0,0,0,0,0,0,0,0,0,0,0,0,0,0,1,0,0,0,0,0,0,0,0,0,0,0,0,0,0,0,0,0,0,0,0,0,Temp 02-2022,Independiente,3.0,T. Nuñez,Titular
Estudiantes,INDEPTE_FECHA4_ACCIONES,10,recuperacion,duelo,3.0,,"8,29",,Independiente,4818.0,0,0,0,0,0,0,0,0,0,0,0,0,0,0,0,0,0,0,0,0,0,0,0,0,0,0,0,0,0,0,0,0,0,0,0,0,0,0,0,0,0,0,0,0,0,0,0,0,0,0,0,0,0,0,0,0,0,0,0,Temp 02-2022,Independiente,3.0,T. Nuñez,Titular
Estudiantes,INDEPTE_FECHA4_ACCIONES,10,pelota parada,lateral largo,3.0,11,"12,2","80,40",Independiente,4836.0,0,0,0,0,0,0,0,0,0,0,0,0,0,0,0,0,0,0,0,0,0,0,0,0,0,0,0,0,0,0,0,0,0,0,0,0,0,0,1,0,0,0,0,0,0,0,0,0,0,0,0,0,0,0,0,0,0,0,0,Temp 02-2022,Independiente,3.0,T. Nuñez,Titular
Estudiantes,INDEPTE_FECHA4_ACCIONES,10,duelo,disputa suelo,15.0,,"80,33",,Independiente,4842.0,0,0,0,0,0,0,0,0,0,0,0,0,0,0,0,0,0,1,0,0,0,0,0,0,0,0,0,0,0,0,0,0,0,0,0,0,0,0,0,0,0,0,0,0,0,0,0,0,0,0,0,0,0,0,0,0,0,0,0,Temp 02-2022,Independiente,15.0,J. Ascacibar,Suplente
Estudiantes,INDEPTE_FECHA4_ACCIONES,10,perdida,duelo,15.0,,"79,26",,Independiente,4842.0,0,0,0,0,0,0,0,0,0,0,0,0,0,0,0,0,0,0,0,0,0,0,0,0,0,0,0,0,0,0,0,0,0,0,0,0,0,0,0,0,0,0,0,0,0,0,0,0,0,0,0,0,0,0,0,0,0,0,0,Temp 02-2022,Independiente,15.0,J. Ascacibar,Suplente
Estudiantes,INDEPTE_FECHA4_ACCIONES,10,recuperacion,intercepcion anticipo,4.0,,"47,153",,Independiente,4847.0,0,0,0,0,0,0,0,0,0,0,0,0,0,0,0,0,0,0,0,0,0,0,0,0,0,0,0,0,0,0,0,0,0,0,0,0,1,0,0,0,0,0,0,0,0,0,0,0,0,0,0,0,0,0,0,0,0,0,0,Temp 02-2022,Independiente,4.0,Caccace,Titular
Estudiantes,INDEPTE_FECHA4_ACCIONES,10,pelota parada,tiro libre,8.0,2,"174,77","243,61",Independiente,4896.0,0,0,0,0,0,0,0,0,0,0,0,0,0,0,0,0,0,0,0,0,0,0,0,0,0,0,0,0,0,0,0,0,0,0,0,0,0,0,0,0,0,0,1,0,0,0,0,0,0,0,0,0,0,0,0,0,0,0,0,Temp 02-2022,Independiente,8.0,Trombini,Titular
Estudiantes,INDEPTE_FECHA4_ACCIONES,10,perdida,intercepcion aereo,8.0,2,"152,65","258,66",Independiente,4897.0,0,0,0,0,0,0,0,0,0,0,0,0,0,0,0,0,0,0,0,0,0,0,0,0,0,0,0,0,0,0,0,0,0,0,0,0,0,0,0,0,0,0,0,0,0,0,1,0,0,0,0,0,0,0,0,0,0,0,0,Temp 02-2022,Independiente,8.0,Trombini,Titular
Estudiantes,INDEPTE_FECHA4_ACCIONES,10,recuperacion,encontrada,2.0,,"77,156",,Independiente,4927.0,0,0,0,0,0,0,0,0,0,0,0,0,0,0,0,0,0,0,0,0,0,0,0,0,0,0,0,0,0,0,0,0,0,1,0,0,0,0,0,0,0,0,0,0,0,0,0,0,0,0,0,0,0,0,0,0,0,0,0,Temp 02-2022,Independiente,2.0,Flores,Titular
Estudiantes,INDEPTE_FECHA4_ACCIONES,10,perdida,balon afuera lateral,9.0,,"149,144",,Independiente,4932.0,0,0,0,0,0,0,0,0,0,0,0,0,0,0,0,0,0,0,0,0,0,0,0,0,0,0,0,0,0,0,0,0,0,0,0,0,0,0,0,0,0,0,0,0,0,0,0,0,1,0,0,0,0,0,0,0,0,0,0,Temp 02-2022,Independiente,9.0,Guzman,Titular
Estudiantes,INDEPTE_FECHA4_ACCIONES,10,duelo,aereo,8.0,,"112,157",,Independiente,4956.0,0,0,0,0,0,0,0,0,0,0,0,0,0,0,0,0,1,0,0,0,0,0,0,0,0,0,0,0,0,0,0,0,0,0,0,0,0,0,0,0,0,0,0,0,0,0,0,0,0,0,0,0,0,0,0,0,0,0,0,Temp 02-2022,Independiente,8.0,Trombini,Titular
Estudiantes,INDEPTE_FECHA4_ACCIONES,10,recuperacion,intercepcion aereo,8.0,,"122,138",,Independiente,4957.0,0,0,0,0,0,0,0,0,0,0,0,0,0,0,0,0,0,0,0,0,0,0,0,0,0,0,0,0,0,0,0,0,0,0,0,1,0,0,0,0,0,0,0,0,0,0,0,0,0,0,0,0,0,0,0,0,0,0,0,Temp 02-2022,Independiente,8.0,Trombini,Titular
Estudiantes,INDEPTE_FECHA4_ACCIONES,10,pelota parada,tiro libre,8.0,6,"177,123","233,91",Independiente,5010.0,0,0,0,0,0,0,0,0,0,0,0,0,0,0,0,0,0,0,0,0,0,0,0,0,0,0,0,0,0,0,0,0,0,0,0,0,0,0,0,0,0,0,0,1,0,0,0,0,0,0,0,0,0,0,0,0,0,0,0,Temp 02-2022,Independiente,8.0,Trombini,Titular
Estudiantes,INDEPTE_FECHA4_ACCIONES,10,recuperacion,duelo,3.0,,"39,14",,Independiente,5175.0,0,0,0,0,0,0,0,0,0,0,0,0,0,0,0,0,0,0,0,0,0,0,0,0,0,0,0,0,0,0,0,0,0,0,0,0,0,0,0,0,0,0,0,0,0,0,0,0,0,0,0,0,0,0,0,0,0,0,0,Temp 02-2022,Independiente,3.0,T. Nuñez,Titular
Estudiantes,INDEPTE_FECHA4_ACCIONES,10,pelota parada,tiro libre,1.0,11,"25,20","165,1",Independiente,5199.0,0,0,0,0,0,0,0,0,0,0,0,0,0,0,0,0,0,0,0,0,0,0,0,0,0,0,0,0,0,0,0,0,0,0,0,0,0,0,0,0,0,0,1,0,0,0,0,0,0,0,0,0,0,0,0,0,0,0,0,Temp 02-2022,Independiente,1.0,Pourtau,Titular
Estudiantes,INDEPTE_FECHA4_ACCIONES,10,perdida,balon afuera lateral,1.0,11,"8,23","179,15",Independiente,5201.0,0,0,0,0,0,0,0,0,0,0,0,0,0,0,0,0,0,0,0,0,0,0,0,0,0,0,0,0,0,0,0,0,0,0,0,0,0,0,0,0,0,0,0,0,0,0,0,0,1,0,0,0,0,0,0,0,0,0,0,Temp 02-2022,Independiente,1.0,Pourtau,Titular
Estudiantes,INDEPTE_FECHA4_ACCIONES,10,recuperacion,intercepcion,5.0,,"62,140",,Independiente,5286.0,0,0,0,0,0,0,0,0,0,0,0,0,0,0,0,0,0,0,0,0,0,0,0,0,0,0,0,0,0,0,0,0,0,0,1,0,0,0,0,0,0,0,0,0,0,0,0,0,0,0,0,0,0,0,0,0,0,0,0,Temp 02-2022,Independiente,5.0,Piñeiro,Titular
Estudiantes,INDEPTE_FECHA4_ACCIONES,10,perdida,duelo,7.0,,"233,162",,Independiente,5326.0,0,0,0,0,0,0,0,0,0,0,0,0,0,0,0,0,0,0,0,0,0,0,0,0,0,0,0,0,0,0,0,0,0,0,0,0,0,0,0,0,0,0,0,0,0,0,0,0,0,0,0,0,0,0,0,0,0,0,0,Temp 02-2022,Independiente,7.0,Arango,Titular
Estudiantes,INDEPTE_FECHA4_ACCIONES,10,recuperacion,intercepcion anticipo,15.0,,"212,138",,Independiente,5329.0,0,0,0,0,0,0,0,0,0,0,0,0,0,0,0,0,0,0,0,0,0,0,0,0,0,0,0,0,0,0,0,0,0,0,0,0,1,0,0,0,0,0,0,0,0,0,0,0,0,0,0,0,0,0,0,0,0,0,0,Temp 02-2022,Independiente,15.0,J. Ascacibar,Suplente
Estudiantes,INDEPTE_FECHA4_ACCIONES,10,perdida,error tecnico,15.0,,"214,144",,Independiente,5334.0,0,0,0,0,0,0,0,0,0,0,0,0,0,0,0,0,0,0,0,0,0,0,0,0,0,0,0,0,0,0,0,0,0,0,0,0,0,0,0,0,0,0,0,0,0,0,0,1,0,0,0,0,0,0,0,0,0,0,0,Temp 02-2022,Independiente,15.0,J. Ascacibar,Suplente
Estudiantes,INDEPTE_FECHA4_ACCIONES,10,recuperacion,intercepcion aereo,3.0,,"80,41",,Independiente,5350.0,0,0,0,0,0,0,0,0,0,0,0,0,0,0,0,0,0,0,0,0,0,0,0,0,0,0,0,0,0,0,0,0,0,0,0,1,0,0,0,0,0,0,0,0,0,0,0,0,0,0,0,0,0,0,0,0,0,0,0,Temp 02-2022,Independiente,3.0,T. Nuñez,Titular
Estudiantes,INDEPTE_FECHA4_ACCIONES,10,perdida,interceptado,3.0,9,"57,33","203,24",Independiente,5357.0,0,0,0,0,0,0,0,0,0,0,0,0,0,0,0,0,0,0,0,0,0,0,0,0,0,0,0,0,0,0,0,0,0,0,0,0,0,0,0,0,0,0,0,0,0,0,1,0,0,0,0,0,0,0,0,0,0,0,0,Temp 02-2022,Independiente,3.0,T. Nuñez,Titular
Estudiantes,INDEPTE_FECHA4_ACCIONES,10,duelo,disputa suelo,6.0,,"65,27",,Independiente,5402.0,0,0,0,0,0,0,0,0,0,0,0,0,0,0,0,0,0,0,1,0,0,0,0,0,0,0,0,0,0,0,0,0,0,0,0,0,0,0,0,0,0,0,0,0,0,0,0,0,0,0,0,0,0,0,0,0,0,0,0,Temp 02-2022,Independiente,6.0,S. Nuñez,Titular
Estudiantes,INDEPTE_FECHA4_ACCIONES,10,recuperacion,intercepcion anticipo,6.0,,"55,19",,Independiente,5403.0,0,0,0,0,0,0,0,0,0,0,0,0,0,0,0,0,0,0,0,0,0,0,0,0,0,0,0,0,0,0,0,0,0,0,0,0,1,0,0,0,0,0,0,0,0,0,0,0,0,0,0,0,0,0,0,0,0,0,0,Temp 02-2022,Independiente,6.0,S. Nuñez,Titular
Estudiantes,INDEPTE_FECHA4_ACCIONES,10,perdida,intercepcion aereo,3.0,9,"189,11","229,75",Independiente,5453.0,0,0,0,0,0,0,0,0,0,0,0,0,0,0,0,0,0,0,0,0,0,0,0,0,0,0,0,0,0,0,0,0,0,0,0,0,0,0,0,0,0,0,0,0,0,0,1,0,0,0,0,0,0,0,0,0,0,0,0,Temp 02-2022,Independiente,3.0,T. Nuñez,Titular
Estudiantes,INDEPTE_FECHA4_ACCIONES,10,duelo,disputa suelo,6.0,,"128,33",,Independiente,5466.0,0,0,0,0,0,0,0,0,0,0,0,0,0,0,0,0,0,0,1,0,0,0,0,0,0,0,0,0,0,0,0,0,0,0,0,0,0,0,0,0,0,0,0,0,0,0,0,0,0,0,0,0,0,0,0,0,0,0,0,Temp 02-2022,Independiente,6.0,S. Nuñez,Titular
Estudiantes,INDEPTE_FECHA4_ACCIONES,10,recuperacion,intercepcion anticipo,6.0,,"95,8",,Independiente,5467.0,0,0,0,0,0,0,0,0,0,0,0,0,0,0,0,0,0,0,0,0,0,0,0,0,0,0,0,0,0,0,0,0,0,0,0,0,1,0,0,0,0,0,0,0,0,0,0,0,0,0,0,0,0,0,0,0,0,0,0,Temp 02-2022,Independiente,6.0,S. Nuñez,Titular
Estudiantes,INDEPTE_FECHA4_ACCIONES,10,duelo,gambeta a favor,3.0,,"107,13",,Independiente,5479.0,0,0,0,0,0,0,0,0,0,0,0,0,0,0,0,0,0,0,0,0,0,0,1,0,0,0,0,0,0,0,0,0,0,0,0,0,0,0,0,0,0,0,0,0,0,0,0,0,0,0,0,0,0,0,0,0,0,0,0,Temp 02-2022,Independiente,3.0,T. Nuñez,Titular
Estudiantes,INDEPTE_FECHA4_ACCIONES,10,pelota parada,tiro de esquina,8.0,15,"239,12","187,61",Independiente,5509.0,0,0,0,0,0,0,0,0,0,0,0,0,0,0,0,0,0,0,0,0,0,0,0,0,0,0,0,0,0,0,0,0,0,0,0,0,0,0,0,0,1,0,0,0,0,0,0,0,0,0,0,0,0,0,0,0,0,0,0,Temp 02-2022,Independiente,8.0,Trombini,Titular
Estudiantes,INDEPTE_FECHA4_ACCIONES,10,perdida,intercepcion aereo,15.0,9,"212,64","220,81",Independiente,5512.0,0,0,0,0,0,0,0,0,0,0,0,0,0,0,0,0,0,0,0,0,0,0,0,0,0,0,0,0,0,0,0,0,0,0,0,0,0,0,0,0,0,0,0,0,0,0,1,0,0,0,0,0,0,0,0,0,0,0,0,Temp 02-2022,Independiente,15.0,J. Ascacibar,Suplente
Estudiantes,INDEPTE_FECHA4_ACCIONES,10,pelota parada,lateral corto,3.0,5,"169,30","178,9",Independiente,5566.0,0,0,0,0,0,0,0,0,0,0,0,0,0,0,0,0,0,0,0,0,0,0,0,0,0,0,0,0,0,0,0,0,0,0,0,0,0,0,1,0,0,0,0,0,0,0,0,0,0,0,0,0,0,0,0,0,0,0,0,Temp 02-2022,Independiente,3.0,T. Nuñez,Titular
Estudiantes,INDEPTE_FECHA4_ACCIONES,10,duelo,aereo,8.0,,"212,150",,Independiente,5576.0,0,0,0,0,0,0,0,0,0,0,0,0,0,0,0,1,0,0,0,0,0,0,0,0,0,0,0,0,0,0,0,0,0,0,0,0,0,0,0,0,0,0,0,0,0,0,0,0,0,0,0,0,0,0,0,0,0,0,0,Temp 02-2022,Independiente,8.0,Trombini,Titular
Estudiantes,INDEPTE_FECHA4_ACCIONES,10,perdida,duelo,8.0,,"208,157",,Independiente,5577.0,0,0,0,0,0,0,0,0,0,0,0,0,0,0,0,0,0,0,0,0,0,0,0,0,0,0,0,0,0,0,0,0,0,0,0,0,0,0,0,0,0,0,0,0,0,0,0,0,0,0,0,0,0,0,0,0,0,0,0,Temp 02-2022,Independiente,8.0,Trombini,Titular
Estudiantes,INDEPTE_FECHA4_ACCIONES,10,pelota parada,lateral corto,3.0,11,"269,32","232,6",Independiente,5689.0,0,0,0,0,0,0,0,0,0,0,0,0,0,0,0,0,0,0,0,0,0,0,0,0,0,0,0,0,0,0,0,0,0,0,0,0,0,0,0,1,0,0,0,0,0,0,0,0,0,0,0,0,0,0,0,0,0,0,0,Temp 02-2022,Independiente,3.0,T. Nuñez,Titular
Estudiantes,INDEPTE_FECHA4_ACCIONES,10,pelota parada,tiro de esquina,8.0,6,"247,26","231,87",Independiente,5721.0,0,0,0,0,0,0,0,0,0,0,0,0,0,0,0,0,0,0,0,0,0,0,0,0,0,0,0,0,0,0,0,0,0,0,0,0,0,0,0,0,0,1,0,0,0,0,0,0,0,0,0,0,0,0,0,0,0,0,0,Temp 02-2022,Independiente,8.0,Trombini,Titular
Estudiantes,INDEPTE_FECHA4_ACCIONES,10,perdida,atajada,6.0,,"222,81",,Independiente,5723.0,0,0,0,0,0,0,0,0,0,0,0,0,0,0,0,0,0,0,0,0,0,0,0,0,0,0,0,0,0,0,0,0,0,0,0,0,0,0,0,0,0,0,0,0,0,0,0,0,0,0,1,0,0,0,0,0,0,0,0,Temp 02-2022,Independiente,6.0,S. Nuñez,Titular
Estudiantes,INDEPTE_FECHA4_ACCIONES,10,pelota parada,lateral corto,3.0,5,"126,17","92,14",Independiente,5759.0,0,0,0,0,0,0,0,0,0,0,0,0,0,0,0,0,0,0,0,0,0,0,0,0,0,0,0,0,0,0,0,0,0,0,0,0,0,0,0,1,0,0,0,0,0,0,0,0,0,0,0,0,0,0,0,0,0,0,0,Temp 02-2022,Independiente,3.0,T. Nuñez,Titular
Estudiantes,INDEPTE_FECHA4_ACCIONES,10,duelo,gambeta a favor,9.0,,"155,22",,Independiente,5801.0,0,0,0,0,0,0,0,0,0,0,0,0,0,0,0,0,0,0,0,0,0,0,1,0,0,0,0,0,0,0,0,0,0,0,0,0,0,0,0,0,0,0,0,0,0,0,0,0,0,0,0,0,0,0,0,0,0,0,0,Temp 02-2022,Independiente,9.0,Guzman,Titular
Estudiantes,INDEPTE_FECHA4_ACCIONES,10,perdida,intercepcion aereo,8.0,11,"235,38","251,97",Independiente,5816.0,0,0,0,0,0,0,0,0,0,0,0,0,0,0,0,0,0,0,0,0,0,0,0,0,0,0,0,0,0,0,0,0,0,0,0,0,0,0,0,0,0,0,0,0,0,0,1,0,0,0,0,0,0,0,0,0,0,0,0,Temp 02-2022,Independiente,8.0,Trombini,Titular
Estudiantes,INDEPTE_FECHA4_ACCIONES,10,pelota parada,tiro de esquina,3.0,9,"271,1","242,60",Independiente,5847.0,0,0,0,0,0,0,0,0,0,0,0,0,0,0,0,0,0,0,0,0,0,0,0,0,0,0,0,0,0,0,0,0,0,0,0,0,0,0,0,0,1,0,0,0,0,0,0,0,0,0,0,0,0,0,0,0,0,0,0,Temp 02-2022,Independiente,3.0,T. Nuñez,Titular
Estudiantes,INDEPTE_FECHA4_ACCIONES,10,duelo,disputa suelo,9.0,,"254,82",,Independiente,5850.0,0,0,0,0,0,0,0,0,0,0,0,0,0,0,0,0,0,1,0,0,0,0,0,0,0,0,0,0,0,0,0,0,0,0,0,0,0,0,0,0,0,0,0,0,0,0,0,0,0,0,0,0,0,0,0,0,0,0,0,Temp 02-2022,Independiente,9.0,Guzman,Titular
Estudiantes,INDEPTE_FECHA4_ACCIONES,10,perdida,duelo,9.0,,"251,75",,Independiente,5850.0,0,0,0,0,0,0,0,0,0,0,0,0,0,0,0,0,0,0,0,0,0,0,0,0,0,0,0,0,0,0,0,0,0,0,0,0,0,0,0,0,0,0,0,0,0,0,0,0,0,0,0,0,0,0,0,0,0,0,0,Temp 02-2022,Independiente,9.0,Guzman,Titular
Estudiantes,INDEPTE_FECHA4_ACCIONES,10,duelo,disputa suelo,6.0,,"104,14",,Independiente,5856.0,0,0,0,0,0,0,0,0,0,0,0,0,0,0,0,0,0,0,1,0,0,0,0,0,0,0,0,0,0,0,0,0,0,0,0,0,0,1,0,0,0,0,0,0,0,0,0,0,0,0,0,0,0,0,0,0,0,0,0,Temp 02-2022,Independiente,6.0,S. Nuñez,Titular
Estudiantes,INDEPTE_FECHA4_ACCIONES,10,recuperacion,duelo,6.0,,"119,34",,Independiente,5857.0,0,0,0,0,0,0,0,0,0,0,0,0,0,0,0,0,0,0,0,0,0,0,0,0,0,0,0,0,0,0,0,0,0,0,0,0,0,0,0,0,0,0,0,0,0,0,0,0,0,0,0,0,0,0,0,0,0,0,0,Temp 02-2022,Independiente,6.0,S. Nuñez,Titular
Estudiantes,INDEPTE_FECHA4_ACCIONES,10,pelota parada,lateral corto,3.0,6,"95,20","79,9",Independiente,5868.0,0,0,0,0,0,0,0,0,0,0,0,0,0,0,0,0,0,0,0,0,0,0,0,0,0,0,0,0,0,0,0,0,0,0,0,0,0,0,0,1,0,0,0,0,0,0,0,0,0,0,0,0,0,0,0,0,0,0,0,Temp 02-2022,Independiente,3.0,T. Nuñez,Titular
Estudiantes,INDEPTE_FECHA4_ACCIONES,10,perdida,duelo,7.0,,"205,151",,Independiente,5899.0,0,0,0,0,0,0,0,0,0,0,0,0,0,0,0,0,0,0,0,0,0,0,0,0,0,0,0,0,0,0,0,0,0,0,0,0,0,0,0,0,0,0,0,0,0,0,0,0,0,0,0,0,0,0,0,0,0,0,0,Temp 02-2022,Independiente,7.0,Arango,Titular
Estudiantes,INDEPTE_FECHA4_ACCIONES,10,duelo,disputa suelo,7.0,,"195,141",,Independiente,5902.0,0,0,0,0,0,0,0,0,0,0,0,0,0,0,0,0,0,0,1,0,0,0,0,0,0,0,0,0,0,0,0,0,0,0,0,0,0,1,0,0,0,0,0,0,0,0,0,0,0,0,0,0,0,0,0,0,0,0,0,Temp 02-2022,Independiente,7.0,Arango,Titular
Estudiantes,INDEPTE_FECHA4_ACCIONES,10,recuperacion,duelo,7.0,,"199,155",,Independiente,5903.0,0,0,0,0,0,0,0,0,0,0,0,0,0,0,0,0,0,0,0,0,0,0,0,0,0,0,0,0,0,0,0,0,0,0,0,0,0,0,0,0,0,0,0,0,0,0,0,0,0,0,0,0,0,0,0,0,0,0,0,Temp 02-2022,Independiente,7.0,Arango,Titular
Estudiantes,INDEPTE_FECHA4_ACCIONES,10,duelo,disputa suelo,9.0,,"194,69",,Independiente,5908.0,0,0,0,0,0,0,0,0,0,0,0,0,0,0,0,0,0,1,0,0,0,0,0,0,0,0,0,0,0,0,0,0,0,0,0,0,0,0,0,0,0,0,0,0,0,0,0,0,0,0,0,0,0,0,0,0,0,0,0,Temp 02-2022,Independiente,9.0,Guzman,Titular
Estudiantes,INDEPTE_FECHA4_ACCIONES,10,perdida,duelo,9.0,,"218,100",,Independiente,5908.0,0,0,0,0,0,0,0,0,0,0,0,0,0,0,0,0,0,0,0,0,0,0,0,0,0,0,0,0,0,0,0,0,0,0,0,0,0,0,0,0,0,0,0,0,0,0,0,0,0,0,0,0,0,0,0,0,0,0,0,Temp 02-2022,Independiente,9.0,Guzman,Titular
Estudiantes,INDEPTE_FECHA4_ACCIONES,10,recuperacion,encontrada,6.0,,"89,91",,Independiente,5911.0,0,0,0,0,0,0,0,0,0,0,0,0,0,0,0,0,0,0,0,0,0,0,0,0,0,0,0,0,0,0,0,0,0,1,0,0,0,0,0,0,0,0,0,0,0,0,0,0,0,0,0,0,0,0,0,0,0,0,0,Temp 02-2022,Independiente,6.0,S. Nuñez,Titular
Estudiantes,INDEPTE_FECHA4_ACCIONES,10,perdida,duelo,9.0,,"192,67",,Independiente,5916.0,0,0,0,0,0,0,0,0,0,0,0,0,0,0,0,0,0,0,0,0,0,0,0,0,0,0,0,0,0,0,0,0,0,0,0,0,0,0,0,0,0,0,0,0,0,0,0,0,0,0,0,0,0,0,0,0,0,0,0,Temp 02-2022,Independiente,9.0,Guzman,Titular
Estudiantes,INDEPTE_FECHA4_ACCIONES,10,recuperacion,intercepcion anticipo,4.0,,"62,147",,Independiente,5931.0,0,0,0,0,0,0,0,0,0,0,0,0,0,0,0,0,0,0,0,0,0,0,0,0,0,0,0,0,0,0,0,0,0,0,0,0,1,0,0,0,0,0,0,0,0,0,0,0,0,0,0,0,0,0,0,0,0,0,0,Temp 02-2022,Independiente,4.0,Caccace,Titular
Estudiantes,INDEPTE_FECHA4_ACCIONES,10,perdida,duelo,4.0,,"68,154",,Independiente,5936.0,0,0,0,0,0,0,0,0,0,0,0,0,0,0,0,0,0,0,0,0,0,0,0,0,0,0,0,0,0,0,0,0,0,0,0,0,0,0,0,0,0,0,0,0,0,0,0,0,0,0,0,0,0,0,0,0,0,0,0,Temp 02-2022,Independiente,4.0,Caccace,Titular
Estudiantes,INDEPTE_FECHA4_ACCIONES,10,recuperacion,duelo,2.0,,"64,129",,Independiente,5940.0,0,0,0,0,0,0,0,0,0,0,0,0,0,0,0,0,0,0,0,0,0,0,0,0,0,0,0,0,0,0,0,0,0,0,0,0,0,0,0,0,0,0,0,0,0,0,0,0,0,0,0,0,0,0,0,0,0,0,0,Temp 02-2022,Independiente,2.0,Flores,Titular
Estudiantes,INDEPTE_FECHA4_ACCIONES,10,perdida,duelo,11.0,,"120,131",,Independiente,6019.0,0,0,0,0,0,0,0,0,0,0,0,0,0,0,0,0,0,0,0,0,0,0,0,0,0,0,0,0,0,0,0,0,0,0,0,0,0,0,0,0,0,0,0,0,0,0,0,0,0,0,0,0,0,0,0,0,0,0,0,Temp 02-2022,Independiente,11.0,Moreno,Titular
Estudiantes,INDEPTE_FECHA4_ACCIONES,10,duelo,disputa suelo,3.0,,"84,3",,Independiente,6029.0,0,0,0,0,0,0,0,0,0,0,0,0,0,0,0,0,0,0,1,0,0,0,0,0,0,0,0,0,0,0,0,0,0,0,0,0,0,1,0,0,0,0,0,0,0,0,0,0,0,0,0,0,0,0,0,0,0,0,0,Temp 02-2022,Independiente,3.0,T. Nuñez,Titular
Estudiantes,INDEPTE_FECHA4_ACCIONES,10,recuperacion,duelo,3.0,,"64,23",,Independiente,6029.0,0,0,0,0,0,0,0,0,0,0,0,0,0,0,0,0,0,0,0,0,0,0,0,0,0,0,0,0,0,0,0,0,0,0,0,0,0,0,0,0,0,0,0,0,0,0,0,0,0,0,0,0,0,0,0,0,0,0,0,Temp 02-2022,Independiente,3.0,T. Nuñez,Titular
Estudiantes,INDEPTE_FECHA4_ACCIONES,10,pelota parada,lateral corto,3.0,21,"84,22","93,26",Independiente,6040.0,0,0,0,0,0,0,0,0,0,0,0,0,0,0,0,0,0,0,0,0,0,0,0,0,0,0,0,0,0,0,0,0,0,0,0,0,0,0,0,1,0,0,0,0,0,0,0,0,0,0,0,0,0,0,0,0,0,0,0,Temp 02-2022,Independiente,3.0,T. Nuñez,Titular
Estudiantes,INDEPTE_FECHA4_ACCIONES,10,perdida,duelo,21.0,,"103,39",,Independiente,6040.0,0,0,0,0,0,0,0,0,0,0,0,0,0,0,0,0,0,0,0,0,0,0,0,0,0,0,0,0,0,0,0,0,0,0,0,0,0,0,0,0,0,0,0,0,0,0,0,0,0,0,0,0,0,0,0,0,0,0,0,Temp 02-2022,Independiente,21.0,A. Palavecino,Suplente
Estudiantes,INDEPTE_FECHA4_ACCIONES,10,recuperacion,encontrada,15.0,,"61,85",,Independiente,6053.0,0,0,0,0,0,0,0,0,0,0,0,0,0,0,0,0,0,0,0,0,0,0,0,0,0,0,0,0,0,0,0,0,0,1,0,0,0,0,0,0,0,0,0,0,0,0,0,0,0,0,0,0,0,0,0,0,0,0,0,Temp 02-2022,Independiente,15.0,J. Ascacibar,Suplente
Estudiantes,INDEPTE_FECHA4_ACCIONES,10,duelo,gambeta a favor,15.0,,"75,96",,Independiente,6055.0,0,0,0,0,0,0,0,0,0,0,0,0,0,0,0,0,0,0,0,0,0,0,1,0,0,0,0,0,0,0,0,0,0,0,0,0,0,0,0,0,0,0,0,0,0,0,0,0,0,0,0,0,0,0,0,0,0,0,0,Temp 02-2022,Independiente,15.0,J. Ascacibar,Suplente
Estudiantes,INDEPTE_FECHA4_ACCIONES,10,perdida,intercepcion aereo,15.0,21,"76,92","159,7",Independiente,6059.0,0,0,0,0,0,0,0,0,0,0,0,0,0,0,0,0,0,0,0,0,0,0,0,0,0,0,0,0,0,0,0,0,0,0,0,0,0,0,0,0,0,0,0,0,0,0,1,0,0,0,0,0,0,0,0,0,0,0,0,Temp 02-2022,Independiente,15.0,J. Ascacibar,Suplente
Estudiantes,INDEPTE_FECHA4_ACCIONES,10,recuperacion,encontrada,15.0,,"83,15",,Independiente,6075.0,0,0,0,0,0,0,0,0,0,0,0,0,0,0,0,0,0,0,0,0,0,0,0,0,0,0,0,0,0,0,0,0,0,1,0,0,0,0,0,0,0,0,0,0,0,0,0,0,0,0,0,0,0,0,0,0,0,0,0,Temp 02-2022,Independiente,15.0,J. Ascacibar,Suplente
Estudiantes,INDEPTE_FECHA4_ACCIONES,10,pelota parada,tiro libre,6.0,11,"81,38","190,27",Independiente,6106.0,0,0,0,0,0,0,0,0,0,0,0,0,0,0,0,0,0,0,0,0,0,0,0,0,0,0,0,0,0,0,0,0,0,0,0,0,0,0,0,0,0,0,0,1,0,0,0,0,0,0,0,0,0,0,0,0,0,0,0,Temp 02-2022,Independiente,6.0,S. Nuñez,Titular
Estudiantes,INDEPTE_FECHA4_ACCIONES,10,pelota parada,lateral corto,3.0,11,"213,11","264,40",Independiente,6123.0,0,0,0,0,0,0,0,0,0,0,0,0,0,0,0,0,0,0,0,0,0,0,0,0,0,0,0,0,0,0,0,0,0,0,0,0,0,0,0,1,0,0,0,0,0,0,0,0,0,0,0,0,0,0,0,0,0,0,0,Temp 02-2022,Independiente,3.0,T. Nuñez,Titular
Estudiantes,INDEPTE_FECHA4_ACCIONES,10,perdida,balon afuera fondo,11.0,,"252,6",,Independiente,6127.0,0,0,0,0,0,0,0,0,0,0,0,0,0,0,0,0,0,0,0,0,0,0,0,0,0,0,0,0,0,0,0,0,0,0,0,0,0,0,0,0,0,0,0,0,0,0,0,0,1,0,0,0,0,0,0,0,0,0,0,Temp 02-2022,Independiente,11.0,Moreno,Titular
Estudiantes,INDEPTE_FECHA4_ACCIONES,10,pelota parada,lateral corto,3.0,11,"165,2","148,31",Independiente,6160.0,0,0,0,0,0,0,0,0,0,0,0,0,0,0,0,0,0,0,0,0,0,0,0,0,0,0,0,0,0,0,0,0,0,0,0,0,0,0,0,1,0,0,0,0,0,0,0,0,0,0,0,0,0,0,0,0,0,0,0,Temp 02-2022,Independiente,3.0,T. Nuñez,Titular
Estudiantes,INDEPTE_FECHA4_ACCIONES,10,pelota parada,lateral corto,3.0,15,"201,34","191,25",Independiente,6168.0,0,0,0,0,0,0,0,0,0,0,0,0,0,0,0,0,0,0,0,0,0,0,0,0,0,0,0,0,0,0,0,0,0,0,0,0,0,0,0,1,0,0,0,0,0,0,0,0,0,0,0,0,0,0,0,0,0,0,0,Temp 02-2022,Independiente,3.0,T. Nuñez,Titular
Estudiantes,INDEPTE_FECHA4_ACCIONES,10,perdida,duelo,11.0,,"236,36",,Independiente,6205.0,0,0,0,0,0,0,0,0,0,0,0,0,0,0,0,0,0,0,0,0,0,0,0,0,0,0,0,0,0,0,0,0,0,0,0,0,0,0,0,0,0,0,0,0,0,0,0,0,0,0,0,0,0,0,0,0,0,0,0,Temp 02-2022,Independiente,11.0,Moreno,Titular
Estudiantes,INDEPTE_FECHA4_ACCIONES,10,recuperacion,encontrada,7.0,,"238,9",,Independiente,6224.0,0,0,0,0,0,0,0,0,0,0,0,0,0,0,0,0,0,0,0,0,0,0,0,0,0,0,0,0,0,0,0,0,0,1,0,0,0,0,0,0,0,0,0,0,0,0,0,0,0,0,0,0,0,0,0,0,0,0,0,Temp 02-2022,Independiente,7.0,Arango,Titular
Estudiantes,INDEPTE_FECHA4_ACCIONES,10,duelo,gambeta a favor,3.0,,"188,29",,Independiente,6230.0,0,0,0,0,0,0,0,0,0,0,0,0,0,0,0,0,0,0,0,0,0,0,1,0,0,0,0,0,0,0,0,0,0,0,0,0,0,0,0,0,0,0,0,0,0,0,0,0,0,0,0,0,0,0,0,0,0,0,0,Temp 02-2022,Independiente,3.0,T. Nuñez,Titular
Estudiantes,INDEPTE_FECHA4_ACCIONES,10,pelota parada,tiro de esquina,8.0,3,"258,0","239,39",Independiente,6262.0,0,0,0,0,0,0,0,0,0,0,0,0,0,0,0,0,0,0,0,0,0,0,0,0,0,0,0,0,0,0,0,0,0,0,0,0,0,0,0,0,1,0,0,0,0,0,0,0,0,0,0,0,0,0,0,0,0,0,0,Temp 02-2022,Independiente,8.0,Trombini,Titular
Estudiantes,INDEPTE_FECHA4_ACCIONES,10,perdida,intercepcion aereo,15.0,,"203,83",,Independiente,6271.0,0,0,0,0,0,0,0,0,0,0,0,0,0,0,0,0,0,0,0,0,0,0,0,0,0,0,0,0,0,0,0,0,0,0,0,0,0,0,0,0,0,0,0,0,0,0,1,0,0,0,0,0,0,0,0,0,0,0,0,Temp 02-2022,Independiente,15.0,J. Ascacibar,Suplente
Estudiantes,INDEPTE_FECHA4_ACCIONES,10,recuperacion,encontrada,5.0,,"85,155",,Independiente,6279.0,0,0,0,0,0,0,0,0,0,0,0,0,0,0,0,0,0,0,0,0,0,0,0,0,0,0,0,0,0,0,0,0,0,1,0,0,0,0,0,0,0,0,0,0,0,0,0,0,0,0,0,0,0,0,0,0,0,0,0,Temp 02-2022,Independiente,5.0,Piñeiro,Titular
Estudiantes,INDEPTE_FECHA4_ACCIONES,10,duelo,aereo,11.0,,"196,12",,Independiente,6321.0,0,0,0,0,0,0,0,0,0,0,0,0,0,0,0,1,0,0,0,0,0,0,0,0,0,0,0,0,0,0,0,0,0,0,0,0,0,0,0,0,0,0,0,0,0,0,0,0,0,0,0,0,0,0,0,0,0,0,0,Temp 02-2022,Independiente,11.0,Moreno,Titular
Estudiantes,INDEPTE_FECHA4_ACCIONES,10,perdida,duelo,11.0,,"219,12",,Independiente,6321.0,0,0,0,0,0,0,0,0,0,0,0,0,0,0,0,0,0,0,0,0,0,0,0,0,0,0,0,0,0,0,0,0,0,0,0,0,0,0,0,0,0,0,0,0,0,0,0,0,0,0,0,0,0,0,0,0,0,0,0,Temp 02-2022,Independiente,11.0,Moreno,Titular
Estudiantes,INDEPTE_FECHA4_ACCIONES,10,pelota parada,tiro libre,6.0,5,"84,69","126,92",Independiente,6337.0,0,0,0,0,0,0,0,0,0,0,0,0,0,0,0,0,0,0,0,0,0,0,0,0,0,0,0,0,0,0,0,0,0,0,0,0,0,0,0,0,0,0,0,1,0,0,0,0,0,0,0,0,0,0,0,0,0,0,0,Temp 02-2022,Independiente,6.0,S. Nuñez,Titular
Estudiantes,INDEPTE_FECHA4_ACCIONES,10,duelo,aereo,7.0,,"252,86",,Independiente,6356.0,0,0,0,0,0,0,0,0,0,0,0,0,0,0,0,1,0,0,0,0,0,0,0,0,0,0,0,0,0,0,0,0,0,0,0,0,0,0,0,0,0,0,0,0,0,0,0,0,0,0,0,0,0,0,0,0,0,0,0,Temp 02-2022,Independiente,7.0,Arango,Titular
Estudiantes,INDEPTE_FECHA4_ACCIONES,10,perdida,duelo,7.0,,"237,83",,Independiente,6357.0,0,0,0,0,0,0,0,0,0,0,0,0,0,0,0,0,0,0,0,0,0,0,0,0,0,0,0,0,0,0,0,0,0,0,0,0,0,0,0,0,0,0,0,0,0,0,0,0,0,0,0,0,0,0,0,0,0,0,0,Temp 02-2022,Independiente,7.0,Arango,Titular
Estudiantes,INDEPTE_FECHA4_ACCIONES,10,pelota parada,lateral largo,3.0,21,"51,15","110,37",Independiente,6536.0,0,0,0,0,0,0,0,0,0,0,0,0,0,0,0,0,0,0,0,0,0,0,0,0,0,0,0,0,0,0,0,0,0,0,0,0,0,0,0,1,0,0,0,0,0,0,0,0,0,0,0,0,0,0,0,0,0,0,0,Temp 02-2022,Independiente,3.0,T. Nuñez,Titular
Estudiantes,INDEPTE_FECHA4_ACCIONES,10,perdida,interceptado,3.0,21,"59,17","91,34",Independiente,6537.0,0,0,0,0,0,0,0,0,0,0,0,0,0,0,0,0,0,0,0,0,0,0,0,0,0,0,0,0,0,0,0,0,0,0,0,0,0,0,0,0,0,0,0,0,0,0,1,0,0,0,0,0,0,0,0,0,0,0,0,Temp 02-2022,Independiente,3.0,T. Nuñez,Titular
Estudiantes,INDEPTE_FECHA4_ACCIONES,10,duelo,aereo,5.0,,"99,84",,Independiente,6583.0,0,0,0,0,0,0,0,0,0,0,0,0,0,0,0,0,1,0,0,0,0,0,0,0,0,0,0,0,0,0,0,0,0,0,0,0,0,0,0,0,0,0,0,0,0,0,0,0,0,0,0,0,0,0,0,0,0,0,0,Temp 02-2022,Independiente,5.0,Piñeiro,Titular
Estudiantes,INDEPTE_FECHA4_ACCIONES,10,recuperacion,intercepcion aereo,5.0,,"128,76",,Independiente,6583.0,0,0,0,0,0,0,0,0,0,0,0,0,0,0,0,0,0,0,0,0,0,0,0,0,0,0,0,0,0,0,0,0,0,0,0,1,0,0,0,0,0,0,0,0,0,0,0,0,0,0,0,0,0,0,0,0,0,0,0,Temp 02-2022,Independiente,5.0,Piñeiro,Titular
Estudiantes,INDEPTE_FECHA4_ACCIONES,10,duelo,aereo,11.0,,"166,93",,Independiente,6589.0,0,0,0,0,0,0,0,0,0,0,0,0,0,0,0,1,0,0,0,0,0,0,0,0,0,0,0,0,0,0,0,0,0,0,0,0,0,0,0,0,0,0,0,0,0,0,0,0,0,0,0,0,0,0,0,0,0,0,0,Temp 02-2022,Independiente,11.0,Moreno,Titular
Estudiantes,INDEPTE_FECHA4_ACCIONES,10,perdida,duelo,11.0,,"164,74",,Independiente,6590.0,0,0,0,0,0,0,0,0,0,0,0,0,0,0,0,0,0,0,0,0,0,0,0,0,0,0,0,0,0,0,0,0,0,0,0,0,0,0,0,0,0,0,0,0,0,0,0,0,0,0,0,0,0,0,0,0,0,0,0,Temp 02-2022,Independiente,11.0,Moreno,Titular
Estudiantes,INDEPTE_FECHA4_ACCIONES,10,duelo,disputa suelo,8.0,,"168,90",,Independiente,6592.0,0,0,0,0,0,0,0,0,0,0,0,0,0,0,0,0,0,0,1,0,0,0,0,0,0,0,0,0,0,0,0,0,0,0,0,0,0,0,0,0,0,0,0,0,0,0,0,0,0,0,0,0,0,0,0,0,0,0,0,Temp 02-2022,Independiente,8.0,Trombini,Titular
Estudiantes,INDEPTE_FECHA4_ACCIONES,10,recuperacion,intercepcion,8.0,,"145,97",,Independiente,6593.0,0,0,0,0,0,0,0,0,0,0,0,0,0,0,0,0,0,0,0,0,0,0,0,0,0,0,0,0,0,0,0,0,0,0,1,0,0,0,0,0,0,0,0,0,0,0,0,0,0,0,0,0,0,0,0,0,0,0,0,Temp 02-2022,Independiente,8.0,Trombini,Titular
Estudiantes,INDEPTE_FECHA4_ACCIONES,10,pelota parada,tiro libre,8.0,21,"203,130","252,49",Independiente,6676.0,0,0,0,0,0,0,0,0,0,0,0,0,0,0,0,0,0,0,0,0,0,0,0,0,0,0,0,0,0,0,0,0,0,0,0,0,0,0,0,0,0,0,0,1,0,0,0,0,0,0,0,0,0,0,0,0,0,0,0,Temp 02-2022,Independiente,8.0,Trombini,Titular
Estudiantes,INDEPTE_FECHA4_ACCIONES,10,pelota parada,tiro de esquina,3.0,6,"246,29","221,66",Independiente,6711.0,0,0,0,0,0,0,0,0,0,0,0,0,0,0,0,0,0,0,0,0,0,0,0,0,0,0,0,0,0,0,0,0,0,0,0,0,0,0,0,0,0,1,0,0,0,0,0,0,0,0,0,0,0,0,0,0,0,0,0,Temp 02-2022,Independiente,3.0,T. Nuñez,Titular
Estudiantes,INDEPTE_FECHA4_ACCIONES,10,perdida,atajada,6.0,,"247,79",,Independiente,6713.0,0,0,0,0,0,0,0,0,0,0,0,0,0,0,0,0,0,0,0,0,0,0,0,0,0,0,0,0,0,0,0,0,0,0,0,0,0,0,0,0,0,0,0,0,0,0,0,0,0,0,1,0,0,0,0,0,0,0,0,Temp 02-2022,Independiente,6.0,S. Nuñez,Titular
Estudiantes,INDEPTE_FECHA4_ACCIONES,10,recuperacion,intercepcion anticipo,15.0,,"92,5",,Independiente,6718.0,0,0,0,0,0,0,0,0,0,0,0,0,0,0,0,0,0,0,0,0,0,0,0,0,0,0,0,0,0,0,0,0,0,0,0,0,1,0,0,0,0,0,0,0,0,0,0,0,0,0,0,0,0,0,0,0,0,0,0,Temp 02-2022,Independiente,15.0,J. Ascacibar,Suplente
Estudiantes,INDEPTE_FECHA4_ACCIONES,10,duelo,gambeta a favor,15.0,,"106,41",,Independiente,6729.0,0,0,0,0,0,0,0,0,0,0,0,0,0,0,0,0,0,0,0,0,0,0,1,0,0,0,0,0,0,0,0,0,0,0,0,0,0,0,0,0,0,0,0,0,0,0,0,0,0,0,0,0,0,0,0,0,0,0,0,Temp 02-2022,Independiente,15.0,J. Ascacibar,Suplente
Estudiantes,INDEPTE_FECHA4_ACCIONES,10,duelo,disputa suelo,15.0,,"119,5",,Independiente,6735.0,0,0,0,0,0,0,0,0,0,0,0,0,0,0,0,0,0,1,0,0,0,0,0,0,0,0,0,0,0,0,0,0,0,0,0,0,0,0,0,0,0,0,0,0,0,0,0,0,0,0,0,0,0,0,0,0,0,0,0,Temp 02-2022,Independiente,15.0,J. Ascacibar,Suplente
Estudiantes,INDEPTE_FECHA4_ACCIONES,10,perdida,duelo,15.0,,"117,37",,Independiente,6736.0,0,0,0,0,0,0,0,0,0,0,0,0,0,0,0,0,0,0,0,0,0,0,0,0,0,0,0,0,0,0,0,0,0,0,0,0,0,0,0,0,0,0,0,0,0,0,0,0,0,0,0,0,0,0,0,0,0,0,0,Temp 02-2022,Independiente,15.0,J. Ascacibar,Suplente
Estudiantes,INDEPTE_FECHA4_ACCIONES,10,perdida,interceptado,17.0,,"270,20",,Independiente,6787.0,0,0,0,0,0,0,0,0,0,0,0,0,0,0,0,0,0,0,0,0,0,0,0,0,0,0,0,0,0,0,0,0,0,0,0,0,0,0,0,0,0,0,0,0,0,0,1,0,0,0,0,0,0,0,0,0,0,0,0,Temp 02-2022,Independiente,17.0,Rojas,Suplente
Estudiantes,INDEPTE_FECHA4_ACCIONES,10,recuperacion,encontrada,15.0,,"206,74",,Independiente,6795.0,0,0,0,0,0,0,0,0,0,0,0,0,0,0,0,0,0,0,0,0,0,0,0,0,0,0,0,0,0,0,0,0,0,1,0,0,0,0,0,0,0,0,0,0,0,0,0,0,0,0,0,0,0,0,0,0,0,0,0,Temp 02-2022,Independiente,15.0,J. Ascacibar,Suplente
Estudiantes,INDEPTE_FECHA4_ACCIONES,10,perdida,error tecnico,15.0,,"224,5",,Independiente,6811.0,0,0,0,0,0,0,0,0,0,0,0,0,0,0,0,0,0,0,0,0,0,0,0,0,0,0,0,0,0,0,0,0,0,0,0,0,0,0,0,0,0,0,0,0,0,0,0,1,0,0,0,0,0,0,0,0,0,0,0,Temp 02-2022,Independiente,15.0,J. Ascacibar,Suplente
Estudiantes,INDEPTE_FECHA4_ACCIONES,10,pelota parada,lateral corto,3.0,21,"197,7","216,24",Independiente,6830.0,0,0,0,0,0,0,0,0,0,0,0,0,0,0,0,0,0,0,0,0,0,0,0,0,0,0,0,0,0,0,0,0,0,0,0,0,0,0,0,1,0,0,0,0,0,0,0,0,0,0,0,0,0,0,0,0,0,0,0,Temp 02-2022,Independiente,3.0,T. Nuñez,Titular
Estudiantes,INDEPTE_FECHA4_ACCIONES,10,perdida,duelo,21.0,,"199,21",,Independiente,6832.0,0,0,0,0,0,0,0,0,0,0,0,0,0,0,0,0,0,0,0,0,0,0,0,0,0,0,0,0,0,0,0,0,0,0,0,0,0,0,0,0,0,0,0,0,0,0,0,0,0,0,0,0,0,0,0,0,0,0,0,Temp 02-2022,Independiente,21.0,A. Palavecino,Suplente
Estudiantes,INDEPTE_FECHA4_ACCIONES,10,recuperacion,duelo,15.0,,"145,30",,Independiente,6846.0,0,0,0,0,0,0,0,0,0,0,0,0,0,0,0,0,0,0,0,0,0,0,0,0,0,0,0,0,0,0,0,0,0,0,0,0,0,0,0,0,0,0,0,0,0,0,0,0,0,0,0,0,0,0,0,0,0,0,0,Temp 02-2022,Independiente,15.0,J. Ascacibar,Suplente
Estudiantes,INDEPTE_FECHA4_ACCIONES,10,pelota parada,lateral largo,3.0,6,"161,17","110,11",Independiente,6852.0,0,0,0,0,0,0,0,0,0,0,0,0,0,0,0,0,0,0,0,0,0,0,0,0,0,0,0,0,0,0,0,0,0,0,0,0,0,0,0,1,0,0,0,0,0,0,0,0,0,0,0,0,0,0,0,0,0,0,0,Temp 02-2022,Independiente,3.0,T. Nuñez,Titular
Estudiantes,INDEPTE_FECHA4_ACCIONES,10,recuperacion,encontrada,5.0,,"71,73",,Independiente,6893.0,0,0,0,0,0,0,0,0,0,0,0,0,0,0,0,0,0,0,0,0,0,0,0,0,0,0,0,0,0,0,0,0,0,1,0,0,0,0,0,0,0,0,0,0,0,0,0,0,0,0,0,0,0,0,0,0,0,0,0,Temp 02-2022,Independiente,5.0,Piñeiro,Titular
Estudiantes,INDEPTE_FECHA4_ACCIONES,10,duelo,gambeta a favor,5.0,,"74,77",,Independiente,6894.0,0,0,0,0,0,0,0,0,0,0,0,0,0,0,0,0,0,0,0,0,0,0,1,0,0,0,0,0,0,0,0,0,0,0,0,0,0,0,0,0,0,0,0,0,0,0,0,0,0,0,0,0,0,0,0,0,0,0,0,Temp 02-2022,Independiente,5.0,Piñeiro,Titular
Estudiantes,INDEPTE_FECHA4_ACCIONES,10,perdida,error tecnico,17.0,,"187,75",,Independiente,6901.0,0,0,0,0,0,0,0,0,0,0,0,0,0,0,0,0,0,0,0,0,0,0,0,0,0,0,0,0,0,0,0,0,0,0,0,0,0,0,0,0,0,0,0,0,0,0,0,1,0,0,0,0,0,0,0,0,0,0,0,Temp 02-2022,Independiente,17.0,Rojas,Suplente
Estudiantes,INDEPTE_FECHA4_ACCIONES,10,recuperacion,intercepcion aereo,6.0,,"81,100",,Independiente,6940.0,0,0,0,0,0,0,0,0,0,0,0,0,0,0,0,0,0,0,0,0,0,0,0,0,0,0,0,0,0,0,0,0,0,0,0,1,0,0,0,0,0,0,0,0,0,0,0,0,0,0,0,0,0,0,0,0,0,0,0,Temp 02-2022,Independiente,6.0,S. Nuñez,Titular
Estudiantes,INDEPTE_FECHA4_ACCIONES,10,pelota parada,tiro libre,3.0,,"205,85",,Independiente,7066.0,0,0,0,0,0,0,0,0,0,0,0,0,0,0,0,0,0,0,0,0,0,0,0,0,0,0,0,0,0,0,0,0,0,0,0,0,0,0,0,0,0,0,1,0,0,0,0,0,0,0,0,0,0,0,0,0,0,0,0,Temp 02-2022,Independiente,3.0,T. Nuñez,Titular
Estudiantes,INDEPTE_FECHA4_ACCIONES,10,perdida,balon afuera fondo,3.0,,"197,68",,Independiente,7067.0,0,0,0,0,0,0,0,0,0,0,0,0,0,0,0,0,0,0,0,0,0,0,0,0,0,0,0,0,0,0,0,0,0,0,0,0,0,0,0,0,0,0,0,0,0,0,0,0,1,0,0,0,0,0,0,0,0,0,0,Temp 02-2022,Independiente,3.0,T. Nuñez,Titular
Estudiantes,INDEPTE_FECHA4_ACCIONES,10,duelo,aereo,4.0,,"87,155",,Independiente,7128.0,0,0,0,0,0,0,0,0,0,0,0,0,0,0,0,0,1,0,0,0,0,0,0,0,0,0,0,0,0,0,0,0,0,0,0,0,0,0,0,0,0,0,0,0,0,0,0,0,0,0,0,0,0,0,0,0,0,0,0,Temp 02-2022,Independiente,4.0,Caccace,Titular
Estudiantes,INDEPTE_FECHA4_ACCIONES,10,recuperacion,intercepcion aereo,4.0,,"118,133",,Independiente,7129.0,0,0,0,0,0,0,0,0,0,0,0,0,0,0,0,0,0,0,0,0,0,0,0,0,0,0,0,0,0,0,0,0,0,0,0,1,0,0,0,0,0,0,0,0,0,0,0,0,0,0,0,0,0,0,0,0,0,0,0,Temp 02-2022,Independiente,4.0,Caccace,Titular
Estudiantes,INDEPTE_FECHA4_ACCIONES,10,perdida,duelo,21.0,,"218,62",,Independiente,7132.0,0,0,0,0,0,0,0,0,0,0,0,0,0,0,0,0,0,0,0,0,0,0,0,0,0,0,0,0,0,0,0,0,0,0,0,0,0,0,0,0,0,0,0,0,0,0,0,0,0,0,0,0,0,0,0,0,0,0,0,Temp 02-2022,Independiente,21.0,A. Palavecino,Suplente
Estudiantes,INDEPTE_FECHA4_ACCIONES,10,pelota parada,tiro libre,3.0,,"217,135",,Independiente,7237.0,0,0,0,0,0,0,0,0,0,0,0,0,0,0,0,0,0,0,0,0,0,0,0,0,0,0,0,0,0,0,0,0,0,0,0,0,0,0,0,0,0,0,1,0,0,0,0,0,0,0,0,0,0,0,0,0,0,0,0,Temp 02-2022,Independiente,3.0,T. Nuñez,Titular
Estudiantes,INDEPTE_FECHA4_ACCIONES,10,perdida,balon afuera fondo,3.0,,"208,152",,Independiente,7238.0,0,0,0,0,0,0,0,0,0,0,0,0,0,0,0,0,0,0,0,0,0,0,0,0,0,0,0,0,0,0,0,0,0,0,0,0,0,0,0,0,0,0,0,0,0,0,0,0,1,0,0,0,0,0,0,0,0,0,0,Temp 02-2022,Independiente,3.0,T. Nuñez,Titular
Estudiantes,INDEPTE_FECHA4_ACCIONES,10,recuperacion,intercepcion anticipo aereo,2.0,,"99,82",,Independiente,7267.0,0,0,0,0,0,0,0,0,0,0,0,0,0,0,0,0,0,0,0,0,0,0,0,0,0,0,0,0,0,0,0,0,0,0,0,0,1,0,0,0,0,0,0,0,0,0,0,0,0,0,0,0,0,0,0,0,0,0,0,Temp 02-2022,Independiente,2.0,Flores,Titular
Estudiantes,INDEPTE_FECHA4_ACCIONES,10,perdida,error tecnico,17.0,,"168,75",,Independiente,7270.0,0,0,0,0,0,0,0,0,0,0,0,0,0,0,0,0,0,0,0,0,0,0,0,0,0,0,0,0,0,0,0,0,0,0,0,0,0,0,0,0,0,0,0,0,0,0,0,1,0,0,0,0,0,0,0,0,0,0,0,Temp 02-2022,Independiente,17.0,Rojas,Suplente
Estudiantes,INDEPTE_FECHA4_ACCIONES,10,perdida,error tecnico,17.0,,"201,3",,Independiente,7364.0,0,0,0,0,0,0,0,0,0,0,0,0,0,0,0,0,0,0,0,0,0,0,0,0,0,0,0,0,0,0,0,0,0,0,0,0,0,0,0,0,0,0,0,0,0,0,0,1,0,0,0,0,0,0,0,0,0,0,0,Temp 02-2022,Independiente,17.0,Rojas,Suplente
Estudiantes,INDEPTE_FECHA4_ACCIONES,10,recuperacion,intercepcion anticipo,6.0,,"122,18",,Independiente,7373.0,0,0,0,0,0,0,0,0,0,0,0,0,0,0,0,0,0,0,0,0,0,0,0,0,0,0,0,0,0,0,0,0,0,0,0,0,1,0,0,0,0,0,0,0,0,0,0,0,0,0,0,0,0,0,0,0,0,0,0,Temp 02-2022,Independiente,6.0,S. Nuñez,Titular
Estudiantes,INDEPTE_FECHA4_ACCIONES,10,perdida,duelo,16.0,,"142,74",,Independiente,7377.0,0,0,0,0,0,0,0,0,0,0,0,0,0,0,0,0,0,0,0,0,0,0,0,0,0,0,0,0,0,0,0,0,0,0,0,0,0,0,0,0,0,0,0,0,0,0,0,0,0,0,0,0,0,0,0,0,0,0,0,Temp 02-2022,Independiente,16.0,Benedetti,Suplente
Estudiantes,INDEPTE_FECHA4_ACCIONES,10,pelota parada,lateral corto,16.0,6,"55,34","76,5",Independiente,7389.0,0,0,0,0,0,0,0,0,0,0,0,0,0,0,0,0,0,0,0,0,0,0,0,0,0,0,0,0,0,0,0,0,0,0,0,0,0,0,0,1,0,0,0,0,0,0,0,0,0,0,0,0,0,0,0,0,0,0,0,Temp 02-2022,Independiente,16.0,Benedetti,Suplente
