Session Start Date,Event,Session Name,Session Start,Session End,Tag Description,Tag Notes,Tag Start,Tag End,Tag Duration (secs),Zonas,Categoria,Jugador2,Jugador,Zonas_final,Calificacion,Optional Column
2022/02/21,Fecha 1 vs Independiente,Primer tiempo,14:00:19,16:03:54,Pase,,00:06:12,00:06:18,6.000,10,corto,10,3,13,,
2022/02/21,Fecha 1 vs Independiente,Primer tiempo,14:00:19,16:03:54,Perdida,,00:06:24,00:06:30,6.000,19,Duelo,,10,Volver,,
2022/02/21,Fecha 1 vs Independiente,Primer tiempo,14:00:19,16:03:54,Pelota parada,,00:06:33,00:06:39,6.000,16,Lateral corto,11,3,16,,
2022/02/21,Fecha 1 vs Independiente,Primer tiempo,14:00:19,16:03:54,Perdida,,00:06:38,00:06:44,6.000,17,Duelo,,8,Volver,,
2022/02/21,Fecha 1 vs Independiente,Primer tiempo,14:00:19,16:03:54,Pelota parada,,00:07:25,00:07:31,6.000,12,Lateral corto,9,4,12,,
2022/02/21,Fecha 1 vs Independiente,Primer tiempo,14:00:19,16:03:54,Pelota parada,,00:08:17,00:08:23,6.000,21,Penal,,7,Volver,,
2022/02/21,Fecha 1 vs Independiente,Primer tiempo,14:00:19,16:03:54,Remate pie,,00:08:17,00:08:23,6.000,21,Corta distancia,,7,Volver,,
2022/02/21,Fecha 1 vs Independiente,Primer tiempo,14:00:19,16:03:54,Pelota parada,,00:08:39,00:08:45,6.000,12,Lateral corto,9,4,12,,
2022/02/21,Fecha 1 vs Independiente,Primer tiempo,14:00:19,16:03:54,Perdida,,00:08:41,00:08:47,6.000,12,Error tecnico,,9,Volver,,
2022/02/21,Fecha 1 vs Independiente,Primer tiempo,14:00:19,16:03:54,Recuperacion,,00:08:49,00:08:55,6.000,6,Duelo,,4,Volver,,
2022/02/21,Fecha 1 vs Independiente,Primer tiempo,14:00:19,16:03:54,Pelota parada,,00:09:03,00:09:09,6.000,6,Lateral largo,9,4,12,,
2022/02/21,Fecha 1 vs Independiente,Primer tiempo,14:00:19,16:03:54,Pase,,00:09:05,00:09:11,6.000,12,corto,8,9,12,,
2022/02/21,Fecha 1 vs Independiente,Primer tiempo,14:00:19,16:03:54,Pase,,00:09:11,00:09:17,6.000,12,inteligente,11,9,18,,
2022/02/21,Fecha 1 vs Independiente,Primer tiempo,14:00:19,16:03:54,Pase,,00:09:15,00:09:21,6.000,24,medio,7,11,22,,
2022/02/21,Fecha 1 vs Independiente,Primer tiempo,14:00:19,16:03:54,Remate pie,,00:09:17,00:09:23,6.000,22,Corta distancia,,7,Volver,,
2022/02/21,Fecha 1 vs Independiente,Primer tiempo,14:00:19,16:03:54,Falta,,00:09:17,00:09:23,6.000,22,Hecha,,7,Volver,,
2022/02/21,Fecha 1 vs Independiente,Primer tiempo,14:00:19,16:03:54,Recuperacion,,00:11:29,00:11:35,6.000,7,Intercepcion,,6,Volver,,
2022/02/21,Fecha 1 vs Independiente,Primer tiempo,14:00:19,16:03:54,Recuperacion,,00:11:36,00:11:42,6.000,6,Intercepcion,,5,Volver,,
2022/02/21,Fecha 1 vs Independiente,Primer tiempo,14:00:19,16:03:54,Duelo,,00:12:04,00:12:10,6.000,5,Aereo,,8,Volver,,
2022/02/21,Fecha 1 vs Independiente,Primer tiempo,14:00:19,16:03:54,Perdida,,00:12:07,00:12:13,6.000,5,Error tactico,,8,Volver,,
2022/02/21,Fecha 1 vs Independiente,Primer tiempo,14:00:19,16:03:54,Perdida,,00:12:33,00:12:39,6.000,7,Interceptado,,3,Volver,,
2022/02/21,Fecha 1 vs Independiente,Primer tiempo,14:00:19,16:03:54,Pelota parada,,00:12:49,00:12:55,6.000,7,Lateral largo,11,3,10,,
2022/02/21,Fecha 1 vs Independiente,Primer tiempo,14:00:19,16:03:54,Recuperacion,,00:13:00,00:13:06,6.000,7,Duelo,,3,Volver,,
2022/02/21,Fecha 1 vs Independiente,Primer tiempo,14:00:19,16:03:54,Pelota parada,,00:13:12,00:13:18,6.000,10,Lateral corto,9,3,13,,
2022/02/21,Fecha 1 vs Independiente,Primer tiempo,14:00:19,16:03:54,Falta,,00:13:15,00:13:21,6.000,10,Recibida,,9,Volver,,
2022/02/21,Fecha 1 vs Independiente,Primer tiempo,14:00:19,16:03:54,Pelota parada,,00:13:29,00:13:35,6.000,10,Tiro libre,6,3,7,,
2022/02/21,Fecha 1 vs Independiente,Primer tiempo,14:00:19,16:03:54,Pase,,00:13:30,00:13:36,6.000,7,corto,5,6,11,,
2022/02/21,Fecha 1 vs Independiente,Primer tiempo,14:00:19,16:03:54,Pase,,00:13:34,00:13:40,6.000,11,largo,2,5,5,,
2022/02/21,Fecha 1 vs Independiente,Primer tiempo,14:00:19,16:03:54,Perdida,,00:13:47,00:13:53,6.000,5,Balon afuera lateral,,2,Volver,,
2022/02/21,Fecha 1 vs Independiente,Primer tiempo,14:00:19,16:03:54,Despeje,,00:13:47,00:13:53,6.000,5,Despeje,,2,Volver,,
2022/02/21,Fecha 1 vs Independiente,Primer tiempo,14:00:19,16:03:54,Duelo,,00:14:11,00:14:17,6.000,6,Gambeta en contra,,4,Volver,,
2022/02/21,Fecha 1 vs Independiente,Primer tiempo,14:00:19,16:03:54,Duelo,,00:14:15,00:14:21,6.000,4,Aereo,,3,Volver,,
2022/02/21,Fecha 1 vs Independiente,Primer tiempo,14:00:19,16:03:54,Gol rival,,00:14:17,00:14:23,6.000,4,Directa,,3,Volver,,
2022/02/21,Fecha 1 vs Independiente,Primer tiempo,14:00:19,16:03:54,Duelo,,00:16:12,00:16:18,6.000,5,Disputa suelo,,2,Volver,,
2022/02/21,Fecha 1 vs Independiente,Primer tiempo,14:00:19,16:03:54,Perdida,,00:16:12,00:16:18,6.000,5,Error tecnico,,2,Volver,,
2022/02/21,Fecha 1 vs Independiente,Primer tiempo,14:00:19,16:03:54,Despeje,,00:16:17,00:16:23,6.000,5,Despeje,,2,Volver,,
2022/02/21,Fecha 1 vs Independiente,Primer tiempo,14:00:19,16:03:54,Pelota parada,,00:16:38,00:16:44,6.000,6,Lateral largo,8,4,12,,
2022/02/21,Fecha 1 vs Independiente,Primer tiempo,14:00:19,16:03:54,Pase,,00:16:50,00:16:56,6.000,14,inteligente,8,3,19,,
2022/02/21,Fecha 1 vs Independiente,Primer tiempo,14:00:19,16:03:54,Remate pie,,00:16:57,00:17:03,6.000,23,Corta distancia,Rival,4,22,,
2022/02/21,Fecha 1 vs Independiente,Primer tiempo,14:00:19,16:03:54,Pelota parada,,00:17:16,00:17:22,6.000,19,Lateral corto,7,3,19,,
2022/02/21,Fecha 1 vs Independiente,Primer tiempo,14:00:19,16:03:54,Pase,,00:17:17,00:17:23,6.000,19,corto,10,7,19,,
2022/02/21,Fecha 1 vs Independiente,Primer tiempo,14:00:19,16:03:54,Perdida,,00:17:24,00:17:30,6.000,16,Duelo,,10,Volver,,
2022/02/21,Fecha 1 vs Independiente,Primer tiempo,14:00:19,16:03:54,Recuperacion,,00:17:27,00:17:33,6.000,14,Encontrada,,6,Volver,,
2022/02/21,Fecha 1 vs Independiente,Primer tiempo,14:00:19,16:03:54,Pase,,00:17:32,00:17:38,6.000,14,corto,11,5,17,,
2022/02/21,Fecha 1 vs Independiente,Primer tiempo,14:00:19,16:03:54,Pase,,00:17:46,00:17:52,6.000,15,largo,1,4,4,,
2022/02/21,Fecha 1 vs Independiente,Primer tiempo,14:00:19,16:03:54,Despeje,,00:17:49,00:17:55,6.000,4,Despeje,11,1,15,,
2022/02/21,Fecha 1 vs Independiente,Primer tiempo,14:00:19,16:03:54,Perdida,,00:17:49,00:17:55,6.000,15,Interceptado,,11,Volver,,
2022/02/21,Fecha 1 vs Independiente,Primer tiempo,14:00:19,16:03:54,Pelota parada,,00:18:07,00:18:13,6.000,12,Lateral corto,5,4,12,,
2022/02/21,Fecha 1 vs Independiente,Primer tiempo,14:00:19,16:03:54,Pase,,00:18:09,00:18:15,6.000,12,bloqueado,Rival,5,12,,
2022/02/21,Fecha 1 vs Independiente,Primer tiempo,14:00:19,16:03:54,Pelota parada,,00:19:27,00:19:33,6.000,6,Tiro libre,1,2,5,,
2022/02/21,Fecha 1 vs Independiente,Primer tiempo,14:00:19,16:03:54,Pase,,00:19:31,00:19:37,6.000,3,corto,6,1,2,,
2022/02/21,Fecha 1 vs Independiente,Primer tiempo,14:00:19,16:03:54,Pase,,00:19:40,00:19:46,6.000,8,medio,2,7,9,,
2022/02/21,Fecha 1 vs Independiente,Primer tiempo,14:00:19,16:03:54,Pase,,00:19:51,00:19:57,6.000,18,centro aereo,2,4,21,,
2022/02/21,Fecha 1 vs Independiente,Primer tiempo,14:00:19,16:03:54,Falta,,00:19:56,00:20:02,6.000,22,Hecha,,2,Volver,,
2022/02/21,Fecha 1 vs Independiente,Primer tiempo,14:00:19,16:03:54,Recuperacion,,00:20:32,00:20:38,6.000,11,Duelo,,2,Volver,,
2022/02/21,Fecha 1 vs Independiente,Primer tiempo,14:00:19,16:03:54,Pase,,00:20:33,00:20:39,6.000,8,corto,1,5,4,,
2022/02/21,Fecha 1 vs Independiente,Primer tiempo,14:00:19,16:03:54,Despeje,,00:20:37,00:20:43,6.000,4,Despeje,7,1,8,,
2022/02/21,Fecha 1 vs Independiente,Primer tiempo,14:00:19,16:03:54,Perdida,,00:20:37,00:20:43,6.000,11,Interceptado,,10,Volver,,
2022/02/21,Fecha 1 vs Independiente,Primer tiempo,14:00:19,16:03:54,Duelo,,00:20:48,00:20:54,6.000,4,Aereo,,3,Volver,,
2022/02/21,Fecha 1 vs Independiente,Primer tiempo,14:00:19,16:03:54,Recuperacion,,00:20:48,00:20:54,6.000,2,Duelo,,3,Volver,,
2022/02/21,Fecha 1 vs Independiente,Primer tiempo,14:00:19,16:03:54,Pase,,00:20:50,00:20:56,6.000,2,corto,1,3,3,,
2022/02/21,Fecha 1 vs Independiente,Primer tiempo,14:00:19,16:03:54,Despeje,,00:20:54,00:21:00,6.000,3,Despeje,7,1,7,,
2022/02/21,Fecha 1 vs Independiente,Primer tiempo,14:00:19,16:03:54,Perdida,,00:20:54,00:21:00,6.000,3,Balon afuera lateral,7,1,7,,
2022/02/21,Fecha 1 vs Independiente,Primer tiempo,14:00:19,16:03:54,Situacion rival,,00:21:14,00:21:20,6.000,8,Indirecta,Rival,,3,,
2022/02/21,Fecha 1 vs Independiente,Primer tiempo,14:00:19,16:03:54,Pase,,00:21:22,00:21:28,6.000,4,S arquero mano,2,1,4,,
2022/02/21,Fecha 1 vs Independiente,Primer tiempo,14:00:19,16:03:54,Perdida,,00:21:39,00:21:45,6.000,13,Robo,,5,Volver,,
2022/02/21,Fecha 1 vs Independiente,Primer tiempo,14:00:19,16:03:54,Recuperacion,,00:21:44,00:21:50,6.000,10,Intercepcion,,6,Volver,,
2022/02/21,Fecha 1 vs Independiente,Primer tiempo,14:00:19,16:03:54,Pase,,00:21:46,00:21:52,6.000,11,medio,1,6,4,,
2022/02/21,Fecha 1 vs Independiente,Primer tiempo,14:00:19,16:03:54,Pase,,00:21:50,00:21:56,6.000,4,largo,4,1,12,,
2022/02/21,Fecha 1 vs Independiente,Primer tiempo,14:00:19,16:03:54,Pelota parada,,00:22:54,00:23:00,6.000,3,Saque de meta,2,1,5,,
2022/02/21,Fecha 1 vs Independiente,Primer tiempo,14:00:19,16:03:54,Pase,,00:22:57,00:23:03,6.000,5,medio,4,2,9,,
2022/02/21,Fecha 1 vs Independiente,Primer tiempo,14:00:19,16:03:54,Pase,,00:23:01,00:23:07,6.000,9,largo,11,4,15,,
2022/02/21,Fecha 1 vs Independiente,Primer tiempo,14:00:19,16:03:54,Perdida,,00:23:03,00:23:09,6.000,15,Duelo,,11,Volver,,
2022/02/21,Fecha 1 vs Independiente,Primer tiempo,14:00:19,16:03:54,Recuperacion,,00:23:35,00:23:41,6.000,8,intercepcion anticipo aereo,,3,Volver,,
2022/02/21,Fecha 1 vs Independiente,Primer tiempo,14:00:19,16:03:54,Pase,,00:23:48,00:23:54,6.000,8,medio,10,6,11,,
2022/02/21,Fecha 1 vs Independiente,Primer tiempo,14:00:19,16:03:54,Pase,,00:23:51,00:23:57,6.000,14,corto,7,10,13,,
2022/02/21,Fecha 1 vs Independiente,Primer tiempo,14:00:19,16:03:54,Duelo,,00:23:55,00:24:01,6.000,16,Gambeta a favor,,7,Volver,,
2022/02/21,Fecha 1 vs Independiente,Primer tiempo,14:00:19,16:03:54,Falta,,00:24:44,00:24:50,6.000,13,Recibida,,5,Volver,,
2022/02/21,Fecha 1 vs Independiente,Primer tiempo,14:00:19,16:03:54,Pase,,00:25:01,00:25:07,6.000,13,corto,2,5,11,,
2022/02/21,Fecha 1 vs Independiente,Primer tiempo,14:00:19,16:03:54,Pase,,00:25:05,00:25:11,6.000,11,medio,4,2,15,,
2022/02/21,Fecha 1 vs Independiente,Primer tiempo,14:00:19,16:03:54,Pase,,00:25:10,00:25:16,6.000,15,inteligente,11,4,24,,
2022/02/21,Fecha 1 vs Independiente,Primer tiempo,14:00:19,16:03:54,Perdida,,00:25:11,00:25:17,6.000,15,Balon afuera fondo,11,4,23,,
2022/02/21,Fecha 1 vs Independiente,Primer tiempo,14:00:19,16:03:54,Recuperacion,,00:25:42,00:25:48,6.000,14,Intercepcion aereo,,2,Volver,,
2022/02/21,Fecha 1 vs Independiente,Primer tiempo,14:00:19,16:03:54,Pase,,00:25:42,00:25:48,6.000,11,corto,10,2,11,,
2022/02/21,Fecha 1 vs Independiente,Primer tiempo,14:00:19,16:03:54,Perdida,,00:25:44,00:25:50,6.000,11,Robo,,10,Volver,,
2022/02/21,Fecha 1 vs Independiente,Primer tiempo,14:00:19,16:03:54,Recuperacion,,00:25:52,00:25:58,6.000,8,Intercepcion,,2,Volver,,
2022/02/21,Fecha 1 vs Independiente,Primer tiempo,14:00:19,16:03:54,Perdida,,00:25:56,00:26:02,6.000,8,Robo,9,2,17,,
2022/02/21,Fecha 1 vs Independiente,Primer tiempo,14:00:19,16:03:54,Recuperacion,,00:26:13,00:26:19,6.000,8,intercepcion anticipo,,10,Volver,,
2022/02/21,Fecha 1 vs Independiente,Primer tiempo,14:00:19,16:03:54,Pase,,00:26:15,00:26:21,6.000,8,corto,4,10,9,,
2022/02/21,Fecha 1 vs Independiente,Primer tiempo,14:00:19,16:03:54,Perdida,,00:26:31,00:26:37,6.000,24,Robo,Rival,11,21,,
2022/02/21,Fecha 1 vs Independiente,Primer tiempo,14:00:19,16:03:54,Pelota parada,,00:26:48,00:26:54,6.000,18,Lateral corto,2,4,15,,
2022/02/21,Fecha 1 vs Independiente,Primer tiempo,14:00:19,16:03:54,Pase,,00:26:53,00:26:59,6.000,15,medio,6,2,14,,
2022/02/21,Fecha 1 vs Independiente,Primer tiempo,14:00:19,16:03:54,Pase,,00:27:06,00:27:12,6.000,11,medio,1,5,8,,
2022/02/21,Fecha 1 vs Independiente,Primer tiempo,14:00:19,16:03:54,Pase,,00:27:12,00:27:18,6.000,8,largo,3,1,13,,
2022/02/21,Fecha 1 vs Independiente,Primer tiempo,14:00:19,16:03:54,Perdida,,00:27:13,00:27:19,6.000,13,intercepcion aereo,,3,Volver,,
2022/02/21,Fecha 1 vs Independiente,Primer tiempo,14:00:19,16:03:54,Pelota parada,,00:27:32,00:27:38,6.000,16,Lateral corto,7,3,19,,
2022/02/21,Fecha 1 vs Independiente,Primer tiempo,14:00:19,16:03:54,Pase,,00:27:33,00:27:39,6.000,19,corto,3,7,16,,
2022/02/21,Fecha 1 vs Independiente,Primer tiempo,14:00:19,16:03:54,Perdida,,00:27:36,00:27:42,6.000,16,Robo,,3,Volver,,
2022/02/21,Fecha 1 vs Independiente,Primer tiempo,14:00:19,16:03:54,Pelota parada,,00:27:51,00:27:57,6.000,10,Lateral largo,2,3,8,,
2022/02/21,Fecha 1 vs Independiente,Primer tiempo,14:00:19,16:03:54,Pase,,00:27:56,00:28:02,6.000,8,medio,4,2,12,,
2022/02/21,Fecha 1 vs Independiente,Primer tiempo,14:00:19,16:03:54,Pase,,00:28:01,00:28:07,6.000,15,centro bloqueado,Rival,4,17,,
2022/02/21,Fecha 1 vs Independiente,Primer tiempo,14:00:19,16:03:54,Recuperacion,,00:28:03,00:28:09,6.000,17,Robo,,9,Volver,,
2022/02/21,Fecha 1 vs Independiente,Primer tiempo,14:00:19,16:03:54,Falta,,00:28:03,00:28:09,6.000,17,Recibida,,9,Volver,,
2022/02/21,Fecha 1 vs Independiente,Primer tiempo,14:00:19,16:03:54,Pelota parada,,00:29:08,00:29:14,6.000,17,Tiro libre,Rival,5,22,,
2022/02/21,Fecha 1 vs Independiente,Primer tiempo,14:00:19,16:03:54,Falta,,00:29:09,00:29:15,6.000,22,Recibida,,2,Volver,,
2022/02/21,Fecha 1 vs Independiente,Primer tiempo,14:00:19,16:03:54,Pelota parada,,00:31:13,00:31:19,6.000,21,Penal,,9,Volver,,
2022/02/21,Fecha 1 vs Independiente,Primer tiempo,14:00:19,16:03:54,Gol ,,00:31:13,00:31:19,6.000,21,Directa,,9,Volver,,
2022/02/21,Fecha 1 vs Independiente,Primer tiempo,14:00:19,16:03:54,Pase,,00:32:14,00:32:20,6.000,21,medio,8,9,17,,
2022/02/21,Fecha 1 vs Independiente,Primer tiempo,14:00:19,16:03:54,Perdida,,00:32:15,00:32:21,6.000,17,Interceptado,,8,Volver,,
2022/02/21,Fecha 1 vs Independiente,Primer tiempo,14:00:19,16:03:54,Recuperacion,,00:32:21,00:32:27,6.000,18,Robo,,8,Volver,,
2022/02/21,Fecha 1 vs Independiente,Primer tiempo,14:00:19,16:03:54,Perdida,,00:32:23,00:32:29,6.000,18,Balon afuera lateral,,8,Volver,,
2022/02/21,Fecha 1 vs Independiente,Primer tiempo,14:00:19,16:03:54,Recuperacion,,00:32:45,00:32:51,6.000,15,Duelo,,2,Volver,,
2022/02/21,Fecha 1 vs Independiente,Primer tiempo,14:00:19,16:03:54,Pase,,00:32:53,00:32:59,6.000,24,centro bloqueado,Rival,9,24,,
2022/02/21,Fecha 1 vs Independiente,Primer tiempo,14:00:19,16:03:54,Pelota parada,,00:33:28,00:33:34,6.000,24,Tiro de esquina,6,10,21,,
2022/02/21,Fecha 1 vs Independiente,Primer tiempo,14:00:19,16:03:54,Remate cabeza,,00:33:30,00:33:36,6.000,21,Dificil,Rival,6,22,,
2022/02/21,Fecha 1 vs Independiente,Primer tiempo,14:00:19,16:03:54,Pelota parada,,00:34:15,00:34:21,6.000,19,Tiro de esquina,2,8,21,,
2022/02/21,Fecha 1 vs Independiente,Primer tiempo,14:00:19,16:03:54,Remate pie,,00:34:16,00:34:22,6.000,21,Media distancia,Rival,2,20,,
2022/02/21,Fecha 1 vs Independiente,Primer tiempo,14:00:19,16:03:54,Pelota parada,,00:34:54,00:35:00,6.000,10,Lateral largo,9,3,16,,
2022/02/21,Fecha 1 vs Independiente,Primer tiempo,14:00:19,16:03:54,Perdida,,00:34:54,00:35:00,6.000,16,intercepcion aereo,,9,Volver,,
2022/02/21,Fecha 1 vs Independiente,Primer tiempo,14:00:19,16:03:54,Falta,,00:34:59,00:35:05,6.000,16,Hecha,,9,Volver,,
2022/02/21,Fecha 1 vs Independiente,Primer tiempo,14:00:19,16:03:54,Duelo,,00:35:33,00:35:39,6.000,1,Gambeta en contra,,3,Volver,,
2022/02/21,Fecha 1 vs Independiente,Primer tiempo,14:00:19,16:03:54,Recuperacion,,00:35:36,00:35:42,6.000,2,Robo,,5,Volver,,
2022/02/21,Fecha 1 vs Independiente,Primer tiempo,14:00:19,16:03:54,Despeje,,00:35:37,00:35:43,6.000,2,Despeje,,5,Volver,,
2022/02/21,Fecha 1 vs Independiente,Primer tiempo,14:00:19,16:03:54,Perdida,,00:35:37,00:35:43,6.000,2,Balon afuera lateral,Rival,5,7,,
2022/02/21,Fecha 1 vs Independiente,Primer tiempo,14:00:19,16:03:54,Recuperacion,,00:35:55,00:36:01,6.000,4,Duelo,,5,Volver,,
2022/02/21,Fecha 1 vs Independiente,Primer tiempo,14:00:19,16:03:54,Perdida,,00:35:59,00:36:05,6.000,4,Robo,Rival,5,13,,
2022/02/21,Fecha 1 vs Independiente,Primer tiempo,14:00:19,16:03:54,Despeje,,00:35:59,00:36:05,6.000,4,Despeje,Rival,5,10,,
2022/02/21,Fecha 1 vs Independiente,Primer tiempo,14:00:19,16:03:54,Recuperacion,,00:36:46,00:36:52,6.000,7,Duelo,,6,Volver,,
2022/02/21,Fecha 1 vs Independiente,Primer tiempo,14:00:19,16:03:54,Pase,,00:36:59,00:37:05,6.000,11,corto,4,5,12,,
2022/02/21,Fecha 1 vs Independiente,Primer tiempo,14:00:19,16:03:54,Remate cabeza,,00:37:09,00:37:15,6.000,22,Dificil,Rival,9,22,,
2022/02/21,Fecha 1 vs Independiente,Primer tiempo,14:00:19,16:03:54,Pelota parada,,00:38:33,00:38:39,6.000,8,Tiro libre,2,1,9,,
2022/02/21,Fecha 1 vs Independiente,Primer tiempo,14:00:19,16:03:54,Pase,,00:38:39,00:38:45,6.000,3,largo,3,1,10,,
2022/02/21,Fecha 1 vs Independiente,Primer tiempo,14:00:19,16:03:54,Pase,,00:39:38,00:39:44,6.000,12,largo,9,4,18,,
2022/02/21,Fecha 1 vs Independiente,Primer tiempo,14:00:19,16:03:54,Remate pie,,00:39:42,00:39:48,6.000,23,Corta distancia,Rival,9,22,,
2022/02/21,Fecha 1 vs Independiente,Primer tiempo,14:00:19,16:03:54,Falta,,00:40:53,00:40:59,6.000,11,Hecha,,9,Volver,,
2022/02/21,Fecha 1 vs Independiente,Primer tiempo,14:00:19,16:03:54,Recuperacion,,00:41:39,00:41:45,6.000,8,intercepcion anticipo,,8,Volver,,
2022/02/21,Fecha 1 vs Independiente,Primer tiempo,14:00:19,16:03:54,Perdida,,00:41:41,00:41:47,6.000,8,Interceptado,Rival,8,11,,
2022/02/21,Fecha 1 vs Independiente,Primer tiempo,14:00:19,16:03:54,Pase,,00:42:50,00:42:56,6.000,3,S arquero pie,6,1,2,,
2022/02/21,Fecha 1 vs Independiente,Primer tiempo,14:00:19,16:03:54,Pase,,00:42:56,00:43:02,6.000,3,medio,8,6,10,,
2022/02/21,Fecha 1 vs Independiente,Primer tiempo,14:00:19,16:03:54,Perdida,,00:42:56,00:43:02,6.000,8,Duelo,,8,Volver,,
2022/02/21,Fecha 1 vs Independiente,Primer tiempo,14:00:19,16:03:54,Recuperacion,,00:43:00,00:43:06,6.000,7,intercepcion anticipo,,3,Volver,,
2022/02/21,Fecha 1 vs Independiente,Primer tiempo,14:00:19,16:03:54,Duelo,,00:44:12,00:44:18,6.000,1,Disputa suelo,,3,Volver,,
2022/02/21,Fecha 1 vs Independiente,Primer tiempo,14:00:19,16:03:54,Pelota parada,,00:45:06,00:45:12,6.000,7,Lateral largo,9,3,10,,
2022/02/21,Fecha 1 vs Independiente,Primer tiempo,14:00:19,16:03:54,Perdida,,00:45:08,00:45:14,6.000,10,Interceptado,11,9,13,,
2022/02/21,Fecha 1 vs Independiente,Primer tiempo,14:00:19,16:03:54,Recuperacion,,00:45:12,00:45:18,6.000,10,Intercepcion,,8,Volver,,
2022/02/21,Fecha 1 vs Independiente,Primer tiempo,14:00:19,16:03:54,Pase,,00:45:15,00:45:21,6.000,10,corto,11,8,14,,
2022/02/21,Fecha 1 vs Independiente,Primer tiempo,14:00:19,16:03:54,Falta,,00:45:19,00:45:25,6.000,14,Recibida,,7,Volver,,
2022/02/21,Fecha 1 vs Independiente,Primer tiempo,14:00:19,16:03:54,Pelota parada,,00:45:42,00:45:48,6.000,13,Tiro libre,3,10,10,,
2022/02/21,Fecha 1 vs Independiente,Primer tiempo,14:00:19,16:03:54,Perdida,,00:45:50,00:45:56,6.000,10,Balon afuera fondo,Rival,3,20,,
2022/02/21,Fecha 1 vs Independiente,Primer tiempo,14:00:19,16:03:54,Duelo,,00:46:31,00:46:37,6.000,4,Aereo,,6,Volver,,
2022/02/21,Fecha 1 vs Independiente,Primer tiempo,14:00:19,16:03:54,Recuperacion,,00:46:31,00:46:37,6.000,4,Intercepcion aereo,,6,Volver,,
2022/02/21,Fecha 1 vs Independiente,Primer tiempo,14:00:19,16:03:54,Recuperacion,,00:46:48,00:46:54,6.000,2,Intercepcion,,6,Volver,,
2022/02/21,Fecha 1 vs Independiente,Primer tiempo,14:00:19,16:03:54,Pase,,00:46:50,00:46:56,6.000,2,medio,9,6,7,,
2022/02/21,Fecha 1 vs Independiente,Primer tiempo,14:00:19,16:03:54,Falta,,00:46:52,00:46:58,6.000,7,Hecha,,9,Volver,,
2022/02/21,Fecha 1 vs Independiente,Primer tiempo,14:00:19,16:03:54,Falta,,00:47:16,00:47:22,6.000,9,Hecha,,2,Volver,,
2022/02/21,Fecha 1 vs Independiente,Primer tiempo,14:00:19,16:03:54,Arquero,,00:48:26,00:48:32,6.000,3,Salvada/Atajada,,1,Volver,Bueno,
2022/02/21,Fecha 1 vs Independiente,Primer tiempo,14:00:19,16:03:54,Falta,,00:49:11,00:49:17,6.000,20,Hecha,,11,Volver,,
2022/02/21,Fecha 1 vs Independiente,Primer tiempo,14:00:19,16:03:54,Situacion rival,,00:49:39,00:49:45,6.000,20,Directa,,11,Volver,,
2022/02/21,Fecha 1 vs Independiente,Primer tiempo,14:00:19,16:03:54,Arquero,,00:49:54,00:50:00,6.000,3,Salvada/Atajada,,1,Volver,Bueno,
2022/02/21,Fecha 1 vs Independiente,Primer tiempo,14:00:19,16:03:54,Pelota parada,,00:49:54,00:50:00,6.000,3,Penal,Rival,1,4,,
2022/02/21,Fecha 1 vs Independiente,Primer tiempo,14:00:19,16:03:54,Gol rival,,00:49:58,00:50:04,6.000,3,Directa,,1,Volver,,
2022/02/21,Fecha 1 vs Independiente,Primer tiempo,14:00:19,16:03:54,Pelota parada,,00:50:30,00:50:36,6.000,11,Saque del medio,5,9,8,,
2022/02/21,Fecha 1 vs Independiente,Primer tiempo,14:00:19,16:03:54,Pase,,00:50:34,00:50:40,6.000,8,corto,3,5,7,,
2022/02/21,Fecha 1 vs Independiente,Primer tiempo,14:00:19,16:03:54,Pase,,00:50:39,00:50:45,6.000,7,largo,10,3,16,,
2022/02/21,Fecha 1 vs Independiente,Primer tiempo,14:00:19,16:03:54,Perdida,,00:50:44,00:50:50,6.000,20,Robo,,10,Volver,,
2022/02/21,Fecha 1 vs Independiente,Primer tiempo,14:00:19,16:03:54,Pelota parada,,00:51:11,00:51:17,6.000,16,Lateral corto,9,3,19,,
2022/02/21,Fecha 1 vs Independiente,Primer tiempo,14:00:19,16:03:54,Perdida,,00:51:17,00:51:23,6.000,19,Duelo,,9,Volver,,
2022/02/21,Fecha 1 vs Independiente,Primer tiempo,14:00:19,16:03:54,Recuperacion,,00:51:34,00:51:40,6.000,8,Intercepcion,,3,Volver,,
2022/02/21,Fecha 1 vs Independiente,Primer tiempo,14:00:19,16:03:54,Pase,,00:51:41,00:51:47,6.000,12,corto,4,8,9,,
2022/02/21,Fecha 1 vs Independiente,Primer tiempo,14:00:19,16:03:54,Despeje,,00:51:43,00:51:49,6.000,9,Despeje,Rival,4,17,,
2022/02/21,Fecha 1 vs Independiente,Primer tiempo,14:00:19,16:03:54,Duelo,,00:52:15,00:52:21,6.000,5,Disputa suelo,,2,Volver,,
2022/02/21,Fecha 1 vs Independiente,Primer tiempo,14:00:19,16:03:54,Recuperacion,,00:52:18,00:52:24,6.000,5,Duelo,,2,Volver,,
2022/02/21,Fecha 1 vs Independiente,Primer tiempo,14:00:19,16:03:54,Pase,,00:52:18,00:52:24,6.000,5,largo,9,2,15,,
2022/02/21,Fecha 1 vs Independiente,Primer tiempo,14:00:19,16:03:54,Perdida,,00:52:20,00:52:26,6.000,15,intercepcion aereo,,9,Volver,,
2022/02/21,Fecha 1 vs Independiente,Primer tiempo,14:00:19,16:03:54,Recuperacion,,00:52:25,00:52:31,6.000,12,Robo,,10,Volver,,
2022/02/21,Fecha 1 vs Independiente,Primer tiempo,14:00:19,16:03:54,Falta,,00:52:29,00:52:35,6.000,12,Hecha,,10,Volver,,
2022/02/21,Fecha 1 vs Independiente,Primer tiempo,14:00:19,16:03:54,Pase,,00:07:39,00:07:39,0.000,24,centro aereo,9,8,20,,
2022/02/21,Fecha 1 vs Independiente,Primer tiempo,14:00:19,16:03:54,Pase,,00:07:41,00:07:41,0.000,20,corto,7,9,21,,
2022/02/21,Fecha 1 vs Independiente,Primer tiempo,14:00:19,16:03:54,Falta,,00:07:42,00:07:42,0.000,21,Penal recibido ,,7,Volver,,
2022/02/21,Fecha 1 vs Independiente,Primer tiempo,14:00:19,16:03:54,Pase,,00:12:31,00:12:31,0.000,3,S arquero pie,6,1,2,,
2022/02/21,Fecha 1 vs Independiente,Primer tiempo,14:00:19,16:03:54,Pase,,00:12:33,00:12:33,0.000,2,medio,3,6,7,,
2022/02/21,Fecha 1 vs Independiente,Primer tiempo,14:00:19,16:03:54,Pase,,00:13:42,00:13:42,0.000,5,corto,5,2,9,,
2022/02/21,Fecha 1 vs Independiente,Primer tiempo,14:00:19,16:03:54,Pase,,00:13:44,00:13:44,0.000,9,corto,4,5,6,,
2022/02/21,Fecha 1 vs Independiente,Primer tiempo,14:00:19,16:03:54,Pase,,00:13:47,00:13:47,0.000,6,corto,2,4,5,,
2022/02/21,Fecha 1 vs Independiente,Primer tiempo,14:00:19,16:03:54,Pase,,00:16:43,00:16:43,0.000,12,corto,11,8,11,,
2022/02/21,Fecha 1 vs Independiente,Primer tiempo,14:00:19,16:03:54,Pase,,00:16:46,00:16:46,0.000,11,corto,3,11,10,,
2022/02/21,Fecha 1 vs Independiente,Primer tiempo,14:00:19,16:03:54,Pase,,00:16:56,00:16:56,0.000,19,centro aereo,11,8,23,,
2022/02/21,Fecha 1 vs Independiente,Primer tiempo,14:00:19,16:03:54,Pase,,00:16:56,00:16:56,0.000,23,corto,4,11,23,,
2022/02/21,Fecha 1 vs Independiente,Primer tiempo,14:00:19,16:03:54,Pase,,00:19:47,00:19:47,0.000,11,corto,8,2,15,,
2022/02/21,Fecha 1 vs Independiente,Primer tiempo,14:00:19,16:03:54,Pase,,00:19:50,00:19:50,0.000,15,corto,4,8,18,,
2022/02/21,Fecha 1 vs Independiente,Primer tiempo,14:00:19,16:03:54,Remate cabeza,,00:19:54,00:19:54,0.000,21,Facil,,2,Volver,,
2022/02/21,Fecha 1 vs Independiente,Primer tiempo,14:00:19,16:03:54,Pase,,00:17:38,00:17:38,0.000,14,corto,4,11,15,,
2022/02/21,Fecha 1 vs Independiente,Primer tiempo,14:00:19,16:03:54,Pase,,00:17:39,00:17:39,0.000,15,corto,9,4,18,,
2022/02/21,Fecha 1 vs Independiente,Primer tiempo,14:00:19,16:03:54,Pase,,00:17:43,00:17:43,0.000,15,corto,4,9,12,,
2022/02/21,Fecha 1 vs Independiente,Primer tiempo,14:00:19,16:03:54,Pase,,00:21:32,00:21:32,0.000,9,corto,8,2,12,,
2022/02/21,Fecha 1 vs Independiente,Primer tiempo,14:00:19,16:03:54,Pase,,00:21:33,00:21:33,0.000,12,corto,5,8,11,,
2022/02/21,Fecha 1 vs Independiente,Primer tiempo,14:00:19,16:03:54,Pase,,00:21:37,00:21:37,0.000,11,medio,3,5,13,,
2022/02/21,Fecha 1 vs Independiente,Primer tiempo,14:00:19,16:03:54,Pase,,00:21:37,00:21:37,0.000,13,corto,5,3,13,,
2022/02/21,Fecha 1 vs Independiente,Primer tiempo,14:00:19,16:03:54,Pase,,00:21:57,00:21:57,0.000,12,corto,2,4,9,,
2022/02/21,Fecha 1 vs Independiente,Primer tiempo,14:00:19,16:03:54,Pase,,00:21:59,00:21:59,0.000,9,corto,5,2,8,,
2022/02/21,Fecha 1 vs Independiente,Primer tiempo,14:00:19,16:03:54,Pase,,00:22:01,00:22:01,0.000,8,corto,2,5,9,,
2022/02/21,Fecha 1 vs Independiente,Primer tiempo,14:00:19,16:03:54,Pase,,00:22:03,00:22:03,0.000,9,corto,5,2,8,,
2022/02/21,Fecha 1 vs Independiente,Primer tiempo,14:00:19,16:03:54,Pase,,00:22:05,00:22:05,0.000,8,corto,1,5,5,,
2022/02/21,Fecha 1 vs Independiente,Primer tiempo,14:00:19,16:03:54,Pase,,00:22:09,00:22:09,0.000,5,corto,6,1,4,,
2022/02/21,Fecha 1 vs Independiente,Primer tiempo,14:00:19,16:03:54,Pase,,00:22:15,00:22:15,0.000,8,medio,2,6,9,,
2022/02/21,Fecha 1 vs Independiente,Primer tiempo,14:00:19,16:03:54,Pase,,00:22:17,00:22:17,0.000,9,corto,8,2,12,,
2022/02/21,Fecha 1 vs Independiente,Primer tiempo,14:00:19,16:03:54,Perdida,,00:22:19,00:22:19,0.000,12,Robo,,8,Volver,,
2022/02/21,Fecha 1 vs Independiente,Primer tiempo,14:00:19,16:03:54,Pase,,00:23:39,00:23:39,0.000,7,corto,6,3,8,,
2022/02/21,Fecha 1 vs Independiente,Primer tiempo,14:00:19,16:03:54,Pase,,00:23:41,00:23:41,0.000,8,corto,1,6,4,,
2022/02/21,Fecha 1 vs Independiente,Primer tiempo,14:00:19,16:03:54,Pase,,00:23:44,00:23:44,0.000,4,corto,6,1,4,,
2022/02/21,Fecha 1 vs Independiente,Primer tiempo,14:00:19,16:03:54,Perdida,,00:23:59,00:23:59,0.000,16,Duelo,,7,Volver,,
2022/02/21,Fecha 1 vs Independiente,Primer tiempo,14:00:19,16:03:54,Pelota parada,,00:24:30,00:24:30,0.000,19,Lateral largo,9,3,20,,
2022/02/21,Fecha 1 vs Independiente,Primer tiempo,14:00:19,16:03:54,Pase,,00:24:31,00:24:31,0.000,20,corto,3,9,19,,
2022/02/21,Fecha 1 vs Independiente,Primer tiempo,14:00:19,16:03:54,Pase,,00:24:34,00:24:34,0.000,19,centro aereo,7,3,22,,
2022/02/21,Fecha 1 vs Independiente,Primer tiempo,14:00:19,16:03:54,Perdida,,00:24:35,00:24:35,0.000,19,Interceptado,7,3,22,,
2022/02/21,Fecha 1 vs Independiente,Primer tiempo,14:00:19,16:03:54,Pase,,00:26:21,00:26:21,0.000,9,corto,6,4,5,,
2022/02/21,Fecha 1 vs Independiente,Primer tiempo,14:00:19,16:03:54,Pase,,00:26:23,00:26:23,0.000,9,corto,5,6,9,,
2022/02/21,Fecha 1 vs Independiente,Primer tiempo,14:00:19,16:03:54,Pase,,00:26:26,00:26:26,0.000,8,largo,11,5,18,,
2022/02/21,Fecha 1 vs Independiente,Primer tiempo,14:00:19,16:03:54,Pase,,00:26:28,00:26:28,0.000,24,centro aereo,Rival,11,21,,
2022/02/21,Fecha 1 vs Independiente,Primer tiempo,14:00:19,16:03:54,Pase,,00:27:00,00:27:00,0.000,11,medio,3,6,13,,
2022/02/21,Fecha 1 vs Independiente,Primer tiempo,14:00:19,16:03:54,Pase,,00:27:03,00:27:03,0.000,13,medio,6,3,10,,
2022/02/21,Fecha 1 vs Independiente,Primer tiempo,14:00:19,16:03:54,Pase,,00:27:13,00:27:13,0.000,8,largo,3,1,13,,
2022/02/21,Fecha 1 vs Independiente,Primer tiempo,14:00:19,16:03:54,Pase,,00:32:10,00:32:10,0.000,14,inteligente,7,6,19,,
2022/02/21,Fecha 1 vs Independiente,Primer tiempo,14:00:19,16:03:54,Pase,,00:32:14,00:32:14,0.000,19,medio,9,7,21,,
2022/02/21,Fecha 1 vs Independiente,Primer tiempo,14:00:19,16:03:54,Pase,,00:36:54,00:36:54,0.000,7,corto,8,6,10,,
2022/02/21,Fecha 1 vs Independiente,Primer tiempo,14:00:19,16:03:54,Pase,,00:36:56,00:36:56,0.000,10,corto,5,8,11,,
2022/02/21,Fecha 1 vs Independiente,Primer tiempo,14:00:19,16:03:54,Pase,,00:37:06,00:37:06,0.000,15,corto,11,4,18,,
2022/02/21,Fecha 1 vs Independiente,Primer tiempo,14:00:19,16:03:54,Pase,,00:37:06,00:37:06,0.000,24,centro aereo,9,11,22,,
2022/02/21,Fecha 1 vs Independiente,Primer tiempo,14:00:19,16:03:54,Gol ,,00:37:11,00:37:11,0.000,22,Directa,,9,Volver,,
2022/02/21,Fecha 1 vs Independiente,Primer tiempo,14:00:19,16:03:54,Pase,,00:38:49,00:38:49,0.000,7,corto,6,3,1,,
2022/02/21,Fecha 1 vs Independiente,Primer tiempo,14:00:19,16:03:54,Pase,,00:38:52,00:38:52,0.000,1,medio,10,6,10,,
2022/02/21,Fecha 1 vs Independiente,Primer tiempo,14:00:19,16:03:54,Pase,,00:38:54,00:38:54,0.000,10,corto,9,10,13,,
2022/02/21,Fecha 1 vs Independiente,Primer tiempo,14:00:19,16:03:54,Pase,,00:38:55,00:38:55,0.000,13,corto,10,9,14,,
2022/02/21,Fecha 1 vs Independiente,Primer tiempo,14:00:19,16:03:54,Pase,,00:38:57,00:38:57,0.000,14,corto,11,9,14,,
2022/02/21,Fecha 1 vs Independiente,Primer tiempo,14:00:19,16:03:54,Perdida,,00:38:58,00:38:58,0.000,14,Robo,,11,,,
2022/02/21,Fecha 1 vs Independiente,Primer tiempo,14:00:19,16:03:54,Pase,,00:43:12,00:43:12,0.000,16,inteligente,9,3,17,,
2022/02/21,Fecha 1 vs Independiente,Primer tiempo,14:00:19,16:03:54,Pase,,00:43:13,00:43:13,0.000,17,corto,11,9,18,,
2022/02/21,Fecha 1 vs Independiente,Primer tiempo,14:00:19,16:03:54,Remate pie,,00:43:15,00:43:15,0.000,18,Media distancia,Rival,11,22,,
2022/02/21,Fecha 1 vs Independiente,Primer tiempo,14:00:19,16:03:54,Gol ,,00:43:15,00:43:15,0.000,18,Directa,,11,Volver,,
2022/02/21,Fecha 1 vs Independiente,Primer tiempo,14:00:19,16:03:54,Pase,,00:32:51,00:32:51,0.000,15,medio,9,4,18,,
