Session Start Date,Event,Session Name,Session Start,Session End,Tag Description,Tag Notes,Tag Start,Tag End,Tag Duration (secs),Zonas,Categoria,Jugador2,Jugador,Zonas_final,Optional Column
2022/05/08,CENTRAL_PPRP,CENTRAL_PPRP1,09:22:43,11:51:30,Perdida,,00:29:00,00:29:00,0.000,1,Balon afuera lateral,,6,Volver,
2022/05/08,CENTRAL_PPRP,CENTRAL_PPRP1,09:22:43,11:51:30,Duelo,,00:29:08,00:29:08,0.000,13,Disputa suelo,,10,Volver,
2022/05/08,CENTRAL_PPRP,CENTRAL_PPRP1,09:22:43,11:51:30,Recuperacion,,00:29:10,00:29:10,0.000,13,Robo,,10,Volver,
2022/05/08,CENTRAL_PPRP,CENTRAL_PPRP1,09:22:43,11:51:30,Perdida,,00:29:15,00:29:15,0.000,17,Error tecnico,,9,Volver,
2022/05/08,CENTRAL_PPRP,CENTRAL_PPRP1,09:22:43,11:51:30,Pelota parada,,00:29:33,00:29:33,0.000,18,Lateral corto,8,4,18,
2022/05/08,CENTRAL_PPRP,CENTRAL_PPRP1,09:22:43,11:51:30,Pelota parada,,00:29:58,00:29:58,0.000,24,Lateral largo,9,4,23,
2022/05/08,CENTRAL_PPRP,CENTRAL_PPRP1,09:22:43,11:51:30,Pelota parada,,00:30:36,00:30:36,0.000,24,Tiro de esquina,3,5,21,
2022/05/08,CENTRAL_PPRP,CENTRAL_PPRP1,09:22:43,11:51:30,Pelota parada,,00:31:12,00:31:12,0.000,24,Tiro de esquina,6,10,22,
2022/05/08,CENTRAL_PPRP,CENTRAL_PPRP1,09:22:43,11:51:30,Perdida,,00:31:15,00:31:15,0.000,22,Interceptado,,6,Volver,
2022/05/08,CENTRAL_PPRP,CENTRAL_PPRP1,09:22:43,11:51:30,Duelo,,00:32:24,00:32:24,0.000,10,Aereo,,6,Volver,
2022/05/08,CENTRAL_PPRP,CENTRAL_PPRP1,09:22:43,11:51:30,Recuperacion,,00:32:25,00:32:25,0.000,10,Intercepcion aereo,,6,Volver,
2022/05/08,CENTRAL_PPRP,CENTRAL_PPRP1,09:22:43,11:51:30,Perdida,,00:32:41,00:32:41,0.000,2,Interceptado,10,6,13,
2022/05/08,CENTRAL_PPRP,CENTRAL_PPRP1,09:22:43,11:51:30,Duelo,,00:32:48,00:32:48,0.000,7,Aereo,,6,Volver,
2022/05/08,CENTRAL_PPRP,CENTRAL_PPRP1,09:22:43,11:51:30,Recuperacion,,00:32:49,00:32:49,0.000,7,Duelo,,6,Volver,
2022/05/08,CENTRAL_PPRP,CENTRAL_PPRP1,09:22:43,11:51:30,Pelota parada,,00:33:20,00:33:20,0.000,7,Tiro libre,9,1,17,
2022/05/08,CENTRAL_PPRP,CENTRAL_PPRP1,09:22:43,11:51:30,Perdida,,00:33:21,00:33:21,0.000,7,intercepcion aereo,9,1,17,
2022/05/08,CENTRAL_PPRP,CENTRAL_PPRP1,09:22:43,11:51:30,Duelo,,00:33:26,00:33:26,0.000,11,Disputa suelo,,6,Volver,
2022/05/08,CENTRAL_PPRP,CENTRAL_PPRP1,09:22:43,11:51:30,Recuperacion,,00:33:28,00:33:28,0.000,11,Robo,,6,Volver,
2022/05/08,CENTRAL_PPRP,CENTRAL_PPRP1,09:22:43,11:51:30,Perdida,,00:33:34,00:33:34,0.000,10,Error tecnico,,9,Volver,
2022/05/08,CENTRAL_PPRP,CENTRAL_PPRP1,09:22:43,11:51:30,Recuperacion,,00:33:42,00:33:42,0.000,8,Intercepcion,,7,Volver,
2022/05/08,CENTRAL_PPRP,CENTRAL_PPRP1,09:22:43,11:51:30,Perdida,,00:33:47,00:33:47,0.000,12,Robo,,11,Volver,
2022/05/08,CENTRAL_PPRP,CENTRAL_PPRP1,09:22:43,11:51:30,Recuperacion,,00:34:06,00:34:06,0.000,4,Encontrada,,1,Volver,
2022/05/08,CENTRAL_PPRP,CENTRAL_PPRP1,09:22:43,11:51:30,Perdida,,00:34:29,00:34:29,0.000,12,Interceptado,7,4,18,
2022/05/08,CENTRAL_PPRP,CENTRAL_PPRP1,09:22:43,11:51:30,Duelo,,00:34:38,00:34:38,0.000,14,Aereo,,8,Volver,
2022/05/08,CENTRAL_PPRP,CENTRAL_PPRP1,09:22:43,11:51:30,Recuperacion,,00:34:39,00:34:39,0.000,14,Duelo,,8,Volver,
2022/05/08,CENTRAL_PPRP,CENTRAL_PPRP1,09:22:43,11:51:30,Pelota parada,,00:35:09,00:35:09,0.000,13,Tiro libre,2,3,11,
2022/05/08,CENTRAL_PPRP,CENTRAL_PPRP1,09:22:43,11:51:30,Perdida,,00:35:15,00:35:15,0.000,15,Error tecnico,,8,Volver,
2022/05/08,CENTRAL_PPRP,CENTRAL_PPRP1,09:22:43,11:51:30,Pelota parada,,00:35:36,00:35:36,0.000,7,Lateral corto,8,3,7,
2022/05/08,CENTRAL_PPRP,CENTRAL_PPRP1,09:22:43,11:51:30,Perdida,,00:35:42,00:35:42,0.000,7,Robo,,3,Volver,
2022/05/08,CENTRAL_PPRP,CENTRAL_PPRP1,09:22:43,11:51:30,Recuperacion,,00:36:32,00:36:32,0.000,3,Intercepcion aereo,,4,Volver,
2022/05/08,CENTRAL_PPRP,CENTRAL_PPRP1,09:22:43,11:51:30,Perdida,,00:36:58,00:36:58,0.000,14,Error tecnico,,8,Volver,
2022/05/08,CENTRAL_PPRP,CENTRAL_PPRP1,09:22:43,11:51:30,Duelo,,00:37:22,00:37:22,0.000,2,Disputa suelo,,3,Volver,
2022/05/08,CENTRAL_PPRP,CENTRAL_PPRP1,09:22:43,11:51:30,Recuperacion,,00:37:22,00:37:22,0.000,2,Duelo,,3,Volver,
2022/05/08,CENTRAL_PPRP,CENTRAL_PPRP1,09:22:43,11:51:30,Duelo,,00:37:57,00:37:57,0.000,14,Aereo,,9,Volver,
2022/05/08,CENTRAL_PPRP,CENTRAL_PPRP1,09:22:43,11:51:30,Perdida,,00:37:58,00:37:58,0.000,14,Duelo,,9,Volver,
2022/05/08,CENTRAL_PPRP,CENTRAL_PPRP1,09:22:43,11:51:30,Recuperacion,,00:38:20,00:38:20,0.000,12,Intercepcion,,4,Volver,
2022/05/08,CENTRAL_PPRP,CENTRAL_PPRP1,09:22:43,11:51:30,Perdida,,00:38:26,00:38:26,0.000,18,Balon afuera lateral,,7,Volver,
2022/05/08,CENTRAL_PPRP,CENTRAL_PPRP1,09:22:43,11:51:30,Recuperacion,,00:39:24,00:39:24,0.000,2,Encontrada,,6,Volver,
2022/05/08,CENTRAL_PPRP,CENTRAL_PPRP1,09:22:43,11:51:30,Pelota parada,,00:39:45,00:39:45,0.000,7,Lateral largo,9,3,10,
2022/05/08,CENTRAL_PPRP,CENTRAL_PPRP1,09:22:43,11:51:30,Perdida,,00:39:49,00:39:49,0.000,10,Balon afuera lateral,,9,Volver,
2022/05/08,CENTRAL_PPRP,CENTRAL_PPRP1,09:22:43,11:51:30,Recuperacion,,00:40:15,00:40:15,0.000,3,Intercepcion,,2,Volver,
2022/05/08,CENTRAL_PPRP,CENTRAL_PPRP1,09:22:43,11:51:30,Perdida,,00:41:31,00:41:31,0.000,10,Interceptado,10,3,13,
2022/05/08,CENTRAL_PPRP,CENTRAL_PPRP1,09:22:43,11:51:30,Recuperacion,,00:41:37,00:41:37,0.000,7,Encontrada,,6,Volver,
2022/05/08,CENTRAL_PPRP,CENTRAL_PPRP1,09:22:43,11:51:30,Perdida,,00:41:43,00:41:43,0.000,14,Error tecnico,,9,Volver,
2022/05/08,CENTRAL_PPRP,CENTRAL_PPRP1,09:22:43,11:51:30,Duelo,,00:42:06,00:42:06,0.000,13,Disputa suelo,,10,Volver,
2022/05/08,CENTRAL_PPRP,CENTRAL_PPRP1,09:22:43,11:51:30,Recuperacion,,00:42:07,00:42:07,0.000,13,Robo,,10,Volver,
2022/05/08,CENTRAL_PPRP,CENTRAL_PPRP1,09:22:43,11:51:30,Pelota parada,,00:42:32,00:42:32,0.000,19,Lateral corto,11,3,19,
2022/05/08,CENTRAL_PPRP,CENTRAL_PPRP1,09:22:43,11:51:30,Perdida,,00:42:36,00:42:36,0.000,19,Error tecnico,,10,Volver,
2022/05/08,CENTRAL_PPRP,CENTRAL_PPRP1,09:22:43,11:51:30,Recuperacion,,00:42:40,00:42:40,0.000,10,intercepcion anticipo,,6,Volver,
2022/05/08,CENTRAL_PPRP,CENTRAL_PPRP1,09:22:43,11:51:30,Duelo,,00:42:49,00:42:49,0.000,10,Gambeta a favor,,8,Volver,
2022/05/08,CENTRAL_PPRP,CENTRAL_PPRP1,09:22:43,11:51:30,Pelota parada,,00:43:02,00:43:02,0.000,10,Tiro libre,6,8,7,
2022/05/08,CENTRAL_PPRP,CENTRAL_PPRP1,09:22:43,11:51:30,Duelo,,00:43:20,00:43:20,0.000,14,Aereo,,9,Volver,
2022/05/08,CENTRAL_PPRP,CENTRAL_PPRP1,09:22:43,11:51:30,Duelo,,00:43:22,00:43:22,0.000,14,Gambeta a favor,,9,Volver,
2022/05/08,CENTRAL_PPRP,CENTRAL_PPRP1,09:22:43,11:51:30,Pelota parada,,00:43:48,00:43:48,0.000,19,Lateral largo,9,3,20,
2022/05/08,CENTRAL_PPRP,CENTRAL_PPRP1,09:22:43,11:51:30,Perdida,,00:43:49,00:43:49,0.000,20,Robo,,9,Volver,
2022/05/08,CENTRAL_PPRP,CENTRAL_PPRP1,09:22:43,11:51:30,Recuperacion,,00:43:53,00:43:53,0.000,16,Intercepcion,,5,Volver,
2022/05/08,CENTRAL_PPRP,CENTRAL_PPRP1,09:22:43,11:51:30,Perdida,,00:44:01,00:44:01,0.000,19,Robo,,11,Volver,
2022/05/08,CENTRAL_PPRP,CENTRAL_PPRP1,09:22:43,11:51:30,Recuperacion,,00:44:04,00:44:04,0.000,13,intercepcion anticipo aereo,,6,Volver,
2022/05/08,CENTRAL_PPRP,CENTRAL_PPRP1,09:22:43,11:51:30,Perdida,,00:44:10,00:44:10,0.000,17,Error tactico,,9,Volver,
2022/05/08,CENTRAL_PPRP,CENTRAL_PPRP1,09:22:43,11:51:30,Recuperacion,,00:44:50,00:44:50,0.000,2,Intercepcion,,6,Volver,
2022/05/08,CENTRAL_PPRP,CENTRAL_PPRP1,09:22:43,11:51:30,Perdida,,00:45:03,00:45:03,0.000,7,Error tecnico,,10,Volver,
2022/05/08,CENTRAL_PPRP,CENTRAL_PPRP1,09:22:43,11:51:30,Recuperacion,,00:45:38,00:45:38,0.000,4,Intercepcion,,4,Volver,
2022/05/08,CENTRAL_PPRP,CENTRAL_PPRP1,09:22:43,11:51:30,Duelo,,00:45:58,00:45:58,0.000,15,Aereo,,7,Volver,
2022/05/08,CENTRAL_PPRP,CENTRAL_PPRP1,09:22:43,11:51:30,Perdida,,00:45:59,00:45:59,0.000,15,Duelo,,7,Volver,
2022/05/08,CENTRAL_PPRP,CENTRAL_PPRP1,09:22:43,11:51:30,Recuperacion,,00:46:25,00:46:25,0.000,8,Encontrada,,2,Volver,
2022/05/08,CENTRAL_PPRP,CENTRAL_PPRP1,09:22:43,11:51:30,Perdida,,00:46:32,00:46:32,0.000,15,Error tecnico,,7,Volver,
2022/05/08,CENTRAL_PPRP,CENTRAL_PPRP1,09:22:43,11:51:30,Recuperacion,,00:46:54,00:46:54,0.000,11,Encontrada,,7,Volver,
2022/05/08,CENTRAL_PPRP,CENTRAL_PPRP1,09:22:43,11:51:30,Perdida,,00:47:08,00:47:08,0.000,18,Robo,,7,Volver,
2022/05/08,CENTRAL_PPRP,CENTRAL_PPRP1,09:22:43,11:51:30,Recuperacion,,00:47:11,00:47:11,0.000,14,intercepcion anticipo,,6,Volver,
2022/05/08,CENTRAL_PPRP,CENTRAL_PPRP1,09:22:43,11:51:30,Duelo,,00:47:19,00:47:19,0.000,16,Disputa suelo,,11,Volver,
2022/05/08,CENTRAL_PPRP,CENTRAL_PPRP1,09:22:43,11:51:30,Perdida,,00:47:20,00:47:20,0.000,16,Robo,,11,Volver,
2022/05/08,CENTRAL_PPRP,CENTRAL_PPRP1,09:22:43,11:51:30,Recuperacion,,00:47:46,00:47:46,0.000,5,Robo,,8,Volver,
2022/05/08,CENTRAL_PPRP,CENTRAL_PPRP1,09:22:43,11:51:30,Perdida,,00:47:59,00:47:59,0.000,9,Interceptado,,5,Volver,
2022/05/08,CENTRAL_PPRP,CENTRAL_PPRP1,09:22:43,11:51:30,Recuperacion,,00:48:03,00:48:03,0.000,9,intercepcion anticipo,,2,Volver,
2022/05/08,CENTRAL_PPRP,CENTRAL_PPRP1,09:22:43,11:51:30,Pelota parada,,00:48:39,00:48:39,0.000,12,Tiro libre,2,4,9,
2022/05/08,CENTRAL_PPRP,CENTRAL_PPRP1,09:22:43,11:51:30,Duelo,,00:48:49,00:48:49,0.000,10,Gambeta a favor,,8,Volver,
2022/05/08,CENTRAL_PPRP,CENTRAL_PPRP1,09:22:43,11:51:30,Perdida,,00:48:52,00:48:52,0.000,11,Interceptado,11,5,16,
2022/05/08,CENTRAL_PPRP,CENTRAL_PPRP1,09:22:43,11:51:30,Recuperacion,,00:49:31,00:49:31,0.000,12,Duelo,,8,Volver,
2022/05/08,CENTRAL_PPRP,CENTRAL_PPRP1,09:22:43,11:51:30,Pelota parada,,00:49:44,00:49:44,0.000,12,Lateral largo,10,4,15,
2022/05/08,CENTRAL_PPRP,CENTRAL_PPRP1,09:22:43,11:51:30,Perdida,,00:49:45,00:49:45,0.000,15,Error tecnico,,10,Volver,
2022/05/08,CENTRAL_PPRP,CENTRAL_PPRP1,09:22:43,11:51:30,Duelo,,00:49:52,00:49:52,0.000,9,Disputa suelo,,2,Volver,
2022/05/08,CENTRAL_PPRP,CENTRAL_PPRP1,09:22:43,11:51:30,Recuperacion,,00:49:53,00:49:53,0.000,9,Robo,,2,Volver,
2022/05/08,CENTRAL_PPRP,CENTRAL_PPRP1,09:22:43,11:51:30,Perdida,,00:50:09,00:50:09,0.000,14,Interceptado,11,3,16,
2022/05/08,CENTRAL_PPRP,CENTRAL_PPRP1,09:22:43,11:51:30,Recuperacion,,00:50:42,00:50:42,0.000,7,Intercepcion,,3,Volver,
2022/05/08,CENTRAL_PPRP,CENTRAL_PPRP1,09:22:43,11:51:30,Pelota parada,,00:53:14,00:53:14,0.000,19,Tiro de esquina,,10,Volver,
2022/05/08,CENTRAL_PPRP,CENTRAL_PPRP1,09:22:43,11:51:30,Recuperacion,,00:53:44,00:53:44,0.000,11,intercepcion anticipo aereo,,2,Volver,
2022/05/08,CENTRAL_PPRP,CENTRAL_PPRP1,09:22:43,11:51:30,Duelo,,00:53:53,00:53:53,0.000,21,Gambeta a favor,,7,Volver,
2022/05/08,CENTRAL_PPRP,CENTRAL_PPRP1,09:22:43,11:51:30,Perdida,,00:53:57,00:53:57,0.000,21,Atajada,,7,Volver,
2022/05/08,CENTRAL_PPRP,CENTRAL_PPRP1,09:22:43,11:51:30,Recuperacion,,00:54:59,00:54:59,0.000,15,Intercepcion,,7,Volver,
2022/05/08,CENTRAL_PPRP,CENTRAL_PPRP1,09:22:43,11:51:30,Duelo,,00:55:13,00:55:13,0.000,24,Gambeta a favor,,7,Volver,
2022/05/08,CENTRAL_PPRP,CENTRAL_PPRP1,09:22:43,11:51:30,Pelota parada,,00:56:03,00:56:03,0.000,24,Tiro libre,,10,Volver,
2022/05/08,CENTRAL_PPRP,CENTRAL_PPRP1,09:22:43,11:51:30,Perdida,,00:56:04,00:56:04,0.000,24,Atajada,,10,Volver,
2022/05/08,CENTRAL_PPRP,CENTRAL_PPRP1,09:22:43,11:51:30,Duelo,,00:57:44,00:57:44,0.000,11,Disputa suelo,,5,Volver,
2022/05/08,CENTRAL_PPRP,CENTRAL_PPRP1,09:22:43,11:51:30,Recuperacion,,00:57:45,00:57:45,0.000,11,Robo,,5,Volver,
2022/05/08,CENTRAL_PPRP,CENTRAL_PPRP1,09:22:43,11:51:30,Perdida,,00:57:55,00:57:55,0.000,15,Balon afuera lateral,,7,Volver,
2022/05/08,CENTRAL_PPRP,CENTRAL_PPRP1,09:22:43,11:51:30,Recuperacion,,00:58:11,00:58:11,0.000,14,Robo,,10,Volver,
2022/05/08,CENTRAL_PPRP,CENTRAL_PPRP1,09:22:43,11:51:30,Perdida,,00:58:21,00:58:21,0.000,21,Error tecnico,,9,Volver,
2022/05/08,CENTRAL_PPRP,CENTRAL_PPRP1,09:22:43,11:51:30,Recuperacion,,00:58:40,00:58:40,0.000,8,Robo,,5,Volver,
2022/05/08,CENTRAL_PPRP,CENTRAL_PPRP1,09:22:43,11:51:30,Perdida,,00:59:02,00:59:02,0.000,9,Balon afuera lateral,,2,Volver,
2022/05/08,CENTRAL_PPRP,CENTRAL_PPRP1,09:22:43,11:51:30,Recuperacion,,00:59:29,00:59:29,0.000,12,Encontrada,,9,Volver,
2022/05/08,CENTRAL_PPRP,CENTRAL_PPRP1,09:22:43,11:51:30,Duelo,,00:59:33,00:59:33,0.000,12,Gambeta a favor,,7,Volver,
2022/05/08,CENTRAL_PPRP,CENTRAL_PPRP1,09:22:43,11:51:30,Perdida,,00:59:35,00:59:35,0.000,12,Balon afuera lateral,,7,Volver,
2022/05/08,CENTRAL_PPRP,CENTRAL_PPRP1,09:22:43,11:51:30,Pelota parada,,01:00:11,01:00:11,0.000,9,Lateral largo,,4,Volver,
2022/05/08,CENTRAL_PPRP,CENTRAL_PPRP1,09:22:43,11:51:30,Pelota parada,,01:00:26,01:00:26,0.000,12,Tiro libre,2,4,12,
2022/05/08,CENTRAL_PPRP,CENTRAL_PPRP1,09:22:43,11:51:30,Perdida,,01:00:36,01:00:36,0.000,10,Interceptado,11,5,13,
2022/05/08,CENTRAL_PPRP,CENTRAL_PPRP1,09:22:43,11:51:30,Recuperacion,,01:02:13,01:02:13,0.000,1,Duelo,,6,Volver,
2022/05/08,CENTRAL_PPRP,CENTRAL_PPRP1,09:22:43,11:51:30,Perdida,,01:02:55,01:02:55,0.000,17,Error tecnico,,10,Volver,
2022/05/08,CENTRAL_PPRP,CENTRAL_PPRP1,09:22:43,11:51:30,Recuperacion,,01:03:41,01:03:41,0.000,4,Encontrada,,6,Volver,
2022/05/08,CENTRAL_PPRP,CENTRAL_PPRP1,09:22:43,11:51:30,Perdida,,01:03:44,01:03:44,0.000,4,Interceptado,11,6,8,
2022/05/08,CENTRAL_PPRP,CENTRAL_PPRP1,09:22:43,11:51:30,Recuperacion,,01:04:56,01:04:56,0.000,12,intercepcion anticipo,,5,Volver,
2022/05/08,CENTRAL_PPRP,CENTRAL_PPRP1,09:22:43,11:51:30,Perdida,,01:05:16,01:05:16,0.000,24,Error tecnico,,7,Volver,
2022/05/08,CENTRAL_PPRP,CENTRAL_PPRP1,09:22:43,11:51:30,Recuperacion,,01:05:52,01:05:52,0.000,11,Encontrada,,5,Volver,
2022/05/08,CENTRAL_PPRP,CENTRAL_PPRP1,09:22:43,11:51:30,Pelota parada,,01:06:51,01:06:51,0.000,14,Tiro libre,2,5,20,
2022/05/08,CENTRAL_PPRP,CENTRAL_PPRP1,09:22:43,11:51:30,Perdida,,01:07:00,01:07:00,0.000,16,intercepcion aereo,,3,Volver,
2022/05/08,CENTRAL_PPRP,CENTRAL_PPRP1,09:22:43,11:51:30,Recuperacion,,01:07:28,01:07:28,0.000,10,Encontrada,,8,Volver,
2022/05/08,CENTRAL_PPRP,CENTRAL_PPRP1,09:22:43,11:51:30,Pelota parada,,01:07:52,01:07:52,0.000,18,Lateral largo,7,4,18,
2022/05/08,CENTRAL_PPRP,CENTRAL_PPRP1,09:22:43,11:51:30,Perdida,,01:08:01,01:08:01,0.000,24,Duelo,,7,Volver,
2022/05/08,CENTRAL_PPRP,CENTRAL_PPRP1,09:22:43,11:51:30,Recuperacion,,01:08:10,01:08:10,0.000,8,Encontrada,,2,Volver,
2022/05/08,CENTRAL_PPRP,CENTRAL_PPRP1,09:22:43,11:51:30,Pelota parada,,01:08:46,01:08:46,0.000,18,Lateral corto,7,4,24,
2022/05/08,CENTRAL_PPRP,CENTRAL_PPRP1,09:22:43,11:51:30,Pelota parada,,01:09:24,01:09:24,0.000,24,Tiro de esquina,6,5,22,
2022/05/08,CENTRAL_PPRP,CENTRAL_PPRP1,09:22:43,11:51:30,Perdida,,01:09:27,01:09:27,0.000,22,Interceptado,,6,Volver,
2022/05/08,CENTRAL_PPRP,CENTRAL_PPRP1,09:22:43,11:51:30,Recuperacion,,01:09:34,01:09:34,0.000,10,Robo,,8,Volver,
2022/05/08,CENTRAL_PPRP,CENTRAL_PPRP1,09:22:43,11:51:30,Pelota parada,,01:10:46,01:10:46,0.000,10,Tiro libre,,3,Volver,
2022/05/08,CENTRAL_PPRP,CENTRAL_PPRP1,09:22:43,11:51:30,Pelota parada,,01:11:23,01:11:23,0.000,24,Tiro de esquina,,10,Volver,
2022/05/08,CENTRAL_PPRP,CENTRAL_PPRP1,09:22:43,11:51:30,Duelo,,01:11:34,01:11:34,0.000,17,Gambeta a favor,,7,Volver,
2022/05/08,CENTRAL_PPRP,CENTRAL_PPRP1,09:22:43,11:51:30,Perdida,,01:11:36,01:11:36,0.000,17,Robo,,7,Volver,
2022/05/08,CENTRAL_PPRP,CENTRAL_PPRP1,09:22:43,11:51:30,Recuperacion,,01:12:24,01:12:24,0.000,2,Duelo,,6,Volver,
2022/05/08,CENTRAL_PPRP,CENTRAL_PPRP1,09:22:43,11:51:30,Perdida,,01:31:14,01:31:14,0.000,9,Interceptado,7,2,15,
2022/05/08,CENTRAL_PPRP,CENTRAL_PPRP1,09:22:43,11:51:30,Recuperacion,,01:31:20,01:31:20,0.000,12,intercepcion anticipo,,5,Volver,
2022/05/08,CENTRAL_PPRP,CENTRAL_PPRP1,09:22:43,11:51:30,Perdida,,01:31:28,01:31:28,0.000,17,Interceptado,10,11,17,
2022/05/08,CENTRAL_PPRP,CENTRAL_PPRP1,09:22:43,11:51:30,Recuperacion,,01:31:34,01:31:34,0.000,11,Encontrada,,4,Volver,
2022/05/08,CENTRAL_PPRP,CENTRAL_PPRP1,09:22:43,11:51:30,Pelota parada,,01:32:12,01:32:12,0.000,13,Lateral corto,10,3,16,
2022/05/08,CENTRAL_PPRP,CENTRAL_PPRP1,09:22:43,11:51:30,Perdida,,01:32:16,01:32:16,0.000,16,Interceptado,9,10,16,
2022/05/08,CENTRAL_PPRP,CENTRAL_PPRP1,09:22:43,11:51:30,Recuperacion,,01:32:25,01:32:25,0.000,13,Intercepcion,,8,Volver,
2022/05/08,CENTRAL_PPRP,CENTRAL_PPRP1,09:22:43,11:51:30,Pelota parada,,01:32:33,01:32:33,0.000,16,Lateral corto,10,3,16,
2022/05/08,CENTRAL_PPRP,CENTRAL_PPRP1,09:22:43,11:51:30,Pelota parada,,01:34:00,01:34:00,0.000,17,Tiro libre,,3,Volver,
2022/05/08,CENTRAL_PPRP,CENTRAL_PPRP1,09:22:43,11:51:30,Perdida,,01:34:00,01:34:00,0.000,17,Balon afuera fondo,,3,Volver,
2022/05/08,CENTRAL_PPRP,CENTRAL_PPRP1,09:22:43,11:51:30,Recuperacion,,01:34:26,01:34:26,0.000,12,intercepcion anticipo aereo,,2,Volver,
2022/05/08,CENTRAL_PPRP,CENTRAL_PPRP1,09:22:43,11:51:30,Duelo,,01:34:31,01:34:31,0.000,15,Disputa suelo,,7,Volver,
2022/05/08,CENTRAL_PPRP,CENTRAL_PPRP1,09:22:43,11:51:30,Perdida,,01:34:32,01:34:32,0.000,15,Duelo,,7,Volver,
2022/05/08,CENTRAL_PPRP,CENTRAL_PPRP1,09:22:43,11:51:30,Pelota parada,,01:35:30,01:35:30,0.000,7,Tiro libre,9,1,17,
2022/05/08,CENTRAL_PPRP,CENTRAL_PPRP1,09:22:43,11:51:30,Pelota parada,,01:35:45,01:35:45,0.000,11,Tiro libre,2,5,8,
2022/05/08,CENTRAL_PPRP,CENTRAL_PPRP1,09:22:43,11:51:30,Perdida,,01:35:51,01:35:51,0.000,8,Error tecnico,,6,Volver,
2022/05/08,CENTRAL_PPRP,CENTRAL_PPRP1,09:22:43,11:51:30,Pelota parada,,01:36:14,01:36:14,0.000,12,Lateral largo,,4,Volver,
2022/05/08,CENTRAL_PPRP,CENTRAL_PPRP1,09:22:43,11:51:30,Recuperacion,,01:36:48,01:36:48,0.000,11,intercepcion anticipo,,8,Volver,
2022/05/08,CENTRAL_PPRP,CENTRAL_PPRP1,09:22:43,11:51:30,Perdida,,01:36:59,01:36:59,0.000,16,Interceptado,9,3,17,
2022/05/08,CENTRAL_PPRP,CENTRAL_PPRP1,09:22:43,11:51:30,Recuperacion,,01:37:08,01:37:08,0.000,8,Encontrada,,6,Volver,
2022/05/08,CENTRAL_PPRP,CENTRAL_PPRP1,09:22:43,11:51:30,Pelota parada,,01:37:49,01:37:49,0.000,7,Lateral largo,,3,Volver,
2022/05/08,CENTRAL_PPRP,CENTRAL_PPRP1,09:22:43,11:51:30,Pelota parada,,01:38:02,01:38:02,0.000,10,Lateral largo,,3,Volver,
2022/05/08,CENTRAL_PPRP,CENTRAL_PPRP1,09:22:43,11:51:30,Pelota parada,,01:38:19,01:38:19,0.000,10,Lateral largo,,3,Volver,
2022/05/08,CENTRAL_PPRP,CENTRAL_PPRP1,09:22:43,11:51:30,Perdida,,01:38:21,01:38:21,0.000,10,Interceptado,,3,Volver,
2022/05/08,CENTRAL_PPRP,CENTRAL_PPRP1,09:22:43,11:51:30,Recuperacion,,01:38:40,01:38:40,0.000,8,Encontrada,,2,Volver,
2022/05/08,CENTRAL_PPRP,CENTRAL_PPRP1,09:22:43,11:51:30,Perdida,,01:38:45,01:38:45,0.000,9,Interceptado,7,2,18,
2022/05/08,CENTRAL_PPRP,CENTRAL_PPRP1,09:22:43,11:51:30,Pelota parada,,01:39:00,01:39:00,0.000,18,Lateral corto,8,4,18,
2022/05/08,CENTRAL_PPRP,CENTRAL_PPRP1,09:22:43,11:51:30,Perdida,,01:39:12,01:39:12,0.000,18,Balon afuera lateral,,4,Volver,
2022/05/08,CENTRAL_PPRP,CENTRAL_PPRP1,09:22:43,11:51:30,Pelota parada,,01:43:12,01:43:12,0.000,13,Tiro libre,,10,Volver,
2022/05/08,CENTRAL_PPRP,CENTRAL_PPRP1,09:22:43,11:51:30,Recuperacion,,01:44:38,01:44:38,0.000,8,Intercepcion aereo,,4,Volver,
2022/05/08,CENTRAL_PPRP,CENTRAL_PPRP1,09:22:43,11:51:30,Pelota parada,,01:44:57,01:44:57,0.000,7,Lateral largo,2,3,8,
2022/05/08,CENTRAL_PPRP,CENTRAL_PPRP1,09:22:43,11:51:30,Duelo,,01:45:02,01:45:02,0.000,12,Gambeta a favor,,4,Volver,
2022/05/08,CENTRAL_PPRP,CENTRAL_PPRP1,09:22:43,11:51:30,Perdida,,01:45:04,01:45:04,0.000,12,Duelo,,4,Volver,
2022/05/08,CENTRAL_PPRP,CENTRAL_PPRP1,09:22:43,11:51:30,Duelo,,01:45:05,01:45:05,0.000,11,Disputa suelo,,4,Volver,
2022/05/08,CENTRAL_PPRP,CENTRAL_PPRP1,09:22:43,11:51:30,Recuperacion,,01:45:06,01:45:06,0.000,11,Robo,,4,Volver,
2022/05/08,CENTRAL_PPRP,CENTRAL_PPRP1,09:22:43,11:51:30,Duelo,,01:45:08,01:45:08,0.000,15,Gambeta a favor,,10,Volver,
2022/05/08,CENTRAL_PPRP,CENTRAL_PPRP1,09:22:43,11:51:30,Perdida,,01:45:10,01:45:10,0.000,15,Error tecnico,,10,Volver,
2022/05/08,CENTRAL_PPRP,CENTRAL_PPRP1,09:22:43,11:51:30,Recuperacion,,01:46:18,01:46:18,0.000,5,Encontrada,,1,Volver,
2022/05/08,CENTRAL_PPRP,CENTRAL_PPRP1,09:22:43,11:51:30,Perdida,,01:46:35,01:46:35,0.000,10,Error tecnico,,9,Volver,
2022/05/08,CENTRAL_PPRP,CENTRAL_PPRP1,09:22:43,11:51:30,Recuperacion,,01:46:39,01:46:39,0.000,10,Robo,,9,Volver,
2022/05/08,CENTRAL_PPRP,CENTRAL_PPRP1,09:22:43,11:51:30,Perdida,,01:46:48,01:46:48,0.000,18,Interceptado,7,4,24,
2022/05/08,CENTRAL_PPRP,CENTRAL_PPRP1,09:22:43,11:51:30,Recuperacion,,01:47:24,01:47:24,0.000,8,Intercepcion aereo,,2,Volver,
2022/05/08,CENTRAL_PPRP,CENTRAL_PPRP1,09:22:43,11:51:30,Duelo,,01:47:34,01:47:34,0.000,15,Gambeta a favor,,10,Volver,
2022/05/08,CENTRAL_PPRP,CENTRAL_PPRP1,09:22:43,11:51:30,Perdida,,01:47:39,01:47:39,0.000,18,Interceptado,7,10,18,
2022/05/08,CENTRAL_PPRP,CENTRAL_PPRP1,09:22:43,11:51:30,Duelo,,01:47:47,01:47:47,0.000,11,Aereo,,6,Volver,
2022/05/08,CENTRAL_PPRP,CENTRAL_PPRP1,09:22:43,11:51:30,Recuperacion,,01:47:48,01:47:48,0.000,11,intercepcion anticipo aereo,,6,Volver,
2022/05/08,CENTRAL_PPRP,CENTRAL_PPRP1,09:22:43,11:51:30,Duelo,,01:47:55,01:47:55,0.000,17,Gambeta a favor,,10,Volver,
2022/05/08,CENTRAL_PPRP,CENTRAL_PPRP1,09:22:43,11:51:30,Duelo,,01:48:04,01:48:04,0.000,17,Disputa suelo,,8,Volver,
2022/05/08,CENTRAL_PPRP,CENTRAL_PPRP1,09:22:43,11:51:30,Perdida,,01:48:05,01:48:05,0.000,17,Duelo,,8,Volver,
2022/05/08,CENTRAL_PPRP,CENTRAL_PPRP1,09:22:43,11:51:30,Pelota parada,,01:49:13,01:49:13,0.000,11,Tiro libre,11,6,14,
2022/05/08,CENTRAL_PPRP,CENTRAL_PPRP1,09:22:43,11:51:30,Duelo,,01:49:17,01:49:17,0.000,14,Aereo,,11,Volver,
2022/05/08,CENTRAL_PPRP,CENTRAL_PPRP1,09:22:43,11:51:30,Perdida,,01:49:19,01:49:19,0.000,14,Duelo,,11,Volver,
2022/05/08,CENTRAL_PPRP,CENTRAL_PPRP1,09:22:43,11:51:30,Duelo,,01:49:40,01:49:40,0.000,9,Disputa suelo,,5,Volver,
2022/05/08,CENTRAL_PPRP,CENTRAL_PPRP1,09:22:43,11:51:30,Recuperacion,,01:49:41,01:49:41,0.000,9,Robo,,5,Volver,
2022/05/08,CENTRAL_PPRP,CENTRAL_PPRP1,09:22:43,11:51:30,Perdida,,01:49:44,01:49:44,0.000,9,Error tecnico,,4,Volver,
2022/05/08,CENTRAL_PPRP,CENTRAL_PPRP1,09:22:43,11:51:30,Duelo,,01:50:14,01:50:14,0.000,9,Disputa suelo,,5,Volver,
2022/05/08,CENTRAL_PPRP,CENTRAL_PPRP1,09:22:43,11:51:30,Recuperacion,,01:50:15,01:50:15,0.000,9,Robo,,5,Volver,
2022/05/08,CENTRAL_PPRP,CENTRAL_PPRP1,09:22:43,11:51:30,Duelo,,01:50:37,01:50:37,0.000,20,Disputa suelo,,16,Volver,
2022/05/08,CENTRAL_PPRP,CENTRAL_PPRP1,09:22:43,11:51:30,Perdida,,01:50:39,01:50:39,0.000,20,Duelo,,16,Volver,
2022/05/08,CENTRAL_PPRP,CENTRAL_PPRP1,09:22:43,11:51:30,Recuperacion,,01:51:03,01:51:03,0.000,8,Robo,,6,Volver,
2022/05/08,CENTRAL_PPRP,CENTRAL_PPRP1,09:22:43,11:51:30,Perdida,,01:51:15,01:51:15,0.000,11,Interceptado,9,10,14,
2022/05/08,CENTRAL_PPRP,CENTRAL_PPRP1,09:22:43,11:51:30,Recuperacion,,01:52:49,01:52:49,0.000,12,intercepcion anticipo,,16,Volver,
2022/05/08,CENTRAL_PPRP,CENTRAL_PPRP1,09:22:43,11:51:30,Pelota parada,,01:53:16,01:53:16,0.000,18,Lateral corto,9,4,23,
2022/05/08,CENTRAL_PPRP,CENTRAL_PPRP1,09:22:43,11:51:30,Pelota parada,,01:53:38,01:53:38,0.000,18,Lateral largo,,4,Volver,
2022/05/08,CENTRAL_PPRP,CENTRAL_PPRP1,09:22:43,11:51:30,Perdida,,01:57:52,01:57:52,0.000,13,Interceptado,9,16,13,
2022/05/08,CENTRAL_PPRP,CENTRAL_PPRP1,09:22:43,11:51:30,Pelota parada,,01:58:31,01:58:31,0.000,15,Lateral corto,5,4,15,
2022/05/08,CENTRAL_PPRP,CENTRAL_PPRP1,09:22:43,11:51:30,Perdida,,01:58:34,01:58:34,0.000,15,Error tecnico,,5,Volver,
2022/05/08,CENTRAL_PPRP,CENTRAL_PPRP1,09:22:43,11:51:30,Duelo,,01:58:43,01:58:43,0.000,14,Disputa suelo,,10,Volver,
2022/05/08,CENTRAL_PPRP,CENTRAL_PPRP1,09:22:43,11:51:30,Recuperacion,,01:58:45,01:58:45,0.000,14,Robo,,10,Volver,
2022/05/08,CENTRAL_PPRP,CENTRAL_PPRP1,09:22:43,11:51:30,Pelota parada,,02:00:25,02:00:25,0.000,16,Tiro libre,,5,Volver,
2022/05/08,CENTRAL_PPRP,CENTRAL_PPRP1,09:22:43,11:51:30,Pelota parada,,02:00:59,02:00:59,0.000,16,Lateral largo,9,3,19,
2022/05/08,CENTRAL_PPRP,CENTRAL_PPRP1,09:22:43,11:51:30,Perdida,,02:01:02,02:01:02,0.000,19,Balon afuera fondo,,9,Volver,
2022/05/08,CENTRAL_PPRP,CENTRAL_PPRP1,09:22:43,11:51:30,Recuperacion,,02:01:23,02:01:23,0.000,12,Intercepcion,,11,Volver,
2022/05/08,CENTRAL_PPRP,CENTRAL_PPRP1,09:22:43,11:51:30,Perdida,,02:01:31,02:01:31,0.000,14,Error tecnico,,9,Volver,
2022/05/08,CENTRAL_PPRP,CENTRAL_PPRP1,09:22:43,11:51:30,Recuperacion,,02:01:46,02:01:46,0.000,15,Intercepcion,,10,Volver,
2022/05/08,CENTRAL_PPRP,CENTRAL_PPRP1,09:22:43,11:51:30,Perdida,,02:02:02,02:02:02,0.000,21,Error tecnico,,9,Volver,
2022/05/08,CENTRAL_PPRP,CENTRAL_PPRP1,09:22:43,11:51:30,Recuperacion,,02:02:26,02:02:26,0.000,4,Duelo,,6,Volver,
2022/05/08,CENTRAL_PPRP,CENTRAL_PPRP1,09:22:43,11:51:30,Perdida,,02:04:09,02:04:09,0.000,3,Interceptado,10,2,8,
2022/05/08,CENTRAL_PPRP,CENTRAL_PPRP1,09:22:43,11:51:30,Recuperacion,,02:04:20,02:04:20,0.000,9,Duelo,,11,Volver,
2022/05/08,CENTRAL_PPRP,CENTRAL_PPRP1,09:22:43,11:51:30,Pelota parada,,02:04:44,02:04:44,0.000,9,Lateral largo,11,4,15,
2022/05/08,CENTRAL_PPRP,CENTRAL_PPRP1,09:22:43,11:51:30,Pelota parada,,02:04:44,02:04:44,0.000,9,Lateral largo,11,10,15,
2022/05/08,CENTRAL_PPRP,CENTRAL_PPRP1,09:22:43,11:51:30,Pelota parada,,02:05:50,02:05:50,0.000,15,Tiro libre,16,2,16,
2022/05/08,CENTRAL_PPRP,CENTRAL_PPRP1,09:22:43,11:51:30,Duelo,,02:05:51,02:05:51,0.000,16,Aereo,,16,Volver,
2022/05/08,CENTRAL_PPRP,CENTRAL_PPRP1,09:22:43,11:51:30,Perdida,,02:05:52,02:05:52,0.000,16,Duelo,,16,Volver,
2022/05/08,CENTRAL_PPRP,CENTRAL_PPRP1,09:22:43,11:51:30,Recuperacion,,02:06:19,02:06:19,0.000,9,Encontrada,,4,Volver,
2022/05/08,CENTRAL_PPRP,CENTRAL_PPRP1,09:22:43,11:51:30,Perdida,,02:06:28,02:06:28,0.000,12,Interceptado,18,4,17,
2022/05/08,CENTRAL_PPRP,CENTRAL_PPRP1,09:22:43,11:51:30,Pelota parada,,02:06:53,02:06:53,0.000,9,Lateral largo,9,4,12,
2022/05/08,CENTRAL_PPRP,CENTRAL_PPRP1,09:22:43,11:51:30,Perdida,,02:06:56,02:06:56,0.000,9,Error tecnico,,14,Volver,
2022/05/08,CENTRAL_PPRP,CENTRAL_PPRP1,09:22:43,11:51:30,Duelo,,02:06:57,02:06:57,0.000,9,Disputa suelo,,2,Volver,
2022/05/08,CENTRAL_PPRP,CENTRAL_PPRP1,09:22:43,11:51:30,Recuperacion,,02:06:57,02:06:57,0.000,9,Robo,,2,Volver,
2022/05/08,CENTRAL_PPRP,CENTRAL_PPRP1,09:22:43,11:51:30,Duelo,,02:06:59,02:06:59,0.000,11,Gambeta a favor,,8,Volver,
2022/05/08,CENTRAL_PPRP,CENTRAL_PPRP1,09:22:43,11:51:30,Perdida,,02:07:06,02:07:06,0.000,21,Atajada,,16,Volver,
2022/05/08,CENTRAL_PPRP,CENTRAL_PPRP1,09:22:43,11:51:30,Recuperacion,,02:10:30,02:10:30,0.000,14,Encontrada,,18,Volver,
2022/05/08,CENTRAL_PPRP,CENTRAL_PPRP1,09:22:43,11:51:30,Duelo,,02:10:31,02:10:31,0.000,14,Gambeta a favor,,18,Volver,
2022/05/08,CENTRAL_PPRP,CENTRAL_PPRP1,09:22:43,11:51:30,Pelota parada,,02:12:35,02:12:35,0.000,13,Tiro libre,,3,Volver,
2022/05/08,CENTRAL_PPRP,CENTRAL_PPRP1,09:22:43,11:51:30,Perdida,,02:12:44,02:12:44,0.000,13,Error tecnico,,3,Volver,
2022/05/08,CENTRAL_PPRP,CENTRAL_PPRP1,09:22:43,11:51:30,Recuperacion,,02:12:57,02:12:57,0.000,11,Encontrada,,14,Volver,
2022/05/08,CENTRAL_PPRP,CENTRAL_PPRP1,09:22:43,11:51:30,Pelota parada,,02:13:16,02:13:16,0.000,16,Lateral corto,16,3,16,
2022/05/08,CENTRAL_PPRP,CENTRAL_PPRP1,09:22:43,11:51:30,Perdida,,02:13:22,02:13:22,0.000,16,Error tecnico,,16,Volver,
2022/05/08,CENTRAL_PPRP,CENTRAL_PPRP1,09:22:43,11:51:30,Recuperacion,,02:14:05,02:14:05,0.000,11,Encontrada,,8,Volver,
2022/05/08,CENTRAL_PPRP,CENTRAL_PPRP1,09:22:43,11:51:30,Perdida,,02:14:14,02:14:14,0.000,12,Error tecnico,,4,Volver,
2022/05/08,CENTRAL_PPRP,CENTRAL_PPRP1,09:22:43,11:51:30,Recuperacion,,02:15:17,02:15:17,0.000,8,intercepcion anticipo aereo,,4,Volver,
2022/05/08,CENTRAL_PPRP,CENTRAL_PPRP1,09:22:43,11:51:30,Perdida,,02:15:28,02:15:28,0.000,21,Atajada,,8,Volver,
2022/05/08,CENTRAL_PPRP,CENTRAL_PPRP1,09:22:43,11:51:30,Duelo,,02:15:42,02:15:42,0.000,12,Disputa suelo,,4,Volver,
2022/05/08,CENTRAL_PPRP,CENTRAL_PPRP1,09:22:43,11:51:30,Recuperacion,,02:15:51,02:15:51,0.000,12,Duelo,,4,Volver,
2022/05/08,CENTRAL_PPRP,CENTRAL_PPRP1,09:22:43,11:51:30,Pelota parada,,02:16:06,02:16:06,0.000,12,Lateral largo,18,4,15,
2022/05/08,CENTRAL_PPRP,CENTRAL_PPRP1,09:22:43,11:51:30,Perdida,,02:16:11,02:16:11,0.000,15,Duelo,,18,Volver,
2022/05/08,CENTRAL_PPRP,CENTRAL_PPRP1,09:22:43,11:51:30,Recuperacion,,02:17:38,02:17:38,0.000,8,Intercepcion,,8,Volver,
2022/05/08,CENTRAL_PPRP,CENTRAL_PPRP1,09:22:43,11:51:30,Perdida,,02:17:43,02:17:43,0.000,9,Error tecnico,,4,Volver,
2022/05/08,CENTRAL_PPRP,CENTRAL_PPRP1,09:22:43,11:51:30,Pelota parada,,02:18:20,02:18:20,0.000,9,Lateral largo,,4,Volver,
2022/05/08,CENTRAL_PPRP,CENTRAL_PPRP1,09:22:43,11:51:30,Perdida,,02:18:20,02:18:20,0.000,9,Error tecnico,,4,Volver,
2022/05/08,CENTRAL_PPRP,CENTRAL_PPRP1,09:22:43,11:51:30,Recuperacion,,02:19:10,02:19:10,0.000,11,Encontrada,,14,Volver,
2022/05/08,CENTRAL_PPRP,CENTRAL_PPRP1,09:22:43,11:51:30,Perdida,,02:19:25,02:19:25,0.000,20,Duelo,,3,Volver,
2022/05/08,CENTRAL_PPRP,CENTRAL_PPRP1,09:22:43,11:51:30,Recuperacion,,02:19:56,02:19:56,0.000,10,Encontrada,,13,Volver,
2022/05/08,CENTRAL_PPRP,CENTRAL_PPRP1,09:22:43,11:51:30,Perdida,,02:19:58,02:19:58,0.000,13,Error tecnico,,8,Volver,
