Session Start Date,Event,Session Name,Session Start,Session End,Tag Description,Tag Notes,Tag Start,Tag End,Tag Duration (secs),Zonas,Categoria,Jugador2,Jugador,Zonas_final,Dificultad,Calificacion,Optional Column
2022/06/11,Temp2Fecha1,Gimnasia,15:10:13,17:32:38,Pase,,00:22:36,00:22:36,0.000,11,corto,5,9,11,,,
2022/06/11,Temp2Fecha1,Gimnasia,15:10:13,17:32:38,Pase,,00:22:39,00:22:39,0.000,11,medio,10,5,13,,,
2022/06/11,Temp2Fecha1,Gimnasia,15:10:13,17:32:38,Pase,,00:22:50,00:22:50,0.000,14,corto,9,5,17,,,
2022/06/11,Temp2Fecha1,Gimnasia,15:10:13,17:32:38,Pase,,00:22:59,00:22:59,0.000,17,corto,10,11,16,,,
2022/06/11,Temp2Fecha1,Gimnasia,15:10:13,17:32:38,Remate pie,,00:23:02,00:23:02,0.000,16,Larga distancia,Rival,10,22,,,
2022/06/11,Temp2Fecha1,Gimnasia,15:10:13,17:32:38,Perdida,,00:23:03,00:23:03,0.000,16,Balon afuera fondo,Rival,10,22,,,
2022/06/11,Temp2Fecha1,Gimnasia,15:10:13,17:32:38,Pase,,00:24:16,00:24:16,0.000,8,medio,11,10,13,,,
2022/06/11,Temp2Fecha1,Gimnasia,15:10:13,17:32:38,Perdida,,00:24:16,00:24:16,0.000,8,Interceptado,11,10,13,,,
2022/06/11,Temp2Fecha1,Gimnasia,15:10:13,17:32:38,Falta,,00:25:18,00:25:18,0.000,7,Recibida,,8,Volver,,,
2022/06/11,Temp2Fecha1,Gimnasia,15:10:13,17:32:38,Pase,,00:25:53,00:25:53,0.000,12,corto,4,7,9,,,
2022/06/11,Temp2Fecha1,Gimnasia,15:10:13,17:32:38,Pase,,00:25:56,00:25:56,0.000,9,corto,Rival,4,12,,,
2022/06/11,Temp2Fecha1,Gimnasia,15:10:13,17:32:38,Perdida,,00:25:57,00:25:57,0.000,9,Interceptado,Rival,4,12,,,
2022/06/11,Temp2Fecha1,Gimnasia,15:10:13,17:32:38,Despeje,,00:27:36,00:27:36,0.000,8,Despeje,Rival,9,18,,,
2022/06/11,Temp2Fecha1,Gimnasia,15:10:13,17:32:38,Pase,,00:27:44,00:27:44,0.000,12,corto,4,8,9,,,
2022/06/11,Temp2Fecha1,Gimnasia,15:10:13,17:32:38,Pase,,00:27:47,00:27:47,0.000,9,medio,10,4,15,,,
2022/06/11,Temp2Fecha1,Gimnasia,15:10:13,17:32:38,Perdida,,00:27:47,00:27:47,0.000,9,Interceptado,10,4,15,,,
2022/06/11,Temp2Fecha1,Gimnasia,15:10:13,17:32:38,Falta,,00:28:35,00:28:35,0.000,9,Recibida,,4,Volver,,,
2022/06/11,Temp2Fecha1,Gimnasia,15:10:13,17:32:38,Pase,,00:30:01,00:30:01,0.000,23,corto,11,9,21,,,
2022/06/11,Temp2Fecha1,Gimnasia,15:10:13,17:32:38,Pase,,00:30:54,00:30:54,0.000,15,medio,7,9,17,,,
2022/06/11,Temp2Fecha1,Gimnasia,15:10:13,17:32:38,Perdida,,00:30:54,00:30:54,0.000,15,Interceptado,7,9,17,,,
2022/06/11,Temp2Fecha1,Gimnasia,15:10:13,17:32:38,Pase,,00:31:10,00:31:10,0.000,10,inteligente,10,3,16,,,
2022/06/11,Temp2Fecha1,Gimnasia,15:10:13,17:32:38,Pase,,00:31:16,00:31:16,0.000,19,corto,3,10,16,,,
2022/06/11,Temp2Fecha1,Gimnasia,15:10:13,17:32:38,Pase,,00:31:18,00:31:18,0.000,16,centro aereo,9,3,22,,,
2022/06/11,Temp2Fecha1,Gimnasia,15:10:13,17:32:38,Perdida,,00:31:18,00:31:18,0.000,16,Interceptado,9,3,22,,,
2022/06/11,Temp2Fecha1,Gimnasia,15:10:13,17:32:38,Pase,,00:31:57,00:31:57,0.000,13,corto,11,9,10,,,
2022/06/11,Temp2Fecha1,Gimnasia,15:10:13,17:32:38,Falta,,00:31:59,00:31:59,0.000,10,Recibida,,11,Volver,,,
2022/06/11,Temp2Fecha1,Gimnasia,15:10:13,17:32:38,Pase,,00:32:27,00:32:27,0.000,10,corto,4,6,8,,,
2022/06/11,Temp2Fecha1,Gimnasia,15:10:13,17:32:38,Pase,,00:32:30,00:32:30,0.000,8,corto,5,4,12,,,
2022/06/11,Temp2Fecha1,Gimnasia,15:10:13,17:32:38,Pase,,00:32:33,00:32:33,0.000,11,medio,2,5,10,,,
2022/06/11,Temp2Fecha1,Gimnasia,15:10:13,17:32:38,Pase,,00:32:35,00:32:35,0.000,11,medio,3,2,13,,,
2022/06/11,Temp2Fecha1,Gimnasia,15:10:13,17:32:38,Pase,,00:32:40,00:32:40,0.000,16,corto,10,3,19,,,
2022/06/11,Temp2Fecha1,Gimnasia,15:10:13,17:32:38,Pase,,00:32:41,00:32:41,0.000,19,medio,8,10,21,,,
2022/06/11,Temp2Fecha1,Gimnasia,15:10:13,17:32:38,Pase,,00:32:53,00:32:53,0.000,11,corto,7,8,12,,,
2022/06/11,Temp2Fecha1,Gimnasia,15:10:13,17:32:38,Pase,,00:32:59,00:32:59,0.000,12,medio,6,7,9,,,
2022/06/11,Temp2Fecha1,Gimnasia,15:10:13,17:32:38,Pase,,00:33:03,00:33:03,0.000,8,medio,3,6,10,,,
2022/06/11,Temp2Fecha1,Gimnasia,15:10:13,17:32:38,Pase,,00:33:09,00:33:09,0.000,13,corto,10,3,13,,,
2022/06/11,Temp2Fecha1,Gimnasia,15:10:13,17:32:38,Pase,,00:33:13,00:33:13,0.000,13,medio,2,10,10,,,
2022/06/11,Temp2Fecha1,Gimnasia,15:10:13,17:32:38,Pase,,00:33:16,00:33:16,0.000,10,largo,Rival,2,16,,,
2022/06/11,Temp2Fecha1,Gimnasia,15:10:13,17:32:38,Perdida,,00:33:17,00:33:17,0.000,10,Error tecnico,Rival,2,16,,,
2022/06/11,Temp2Fecha1,Gimnasia,15:10:13,17:32:38,Pase,,00:33:28,00:33:28,0.000,16,corto,2,10,13,,,
2022/06/11,Temp2Fecha1,Gimnasia,15:10:13,17:32:38,Pase,,00:33:45,00:33:45,0.000,14,inteligente,9,5,18,,,
2022/06/11,Temp2Fecha1,Gimnasia,15:10:13,17:32:38,Arquero,,00:34:36,00:34:36,0.000,3,Mano a mano,,1,Volver,,Malo,
2022/06/11,Temp2Fecha1,Gimnasia,15:10:13,17:32:38,Gol rival,,00:34:36,00:34:36,0.000,4,Indirecta,,,Volver,,,
2022/06/11,Temp2Fecha1,Gimnasia,15:10:13,17:32:38,Falta,,00:36:08,00:36:08,0.000,13,Hecha,,2,Volver,,,
2022/06/11,Temp2Fecha1,Gimnasia,15:10:13,17:32:38,Pase,,00:36:54,00:36:54,0.000,8,corto,1,2,4,,,
2022/06/11,Temp2Fecha1,Gimnasia,15:10:13,17:32:38,Pase,,00:36:55,00:36:55,0.000,4,largo,9,1,14,,,
2022/06/11,Temp2Fecha1,Gimnasia,15:10:13,17:32:38,Pase,,00:36:59,00:36:59,0.000,14,corto,7,9,18,,,
2022/06/11,Temp2Fecha1,Gimnasia,15:10:13,17:32:38,Pase,,00:37:09,00:37:09,0.000,18,corto,10,7,18,,,
2022/06/11,Temp2Fecha1,Gimnasia,15:10:13,17:32:38,Pase,,00:37:10,00:37:10,0.000,18,corto,4,10,24,,,
2022/06/11,Temp2Fecha1,Gimnasia,15:10:13,17:32:38,Perdida,,00:37:10,00:37:10,0.000,18,Interceptado,,10,Volver,,,
2022/06/11,Temp2Fecha1,Gimnasia,15:10:13,17:32:38,Pase,,00:37:28,00:37:28,0.000,17,corto,10,8,17,,,
2022/06/11,Temp2Fecha1,Gimnasia,15:10:13,17:32:38,Pase,,00:37:30,00:37:30,0.000,17,corto,3,10,17,,,
2022/06/11,Temp2Fecha1,Gimnasia,15:10:13,17:32:38,Remate pie,,00:37:33,00:37:33,0.000,17,Media distancia,Rival,3,22,,,
2022/06/11,Temp2Fecha1,Gimnasia,15:10:13,17:32:38,Perdida,,00:37:33,00:37:33,0.000,17,Balon afuera fondo,,3,Volver,,,
2022/06/11,Temp2Fecha1,Gimnasia,15:10:13,17:32:38,Pase,,00:38:40,00:38:40,0.000,9,corto,6,4,6,,,
2022/06/11,Temp2Fecha1,Gimnasia,15:10:13,17:32:38,Perdida,,00:38:42,00:38:42,0.000,9,Error tecnico,,4,Volver,,,
2022/06/11,Temp2Fecha1,Gimnasia,15:10:13,17:32:38,Pase,,00:38:46,00:38:46,0.000,17,largo,9,2,11,,,
2022/06/11,Temp2Fecha1,Gimnasia,15:10:13,17:32:38,Pase,,00:38:47,00:38:47,0.000,11,corto,5,9,11,,,
2022/06/11,Temp2Fecha1,Gimnasia,15:10:13,17:32:38,Pase,,00:38:50,00:38:50,0.000,11,inteligente,11,5,17,,,
2022/06/11,Temp2Fecha1,Gimnasia,15:10:13,17:32:38,Falta,,00:38:56,00:38:56,0.000,17,Recibida,,11,Volver,,,
2022/06/11,Temp2Fecha1,Gimnasia,15:10:13,17:32:38,Pase,,00:42:03,00:42:03,0.000,2,medio,10,2,10,,,
2022/06/11,Temp2Fecha1,Gimnasia,15:10:13,17:32:38,Falta,,00:42:39,00:42:39,0.000,9,Recibida,,6,Volver,,,
2022/06/11,Temp2Fecha1,Gimnasia,15:10:13,17:32:38,Pase,,00:43:09,00:43:09,0.000,17,corto,11,9,17,,,
2022/06/11,Temp2Fecha1,Gimnasia,15:10:13,17:32:38,Pase,,00:43:13,00:43:13,0.000,17,corto,4,9,18,,,
2022/06/11,Temp2Fecha1,Gimnasia,15:10:13,17:32:38,Pase,,00:45:14,00:45:14,0.000,3,S arquero mano,6,1,5,,,
2022/06/11,Temp2Fecha1,Gimnasia,15:10:13,17:32:38,Pase,,00:45:19,00:45:19,0.000,9,largo,7,6,15,,,
2022/06/11,Temp2Fecha1,Gimnasia,15:10:13,17:32:38,Perdida,,00:45:20,00:45:20,0.000,9,Interceptado,7,6,15,,,
2022/06/11,Temp2Fecha1,Gimnasia,15:10:13,17:32:38,Pase,,00:45:27,00:45:27,0.000,4,S arquero mano,2,1,8,,,
2022/06/11,Temp2Fecha1,Gimnasia,15:10:13,17:32:38,Pase,,00:45:33,00:45:33,0.000,8,largo,10,2,13,,,
2022/06/11,Temp2Fecha1,Gimnasia,15:10:13,17:32:38,Pase,,00:45:37,00:45:37,0.000,13,inteligente,11,10,19,,,
2022/06/11,Temp2Fecha1,Gimnasia,15:10:13,17:32:38,Falta,,00:45:43,00:45:43,0.000,19,Recibida,,11,Volver,,,
2022/06/11,Temp2Fecha1,Gimnasia,15:10:13,17:32:38,Pase,,00:46:55,00:46:55,0.000,3,S arquero mano,10,1,7,,,
2022/06/11,Temp2Fecha1,Gimnasia,15:10:13,17:32:38,Pase,,00:47:00,00:47:00,0.000,7,corto,3,10,7,,,
2022/06/11,Temp2Fecha1,Gimnasia,15:10:13,17:32:38,Pase,,00:47:03,00:47:03,0.000,7,corto,8,3,7,,,
2022/06/11,Temp2Fecha1,Gimnasia,15:10:13,17:32:38,Pase,,00:47:06,00:47:06,0.000,7,corto,1,8,4,,,
2022/06/11,Temp2Fecha1,Gimnasia,15:10:13,17:32:38,Pase,,00:47:08,00:47:08,0.000,4,largo,11,1,14,,,
2022/06/11,Temp2Fecha1,Gimnasia,15:10:13,17:32:38,Perdida,,00:47:09,00:47:09,0.000,4,Interceptado,11,1,14,,,
2022/06/11,Temp2Fecha1,Gimnasia,15:10:13,17:32:38,Pase,,00:47:16,00:47:16,0.000,15,corto,11,4,15,,,
2022/06/11,Temp2Fecha1,Gimnasia,15:10:13,17:32:38,Pase,,00:47:19,00:47:19,0.000,15,corto,5,11,14,,,
2022/06/11,Temp2Fecha1,Gimnasia,15:10:13,17:32:38,Pase,,00:47:24,00:47:24,0.000,14,largo,3,5,16,,,
2022/06/11,Temp2Fecha1,Gimnasia,15:10:13,17:32:38,Perdida,,00:47:24,00:47:24,0.000,14,Interceptado,11,5,13,,,
2022/06/11,Temp2Fecha1,Gimnasia,15:10:13,17:32:38,Pase,,00:48:49,00:48:49,0.000,13,corto,5,8,13,,,
2022/06/11,Temp2Fecha1,Gimnasia,15:10:13,17:32:38,Pase,,00:48:54,00:48:54,0.000,17,corto,7,5,18,,,
2022/06/11,Temp2Fecha1,Gimnasia,15:10:13,17:32:38,Remate pie,,00:48:56,00:48:56,0.000,18,Media distancia,Rival,7,23,,,
2022/06/11,Temp2Fecha1,Gimnasia,15:10:13,17:32:38,Perdida,,00:48:57,00:48:57,0.000,18,Balon afuera fondo,Rival,7,23,,,
2022/06/11,Temp2Fecha1,Gimnasia,15:10:13,17:32:38,Falta,,00:49:36,00:49:36,0.000,15,Recibida,,7,Volver,,,
2022/06/11,Temp2Fecha1,Gimnasia,15:10:13,17:32:38,Pase,,00:50:07,00:50:07,0.000,9,corto,1,6,4,,,
2022/06/11,Temp2Fecha1,Gimnasia,15:10:13,17:32:38,Pase,,00:50:10,00:50:10,0.000,4,medio,6,1,9,,,
2022/06/11,Temp2Fecha1,Gimnasia,15:10:13,17:32:38,Pase,,00:50:17,00:50:17,0.000,9,largo,11,6,18,,,
2022/06/11,Temp2Fecha1,Gimnasia,15:10:13,17:32:38,Perdida,,00:50:17,00:50:17,0.000,9,Interceptado,11,6,18,,,
2022/06/11,Temp2Fecha1,Gimnasia,15:10:13,17:32:38,Pase,,00:50:37,00:50:37,0.000,7,largo,11,3,14,,,
2022/06/11,Temp2Fecha1,Gimnasia,15:10:13,17:32:38,Perdida,,00:50:38,00:50:38,0.000,7,Interceptado,11,3,14,,,
2022/06/11,Temp2Fecha1,Gimnasia,15:10:13,17:32:38,Pase,,00:50:42,00:50:42,0.000,10,corto,10,9,10,,,
2022/06/11,Temp2Fecha1,Gimnasia,15:10:13,17:32:38,Pase,,00:50:44,00:50:44,0.000,10,corto,8,10,11,,,
2022/06/11,Temp2Fecha1,Gimnasia,15:10:13,17:32:38,Pase,,00:50:46,00:50:46,0.000,11,corto,3,8,7,,,
2022/06/11,Temp2Fecha1,Gimnasia,15:10:13,17:32:38,Pase,,00:50:49,00:50:49,0.000,7,corto,2,3,2,,,
2022/06/11,Temp2Fecha1,Gimnasia,15:10:13,17:32:38,Pase,,00:50:52,00:50:52,0.000,2,corto,1,2,3,,,
2022/06/11,Temp2Fecha1,Gimnasia,15:10:13,17:32:38,Pase,,00:50:55,00:50:55,0.000,4,largo,11,1,11,,,
2022/06/11,Temp2Fecha1,Gimnasia,15:10:13,17:32:38,Perdida,,00:50:57,00:50:57,0.000,4,Interceptado,11,1,11,,,
2022/06/11,Temp2Fecha1,Gimnasia,15:10:13,17:32:38,Pase,,00:51:25,00:51:25,0.000,17,corto,10,3,16,,,
2022/06/11,Temp2Fecha1,Gimnasia,15:10:13,17:32:38,Pase,,00:51:26,00:51:26,0.000,16,centro aereo,Rival,10,20,,,
2022/06/11,Temp2Fecha1,Gimnasia,15:10:13,17:32:38,Perdida,,00:51:27,00:51:27,0.000,16,Interceptado,Rival,10,20,,,
2022/06/11,Temp2Fecha1,Gimnasia,15:10:13,17:32:38,Pase,,00:51:31,00:51:31,0.000,16,corto,8,10,16,,,
2022/06/11,Temp2Fecha1,Gimnasia,15:10:13,17:32:38,Pase,,00:51:32,00:51:32,0.000,16,centro aereo,9,8,21,,,
2022/06/11,Temp2Fecha1,Gimnasia,15:10:13,17:32:38,Perdida,,00:51:32,00:51:32,0.000,16,Interceptado,9,8,21,,,
2022/06/11,Temp2Fecha1,Gimnasia,15:10:13,17:32:38,Falta,,00:51:47,00:51:47,0.000,16,Hecha,,5,Volver,,,
2022/06/11,Temp2Fecha1,Gimnasia,15:10:13,17:32:38,Pase,,00:52:25,00:52:25,0.000,8,medio,7,8,12,,,
2022/06/11,Temp2Fecha1,Gimnasia,15:10:13,17:32:38,Pase,,00:52:29,00:52:29,0.000,12,corto,4,7,12,,,
2022/06/11,Temp2Fecha1,Gimnasia,15:10:13,17:32:38,Pase,,00:52:33,00:52:33,0.000,12,corto,6,4,9,,,
2022/06/11,Temp2Fecha1,Gimnasia,15:10:13,17:32:38,Pase,,00:52:38,00:52:38,0.000,9,largo,Rival,6,15,,,
2022/06/11,Temp2Fecha1,Gimnasia,15:10:13,17:32:38,Perdida,,00:52:38,00:52:38,0.000,9,Balon afuera lateral,Rival,6,15,,,
2022/06/11,Temp2Fecha1,Gimnasia,15:10:13,17:32:38,Pase,,00:53:36,00:53:36,0.000,5,largo,3,1,10,,,
2022/06/11,Temp2Fecha1,Gimnasia,15:10:13,17:32:38,Pase,,00:53:38,00:53:38,0.000,10,corto,10,3,13,,,
2022/06/11,Temp2Fecha1,Gimnasia,15:10:13,17:32:38,Pase,,00:53:46,00:53:46,0.000,16,inteligente,11,10,17,,,
2022/06/11,Temp2Fecha1,Gimnasia,15:10:13,17:32:38,Remate pie,,00:53:48,00:53:48,0.000,17,Media distancia,Rival,11,22,,,
2022/06/11,Temp2Fecha1,Gimnasia,15:10:13,17:32:38,Perdida,,00:53:49,00:53:49,0.000,17,Balon afuera fondo,Rival,11,22,,,
2022/06/11,Temp2Fecha1,Gimnasia,15:10:13,17:32:38,Pase,,00:54:55,00:54:55,0.000,8,corto,1,2,4,,,
2022/06/11,Temp2Fecha1,Gimnasia,15:10:13,17:32:38,Pase,,00:54:58,00:54:58,0.000,4,corto,2,1,7,,,
2022/06/11,Temp2Fecha1,Gimnasia,15:10:13,17:32:38,Pase,,00:55:04,00:55:04,0.000,10,corto,Rival,2,10,,,
2022/06/11,Temp2Fecha1,Gimnasia,15:10:13,17:32:38,Perdida,,00:55:04,00:55:04,0.000,10,Interceptado,,2,Volver,,,
2022/06/11,Temp2Fecha1,Gimnasia,15:10:13,17:32:38,Pase,,00:55:07,00:55:07,0.000,10,corto,1,2,8,,,
2022/06/11,Temp2Fecha1,Gimnasia,15:10:13,17:32:38,Pase,,00:55:09,00:55:09,0.000,4,medio,5,1,11,,,
2022/06/11,Temp2Fecha1,Gimnasia,15:10:13,17:32:38,Pase,,00:55:16,00:55:16,0.000,12,corto,4,7,12,,,
2022/06/11,Temp2Fecha1,Gimnasia,15:10:13,17:32:38,Pase,,00:55:19,00:55:19,0.000,12,largo,11,4,18,,,
2022/06/11,Temp2Fecha1,Gimnasia,15:10:13,17:32:38,Pase,,00:56:01,00:56:01,0.000,12,corto,6,10,9,,,
2022/06/11,Temp2Fecha1,Gimnasia,15:10:13,17:32:38,Pase,,00:56:03,00:56:03,0.000,9,corto,1,6,4,,,
2022/06/11,Temp2Fecha1,Gimnasia,15:10:13,17:32:38,Pase,,00:56:07,00:56:07,0.000,4,largo,7,1,12,,,
2022/06/11,Temp2Fecha1,Gimnasia,15:10:13,17:32:38,Perdida,,00:56:08,00:56:08,0.000,4,Interceptado,7,1,12,,,
2022/06/11,Temp2Fecha1,Gimnasia,15:10:13,17:32:38,Pase,,00:56:56,00:56:56,0.000,14,inteligente,4,11,18,,,
2022/06/11,Temp2Fecha1,Gimnasia,15:10:13,17:32:38,Pase,,00:56:58,00:56:58,0.000,24,centro aereo,7,4,21,,,
2022/06/11,Temp2Fecha1,Gimnasia,15:10:13,17:32:38,Perdida,,00:56:58,00:56:58,0.000,24,Interceptado,7,4,21,,,
2022/06/11,Temp2Fecha1,Gimnasia,15:10:13,17:32:38,Pase,,00:57:06,00:57:06,0.000,17,medio,Rival,11,23,,,
2022/06/11,Temp2Fecha1,Gimnasia,15:10:13,17:32:38,Perdida,,00:57:07,00:57:07,0.000,17,Balon afuera fondo,Rival,11,23,,,
2022/06/11,Temp2Fecha1,Gimnasia,15:10:13,17:32:38,Pase,,00:57:55,00:57:55,0.000,12,largo,9,8,13,,,
2022/06/11,Temp2Fecha1,Gimnasia,15:10:13,17:32:38,Perdida,,00:57:55,00:57:55,0.000,12,Interceptado,9,8,13,,,
2022/06/11,Temp2Fecha1,Gimnasia,15:10:13,17:32:38,Falta,,00:58:17,00:58:17,0.000,10,Hecha,,9,Volver,,,
2022/06/11,Temp2Fecha1,Gimnasia,15:10:13,17:32:38,Pase,,00:58:50,00:58:50,0.000,3,S arquero pie,6,1,5,,,
2022/06/11,Temp2Fecha1,Gimnasia,15:10:13,17:32:38,Pase,,00:58:53,00:58:53,0.000,5,corto,4,6,6,,,
2022/06/11,Temp2Fecha1,Gimnasia,15:10:13,17:32:38,Pase,,00:59:17,00:59:17,0.000,12,largo,10,11,17,,,
2022/06/11,Temp2Fecha1,Gimnasia,15:10:13,17:32:38,Perdida,,00:59:17,00:59:17,0.000,12,Interceptado,10,11,17,,,
2022/06/11,Temp2Fecha1,Gimnasia,15:10:13,17:32:38,Pase,,00:59:27,00:59:27,0.000,16,corto,3,10,19,,,
2022/06/11,Temp2Fecha1,Gimnasia,15:10:13,17:32:38,Pase,,00:59:32,00:59:32,0.000,16,corto,10,3,16,,,
2022/06/11,Temp2Fecha1,Gimnasia,15:10:13,17:32:38,Perdida,,00:59:32,00:59:32,0.000,16,Interceptado,,3,Volver,,,
2022/06/11,Temp2Fecha1,Gimnasia,15:10:13,17:32:38,Pase,,00:59:44,00:59:44,0.000,13,medio,6,8,11,,,
2022/06/11,Temp2Fecha1,Gimnasia,15:10:13,17:32:38,Pase,,00:59:47,00:59:47,0.000,14,medio,4,6,15,,,
2022/06/11,Temp2Fecha1,Gimnasia,15:10:13,17:32:38,Pase,,00:59:53,00:59:53,0.000,18,centro aereo,9,4,21,,,
2022/06/11,Temp2Fecha1,Gimnasia,15:10:13,17:32:38,Perdida,,00:59:54,00:59:54,0.000,18,Interceptado,,4,Volver,,,
2022/06/11,Temp2Fecha1,Gimnasia,15:10:13,17:32:38,Falta,,01:00:05,01:00:05,0.000,18,Hecha,,11,Volver,,,
2022/06/11,Temp2Fecha1,Gimnasia,15:10:13,17:32:38,Pase,,01:00:43,01:00:43,0.000,12,corto,5,7,12,,,
2022/06/11,Temp2Fecha1,Gimnasia,15:10:13,17:32:38,Pase,,01:00:44,01:00:44,0.000,12,corto,8,5,12,,,
2022/06/11,Temp2Fecha1,Gimnasia,15:10:13,17:32:38,Pase,,01:00:45,01:00:45,0.000,12,corto,5,8,9,,,
2022/06/11,Temp2Fecha1,Gimnasia,15:10:13,17:32:38,Pase,,01:00:45,01:00:45,0.000,12,corto,10,5,11,,,
2022/06/11,Temp2Fecha1,Gimnasia,15:10:13,17:32:38,Pase,,01:00:47,01:00:47,0.000,11,corto,2,10,8,,,
2022/06/11,Temp2Fecha1,Gimnasia,15:10:13,17:32:38,Pase,,01:00:49,01:00:49,0.000,8,corto,10,2,11,,,
2022/06/11,Temp2Fecha1,Gimnasia,15:10:13,17:32:38,Perdida,,01:00:50,01:00:50,0.000,8,Interceptado,,2,Volver,,,
2022/06/11,Temp2Fecha1,Gimnasia,15:10:13,17:32:38,Pase,,01:00:59,01:00:59,0.000,8,corto,3,6,10,,,
2022/06/11,Temp2Fecha1,Gimnasia,15:10:13,17:32:38,Pase,,01:01:02,01:01:02,0.000,10,medio,9,3,16,,,
2022/06/11,Temp2Fecha1,Gimnasia,15:10:13,17:32:38,Perdida,,01:01:03,01:01:03,0.000,10,Interceptado,,3,Volver,,,
2022/06/11,Temp2Fecha1,Gimnasia,15:10:13,17:32:38,Falta,,01:01:16,01:01:16,0.000,14,Recibida,,11,Volver,,,
2022/06/11,Temp2Fecha1,Gimnasia,15:10:13,17:32:38,Pase,,01:02:20,01:02:20,0.000,14,medio,1,4,8,,,
2022/06/11,Temp2Fecha1,Gimnasia,15:10:13,17:32:38,Pase,,01:02:25,01:02:25,0.000,8,largo,9,1,17,,,
2022/06/11,Temp2Fecha1,Gimnasia,15:10:13,17:32:38,Perdida,,01:02:26,01:02:26,0.000,8,Interceptado,,1,Volver,,,
2022/06/11,Temp2Fecha1,Gimnasia,15:10:13,17:32:38,Pase,,01:03:30,01:03:30,0.000,10,largo,Rival,3,17,,,
2022/06/11,Temp2Fecha1,Gimnasia,15:10:13,17:32:38,Perdida,,01:03:30,01:03:30,0.000,11,Interceptado,,3,Volver,,,
2022/06/11,Temp2Fecha1,Gimnasia,15:10:13,17:32:38,Pase,,01:04:35,01:04:35,0.000,5,S arquero pie,7,1,15,,,
2022/06/11,Temp2Fecha1,Gimnasia,15:10:13,17:32:38,Pase,,01:04:37,01:04:37,0.000,15,corto,10,7,15,,,
2022/06/11,Temp2Fecha1,Gimnasia,15:10:13,17:32:38,Pase,,01:04:38,01:04:38,0.000,15,corto,11,10,15,,,
2022/06/11,Temp2Fecha1,Gimnasia,15:10:13,17:32:38,Pase,,01:04:40,01:04:40,0.000,18,corto,7,11,18,,,
2022/06/11,Temp2Fecha1,Gimnasia,15:10:13,17:32:38,Pase,,01:04:42,01:04:42,0.000,18,corto,10,7,18,,,
2022/06/11,Temp2Fecha1,Gimnasia,15:10:13,17:32:38,Pase,,01:04:45,01:04:45,0.000,18,corto,11,10,24,,,
2022/06/11,Temp2Fecha1,Gimnasia,15:10:13,17:32:38,Pase,,01:04:48,01:04:48,0.000,24,centro aereo,9,11,22,,,
2022/06/11,Temp2Fecha1,Gimnasia,15:10:13,17:32:38,Perdida,,01:04:48,01:04:48,0.000,24,Interceptado,,11,Volver,,,
2022/06/11,Temp2Fecha1,Gimnasia,15:10:13,17:32:38,Falta,,01:05:23,01:05:23,0.000,12,Recibida,,5,Volver,,,
2022/06/11,Temp2Fecha1,Gimnasia,15:10:13,17:32:38,Pase,,01:05:35,01:05:35,0.000,17,corto,10,7,14,,,
2022/06/11,Temp2Fecha1,Gimnasia,15:10:13,17:32:38,Pase,,01:05:38,01:05:38,0.000,14,corto,3,10,13,,,
2022/06/11,Temp2Fecha1,Gimnasia,15:10:13,17:32:38,Pase,,01:05:39,01:05:39,0.000,13,corto,Rival,3,16,,,
2022/06/11,Temp2Fecha1,Gimnasia,15:10:13,17:32:38,Perdida,,01:05:39,01:05:39,0.000,13,Interceptado,,3,Volver,,,
2022/06/11,Temp2Fecha1,Gimnasia,15:10:13,17:32:38,Pase,,01:05:43,01:05:43,0.000,13,centro aereo,9,3,21,,,
2022/06/11,Temp2Fecha1,Gimnasia,15:10:13,17:32:38,Perdida,,01:05:43,01:05:43,0.000,13,Interceptado,,3,Volver,,,
2022/06/11,Temp2Fecha1,Gimnasia,15:10:13,17:32:38,Falta,,01:05:49,01:05:49,0.000,16,Hecha,,3,Volver,,,
2022/06/11,Temp2Fecha1,Gimnasia,15:10:13,17:32:38,Falta,,01:07:51,01:07:51,0.000,7,Recibida,,11,Volver,,,
2022/06/11,Temp2Fecha1,Gimnasia,15:10:13,17:32:38,Pase,,01:08:25,01:08:25,0.000,19,corto,8,9,19,,,
2022/06/11,Temp2Fecha1,Gimnasia,15:10:13,17:32:38,Perdida,,01:08:26,01:08:26,0.000,19,Interceptado,,9,Volver,,,
2022/06/11,Temp2Fecha1,Gimnasia,15:10:13,17:32:38,Pase,,01:08:34,01:08:34,0.000,7,corto,1,2,2,,,
2022/06/11,Temp2Fecha1,Gimnasia,15:10:13,17:32:38,Falta,,01:26:24,01:26:24,0.000,10,Recibida,,10,Volver,,,
2022/06/11,Temp2Fecha1,Gimnasia,15:10:13,17:32:38,Pase,,01:28:03,01:28:03,0.000,8,corto,10,5,8,,,
2022/06/11,Temp2Fecha1,Gimnasia,15:10:13,17:32:38,Pase,,01:28:05,01:28:05,0.000,8,medio,7,10,9,,,
2022/06/11,Temp2Fecha1,Gimnasia,15:10:13,17:32:38,Pase,,01:29:45,01:29:45,0.000,3,S arquero pie,10,1,10,,,
2022/06/11,Temp2Fecha1,Gimnasia,15:10:13,17:32:38,Pase,,01:29:48,01:29:48,0.000,10,corto,3,10,7,,,
2022/06/11,Temp2Fecha1,Gimnasia,15:10:13,17:32:38,Pase,,01:29:51,01:29:51,0.000,7,largo,11,3,16,,,
2022/06/11,Temp2Fecha1,Gimnasia,15:10:13,17:32:38,Perdida,,01:29:52,01:29:52,0.000,7,Interceptado,,3,Volver,,,
2022/06/11,Temp2Fecha1,Gimnasia,15:10:13,17:32:38,Falta,,01:30:25,01:30:25,0.000,19,Hecha,,9,Volver,,,
2022/06/11,Temp2Fecha1,Gimnasia,15:10:13,17:32:38,Pase,,01:30:41,01:30:41,0.000,10,medio,7,5,14,,,
2022/06/11,Temp2Fecha1,Gimnasia,15:10:13,17:32:38,Pase,,01:30:47,01:30:47,0.000,13,corto,10,11,16,,,
2022/06/11,Temp2Fecha1,Gimnasia,15:10:13,17:32:38,Pase,,01:30:52,01:30:52,0.000,16,corto,3,10,13,,,
2022/06/11,Temp2Fecha1,Gimnasia,15:10:13,17:32:38,Falta,,01:31:06,01:31:06,0.000,13,Recibida,,11,Volver,,,
2022/06/11,Temp2Fecha1,Gimnasia,15:10:13,17:32:38,Pase,,01:32:15,01:32:15,0.000,9,corto,7,5,12,,,
2022/06/11,Temp2Fecha1,Gimnasia,15:10:13,17:32:38,Pase,,01:32:19,01:32:19,0.000,11,corto,10,7,11,,,
2022/06/11,Temp2Fecha1,Gimnasia,15:10:13,17:32:38,Falta,,01:32:23,01:32:23,0.000,11,Recibida,,10,Volver,,,
2022/06/11,Temp2Fecha1,Gimnasia,15:10:13,17:32:38,Pase,,01:32:42,01:32:42,0.000,8,corto,6,2,8,,,
2022/06/11,Temp2Fecha1,Gimnasia,15:10:13,17:32:38,Pase,,01:32:43,01:32:43,0.000,9,corto,5,6,11,,,
2022/06/11,Temp2Fecha1,Gimnasia,15:10:13,17:32:38,Pase,,01:32:45,01:32:45,0.000,11,medio,4,5,12,,,
2022/06/11,Temp2Fecha1,Gimnasia,15:10:13,17:32:38,Perdida,,01:32:46,01:32:46,0.000,11,Interceptado,,5,Volver,,,
2022/06/11,Temp2Fecha1,Gimnasia,15:10:13,17:32:38,Arquero,,01:33:26,01:33:26,0.000,3,Mano a mano,,1,Volver,,Bueno,
2022/06/11,Temp2Fecha1,Gimnasia,15:10:13,17:32:38,Arquero,,01:35:26,01:35:26,0.000,3,Salida suelo,,1,Volver,,Bueno,
2022/06/11,Temp2Fecha1,Gimnasia,15:10:13,17:32:38,Pase,,01:35:34,01:35:34,0.000,5,S arquero pie,10,1,10,,,
2022/06/11,Temp2Fecha1,Gimnasia,15:10:13,17:32:38,Perdida,,01:35:35,01:35:35,0.000,5,Balon afuera lateral,10,1,10,,,
2022/06/11,Temp2Fecha1,Gimnasia,15:10:13,17:32:38,Falta,,01:36:24,01:36:24,0.000,1,Hecha,,3,Volver,,,
2022/06/11,Temp2Fecha1,Gimnasia,15:10:13,17:32:38,Gol rival,,01:37:06,01:37:06,0.000,3,Directa,,10,Volver,,,
2022/06/11,Temp2Fecha1,Gimnasia,15:10:13,17:32:38,Arquero,,01:37:07,01:37:07,0.000,3,Salida aerea,,1,Volver,,Malo,
2022/06/11,Temp2Fecha1,Gimnasia,15:10:13,17:32:38,Pase,,01:38:03,01:38:03,0.000,11,corto,5,7,11,,,
2022/06/11,Temp2Fecha1,Gimnasia,15:10:13,17:32:38,Pase,,01:38:08,01:38:08,0.000,11,largo,11,5,16,,,
2022/06/11,Temp2Fecha1,Gimnasia,15:10:13,17:32:38,Perdida,,01:38:09,01:38:09,0.000,11,Interceptado,,5,Volver,,,
2022/06/11,Temp2Fecha1,Gimnasia,15:10:13,17:32:38,Pase,,01:38:25,01:38:25,0.000,16,inteligente,10,11,16,,,
2022/06/11,Temp2Fecha1,Gimnasia,15:10:13,17:32:38,Pase,,01:38:27,01:38:27,0.000,16,corto,7,10,17,,,
2022/06/11,Temp2Fecha1,Gimnasia,15:10:13,17:32:38,Pase,,01:38:30,01:38:30,0.000,17,corto,5,7,14,,,
2022/06/11,Temp2Fecha1,Gimnasia,15:10:13,17:32:38,Pase,,01:38:36,01:38:36,0.000,14,inteligente,7,6,18,,,
2022/06/11,Temp2Fecha1,Gimnasia,15:10:13,17:32:38,Pase,,01:38:48,01:38:48,0.000,14,corto,2,10,11,,,
2022/06/11,Temp2Fecha1,Gimnasia,15:10:13,17:32:38,Pase,,01:38:50,01:38:50,0.000,11,largo,11,2,13,,,
2022/06/11,Temp2Fecha1,Gimnasia,15:10:13,17:32:38,Perdida,,01:38:50,01:38:50,0.000,11,Interceptado,,2,Volver,,,
2022/06/11,Temp2Fecha1,Gimnasia,15:10:13,17:32:38,Pase,,01:39:55,01:39:55,0.000,10,corto,8,10,11,,,
2022/06/11,Temp2Fecha1,Gimnasia,15:10:13,17:32:38,Pase,,01:40:00,01:40:00,0.000,13,medio,11,8,17,,,
2022/06/11,Temp2Fecha1,Gimnasia,15:10:13,17:32:38,Falta,,01:40:04,01:40:04,0.000,14,Recibida,,11,Volver,,,
2022/06/11,Temp2Fecha1,Gimnasia,15:10:13,17:32:38,Pase,,01:40:56,01:40:56,0.000,17,medio,6,7,18,,,
2022/06/11,Temp2Fecha1,Gimnasia,15:10:13,17:32:38,Falta,,01:41:02,01:41:02,0.000,24,Recibida,,6,Volver,,,
2022/06/11,Temp2Fecha1,Gimnasia,15:10:13,17:32:38,Pase,,01:42:00,01:42:00,0.000,16,centro aereo,11,7,21,,,
2022/06/11,Temp2Fecha1,Gimnasia,15:10:13,17:32:38,Perdida,,01:42:00,01:42:00,0.000,16,Interceptado,,7,Volver,,,
2022/06/11,Temp2Fecha1,Gimnasia,15:10:13,17:32:38,Pase,,01:42:29,01:42:29,0.000,1,corto,2,8,1,,,
2022/06/11,Temp2Fecha1,Gimnasia,15:10:13,17:32:38,Pase,,01:42:31,01:42:31,0.000,1,largo,Rival,2,10,,,
2022/06/11,Temp2Fecha1,Gimnasia,15:10:13,17:32:38,Perdida,,01:42:31,01:42:31,0.000,1,Interceptado,,2,Volver,,,
2022/06/11,Temp2Fecha1,Gimnasia,15:10:13,17:32:38,Arquero,,01:42:44,01:42:44,0.000,3,Remate atajable,,1,Volver,,,
2022/06/11,Temp2Fecha1,Gimnasia,15:10:13,17:32:38,Pase,,01:42:54,01:42:54,0.000,4,S arquero mano,2,1,2,,,
2022/06/11,Temp2Fecha1,Gimnasia,15:10:13,17:32:38,Pase,,01:42:57,01:42:57,0.000,2,corto,3,2,7,,,
2022/06/11,Temp2Fecha1,Gimnasia,15:10:13,17:32:38,Pase,,01:43:01,01:43:01,0.000,7,medio,Rival,3,10,,,
2022/06/11,Temp2Fecha1,Gimnasia,15:10:13,17:32:38,Perdida,,01:43:01,01:43:01,0.000,7,Interceptado,,3,Volver,,,
2022/06/11,Temp2Fecha1,Gimnasia,15:10:13,17:32:38,Falta,,01:43:23,01:43:23,0.000,8,Recibida,,9,Volver,,,
2022/06/11,Temp2Fecha1,Gimnasia,15:10:13,17:32:38,Sustitucion,,01:43:33,01:43:33,0.000,,,,,,,,
2022/06/11,Temp2Fecha1,Gimnasia,15:10:13,17:32:38,Sustitucion,,01:43:51,01:43:51,0.000,,,,,,,,
2022/06/11,Temp2Fecha1,Gimnasia,15:10:13,17:32:38,Sustitucion,,01:43:51,01:43:51,0.000,,,,,,,,
2022/06/11,Temp2Fecha1,Gimnasia,15:10:13,17:32:38,Pase,,01:44:11,01:44:11,0.000,14,corto,18,19,16,,,
2022/06/11,Temp2Fecha1,Gimnasia,15:10:13,17:32:38,Pase,,01:44:15,01:44:15,0.000,19,medio,19,18,22,,,
2022/06/11,Temp2Fecha1,Gimnasia,15:10:13,17:32:38,Perdida,,01:44:15,01:44:15,0.000,19,Interceptado,,18,Volver,,,
2022/06/11,Temp2Fecha1,Gimnasia,15:10:13,17:32:38,Falta,,01:44:37,01:44:37,0.000,19,Recibida,,11,Volver,,,
2022/06/11,Temp2Fecha1,Gimnasia,15:10:13,17:32:38,Remate cabeza,,01:45:18,01:45:18,0.000,21,Dificil,Rival,11,22,,,
2022/06/11,Temp2Fecha1,Gimnasia,15:10:13,17:32:38,Perdida,,01:45:18,01:45:18,0.000,21,Balon afuera fondo,Rival,11,22,,,
2022/06/11,Temp2Fecha1,Gimnasia,15:10:13,17:32:38,Pase,,01:45:49,01:45:49,0.000,18,corto,8,5,18,,,
2022/06/11,Temp2Fecha1,Gimnasia,15:10:13,17:32:38,Pase,,01:46:36,01:46:36,0.000,14,corto,8,19,15,,,
2022/06/11,Temp2Fecha1,Gimnasia,15:10:13,17:32:38,Perdida,,01:46:36,01:46:36,0.000,14,Balon afuera lateral,,19,Volver,,,
2022/06/11,Temp2Fecha1,Gimnasia,15:10:13,17:32:38,Pase,,01:47:32,01:47:32,0.000,3,S arquero pie,2,1,3,,,
2022/06/11,Temp2Fecha1,Gimnasia,15:10:13,17:32:38,Pase,,01:47:36,01:47:36,0.000,3,largo,18,2,13,,,
2022/06/11,Temp2Fecha1,Gimnasia,15:10:13,17:32:38,Perdida,,01:47:36,01:47:36,0.000,3,Interceptado,,2,Volver,,,
2022/06/11,Temp2Fecha1,Gimnasia,15:10:13,17:32:38,Pase,,01:47:41,01:47:41,0.000,7,medio,18,3,13,,,
2022/06/11,Temp2Fecha1,Gimnasia,15:10:13,17:32:38,Perdida,,01:47:42,01:47:42,0.000,7,Interceptado,,3,Volver,,,
2022/06/11,Temp2Fecha1,Gimnasia,15:10:13,17:32:38,Pase,,01:48:09,01:48:09,0.000,17,corto,11,19,16,,,
2022/06/11,Temp2Fecha1,Gimnasia,15:10:13,17:32:38,Pase,,01:48:13,01:48:13,0.000,20,corto,5,11,17,,,
2022/06/11,Temp2Fecha1,Gimnasia,15:10:13,17:32:38,Remate pie,,01:48:16,01:48:16,0.000,17,Media distancia,Rival,5,23,,,
2022/06/11,Temp2Fecha1,Gimnasia,15:10:13,17:32:38,Perdida,,01:48:16,01:48:16,0.000,17,Balon afuera fondo,,5,Volver,,,
2022/06/11,Temp2Fecha1,Gimnasia,15:10:13,17:32:38,Pase,,01:48:57,01:48:57,0.000,8,corto,17,8,9,,,
2022/06/11,Temp2Fecha1,Gimnasia,15:10:13,17:32:38,Falta,,01:49:01,01:49:01,0.000,12,Recibida,,17,Volver,,,
2022/06/11,Temp2Fecha1,Gimnasia,15:10:13,17:32:38,Falta,,01:50:00,01:50:00,0.000,12,Recibida,,11,Volver,,,
2022/06/11,Temp2Fecha1,Gimnasia,15:10:13,17:32:38,Pase,,01:50:35,01:50:35,0.000,11,medio,19,2,17,,,
2022/06/11,Temp2Fecha1,Gimnasia,15:10:13,17:32:38,Pase,,01:50:35,01:50:35,0.000,17,corto,18,19,14,,,
2022/06/11,Temp2Fecha1,Gimnasia,15:10:13,17:32:38,Pase,,01:50:39,01:50:39,0.000,17,corto,17,18,19,,,
2022/06/11,Temp2Fecha1,Gimnasia,15:10:13,17:32:38,Perdida,,01:50:39,01:50:39,0.000,17,Interceptado,,18,Volver,,,
2022/06/11,Temp2Fecha1,Gimnasia,15:10:13,17:32:38,Pase,,01:51:32,01:51:32,0.000,7,medio,1,2,4,,,
2022/06/11,Temp2Fecha1,Gimnasia,15:10:13,17:32:38,Pase,,01:51:36,01:51:36,0.000,4,largo,19,1,13,,,
2022/06/11,Temp2Fecha1,Gimnasia,15:10:13,17:32:38,Pase,,01:51:38,01:51:38,0.000,13,corto,8,19,10,,,
2022/06/11,Temp2Fecha1,Gimnasia,15:10:13,17:32:38,Pase,,01:51:40,01:51:40,0.000,10,medio,11,8,16,,,
2022/06/11,Temp2Fecha1,Gimnasia,15:10:13,17:32:38,Perdida,,01:51:41,01:51:41,0.000,10,Interceptado,,8,Volver,,,
2022/06/11,Temp2Fecha1,Gimnasia,15:10:13,17:32:38,Remate pie,,01:52:24,01:52:24,0.000,24,Media distancia,Rival,5,22,,,
2022/06/11,Temp2Fecha1,Gimnasia,15:10:13,17:32:38,Perdida,,01:52:25,01:52:25,0.000,24,Balon afuera fondo,Rival,5,22,,,
2022/06/11,Temp2Fecha1,Gimnasia,15:10:13,17:32:38,Pase,,01:54:15,01:54:15,0.000,3,S arquero pie,Rival,1,11,,,
2022/06/11,Temp2Fecha1,Gimnasia,15:10:13,17:32:38,Perdida,,01:54:15,01:54:15,0.000,3,Interceptado,,1,Volver,,,
2022/06/11,Temp2Fecha1,Gimnasia,15:10:13,17:32:38,Pase,,01:54:29,01:54:29,0.000,9,corto,17,5,12,,,
2022/06/11,Temp2Fecha1,Gimnasia,15:10:13,17:32:38,Sustitucion,,01:54:54,01:54:54,0.000,,,,,,,,
2022/06/11,Temp2Fecha1,Gimnasia,15:10:13,17:32:38,Pase,,01:55:24,01:55:24,0.000,15,corto,2,4,11,,,
2022/06/11,Temp2Fecha1,Gimnasia,15:10:13,17:32:38,Pase,,01:55:26,01:55:26,0.000,11,largo,Rival,2,18,,,
2022/06/11,Temp2Fecha1,Gimnasia,15:10:13,17:32:38,Perdida,,01:55:26,01:55:26,0.000,11,Interceptado,,2,Volver,,,
2022/06/11,Temp2Fecha1,Gimnasia,15:10:13,17:32:38,Pase,,01:55:32,01:55:32,0.000,8,corto,6,1,9,,,
2022/06/11,Temp2Fecha1,Gimnasia,15:10:13,17:32:38,Pase,,01:55:35,01:55:35,0.000,9,corto,4,6,12,,,
2022/06/11,Temp2Fecha1,Gimnasia,15:10:13,17:32:38,Perdida,,01:55:35,01:55:35,0.000,9,Balon afuera lateral,,6,Volver,,,
2022/06/11,Temp2Fecha1,Gimnasia,15:10:13,17:32:38,Pase,,01:55:59,01:55:59,0.000,12,medio,11,14,15,,,
2022/06/11,Temp2Fecha1,Gimnasia,15:10:13,17:32:38,Pase,,01:56:30,01:56:30,0.000,5,largo,18,2,11,,,
2022/06/11,Temp2Fecha1,Gimnasia,15:10:13,17:32:38,Pase,,01:57:10,01:57:10,0.000,3,S arquero pie,3,1,7,,,
2022/06/11,Temp2Fecha1,Gimnasia,15:10:13,17:32:38,Pase,,01:57:15,01:57:15,0.000,7,largo,18,3,16,,,
2022/06/11,Temp2Fecha1,Gimnasia,15:10:13,17:32:38,Perdida,,01:57:15,01:57:15,0.000,7,Interceptado,,3,Volver,,,
2022/06/11,Temp2Fecha1,Gimnasia,15:10:13,17:32:38,Falta,,01:57:22,01:57:22,0.000,13,Recibida,,14,Volver,,,
2022/06/11,Temp2Fecha1,Gimnasia,15:10:13,17:32:38,Pase,,01:57:30,01:57:30,0.000,13,corto,11,3,16,,,
2022/06/11,Temp2Fecha1,Gimnasia,15:10:13,17:32:38,Pase,,01:57:33,01:57:33,0.000,16,corto,18,11,16,,,
2022/06/11,Temp2Fecha1,Gimnasia,15:10:13,17:32:38,Perdida,,01:57:33,01:57:33,0.000,16,Interceptado,,11,Volver,,,
2022/06/11,Temp2Fecha1,Gimnasia,15:10:13,17:32:38,Pase,,01:57:40,01:57:40,0.000,17,medio,Rival,5,16,,,
2022/06/11,Temp2Fecha1,Gimnasia,15:10:13,17:32:38,Perdida,,01:57:40,01:57:40,0.000,17,Balon afuera lateral,,5,Volver,,,
2022/06/11,Temp2Fecha1,Gimnasia,15:10:13,17:32:38,Pase,,01:59:21,01:59:21,0.000,16,medio,4,11,14,,,
2022/06/11,Temp2Fecha1,Gimnasia,15:10:13,17:32:38,Pase,,01:59:22,01:59:22,0.000,14,medio,19,4,20,,,
2022/06/11,Temp2Fecha1,Gimnasia,15:10:13,17:32:38,Perdida,,01:59:23,01:59:23,0.000,14,Interceptado,,4,Volver,,,
2022/06/11,Temp2Fecha1,Gimnasia,15:10:13,17:32:38,Pase,,01:59:30,01:59:30,0.000,16,corto,18,11,19,,,
2022/06/11,Temp2Fecha1,Gimnasia,15:10:13,17:32:38,Pase,,01:59:31,01:59:31,0.000,19,medio,Rival,18,21,,,
2022/06/11,Temp2Fecha1,Gimnasia,15:10:13,17:32:38,Perdida,,01:59:32,01:59:32,0.000,19,Interceptado,,18,Volver,,,
2022/06/11,Temp2Fecha1,Gimnasia,15:10:13,17:32:38,Pase,,01:59:45,01:59:45,0.000,15,centro aereo,19,6,21,,,
2022/06/11,Temp2Fecha1,Gimnasia,15:10:13,17:32:38,Perdida,,01:59:45,01:59:45,0.000,15,Interceptado,,6,Volver,,,
2022/06/11,Temp2Fecha1,Gimnasia,15:10:13,17:32:38,Pase,,02:01:29,02:01:29,0.000,10,corto,5,19,11,,,
2022/06/11,Temp2Fecha1,Gimnasia,15:10:13,17:32:38,Pase,,02:01:31,02:01:31,0.000,10,corto,Rival,5,13,,,
2022/06/11,Temp2Fecha1,Gimnasia,15:10:13,17:32:38,Perdida,,02:01:31,02:01:31,0.000,10,Interceptado,,5,Volver,,,
2022/06/11,Temp2Fecha1,Gimnasia,15:10:13,17:32:38,Pase,,02:02:16,02:02:16,0.000,7,corto,5,3,7,,,
2022/06/11,Temp2Fecha1,Gimnasia,15:10:13,17:32:38,Pase,,02:02:18,02:02:18,0.000,7,corto,18,5,10,,,
2022/06/11,Temp2Fecha1,Gimnasia,15:10:13,17:32:38,Pase,,02:02:24,02:02:24,0.000,13,corto,11,18,16,,,
2022/06/11,Temp2Fecha1,Gimnasia,15:10:13,17:32:38,Pase,,02:02:27,02:02:27,0.000,16,inteligente,17,11,20,,,
2022/06/11,Temp2Fecha1,Gimnasia,15:10:13,17:32:38,Remate cabeza,,02:02:50,02:02:50,0.000,22,Dificil,Rival,6,22,,,
2022/06/11,Temp2Fecha1,Gimnasia,15:10:13,17:32:38,Perdida,,02:02:50,02:02:50,0.000,22,Atajada,,6,Volver,,,
2022/06/11,Temp2Fecha1,Gimnasia,15:10:13,17:32:38,Arquero,,02:03:13,02:03:13,0.000,7,Salida suelo,,1,Volver,,Bueno,
2022/06/11,Temp2Fecha1,Gimnasia,15:10:13,17:32:38,Pase,,02:03:16,02:03:16,0.000,7,medio,19,1,10,,,
2022/06/11,Temp2Fecha1,Gimnasia,15:10:13,17:32:38,Falta,,02:04:06,02:04:06,0.000,1,Recibida,,3,Volver,,,
2022/06/11,Temp2Fecha1,Gimnasia,15:10:13,17:32:38,Pase,,02:04:20,02:04:20,0.000,12,medio,5,6,14,,,
2022/06/11,Temp2Fecha1,Gimnasia,15:10:13,17:32:38,Pase,,02:04:28,02:04:28,0.000,7,corto,2,3,2,,,
2022/06/11,Temp2Fecha1,Gimnasia,15:10:13,17:32:38,Pase,,02:04:30,02:04:30,0.000,2,corto,1,2,2,,,
2022/06/11,Temp2Fecha1,Gimnasia,15:10:13,17:32:38,Pase,,02:04:32,02:04:32,0.000,2,corto,3,1,1,,,
2022/06/11,Temp2Fecha1,Gimnasia,15:10:13,17:32:38,Pase,,02:04:33,02:04:33,0.000,1,corto,2,3,2,,,
2022/06/11,Temp2Fecha1,Gimnasia,15:10:13,17:32:38,Pase,,02:04:38,02:04:38,0.000,7,largo,18,2,13,,,
2022/06/11,Temp2Fecha1,Gimnasia,15:10:13,17:32:38,Perdida,,02:04:38,02:04:38,0.000,7,Interceptado,,2,Volver,,,
2022/06/11,Temp2Fecha1,Gimnasia,15:10:13,17:32:38,Pase,,02:04:58,02:04:58,0.000,3,S arquero pie,2,1,3,,,
2022/06/11,Temp2Fecha1,Gimnasia,15:10:13,17:32:38,Pase,,02:05:04,02:05:04,0.000,3,medio,5,2,11,,,
2022/06/11,Temp2Fecha1,Gimnasia,15:10:13,17:32:38,Arquero,,02:05:10,02:05:10,0.000,2,Mano a mano,,1,Volver,,Bueno,
2022/06/11,Temp2Fecha1,Gimnasia,15:10:13,17:32:38,Pase,,02:05:19,02:05:19,0.000,4,S arquero pie,11,1,13,,,
2022/06/11,Temp2Fecha1,Gimnasia,15:10:13,17:32:38,Pase,,02:06:02,02:06:02,0.000,13,corto,11,18,13,,,
2022/06/11,Temp2Fecha1,Gimnasia,15:10:13,17:32:38,Pase,,02:06:07,02:06:07,0.000,13,inteligente,18,11,19,,,
2022/06/11,Temp2Fecha1,Gimnasia,15:10:13,17:32:38,Pase,,02:06:12,02:06:12,0.000,19,centro aereo,Rival,18,21,,,
2022/06/11,Temp2Fecha1,Gimnasia,15:10:13,17:32:38,Perdida,,02:06:12,02:06:12,0.000,19,Interceptado,,18,Volver,,,
2022/06/11,Temp2Fecha1,Gimnasia,15:10:13,17:32:38,Pase,,02:06:45,02:06:45,0.000,7,largo,Rival,2,17,,,
2022/06/11,Temp2Fecha1,Gimnasia,15:10:13,17:32:38,Perdida,,02:06:45,02:06:45,0.000,7,Interceptado,,2,Volver,,,
2022/06/11,Temp2Fecha1,Gimnasia,15:10:13,17:32:38,Pase,,02:06:52,02:06:52,0.000,13,corto,19,18,13,,,
2022/06/11,Temp2Fecha1,Gimnasia,15:10:13,17:32:38,Pase,,02:06:55,02:06:55,0.000,13,inteligente,3,19,16,,,
2022/06/11,Temp2Fecha1,Gimnasia,15:10:13,17:32:38,Pase,,02:06:59,02:06:59,0.000,19,inteligente,19,3,17,,,
2022/06/11,Temp2Fecha1,Gimnasia,15:10:13,17:32:38,Remate pie,,02:07:01,02:07:01,0.000,17,Media distancia,Rival,19,23,,,
2022/06/11,Temp2Fecha1,Gimnasia,15:10:13,17:32:38,Perdida,,02:07:02,02:07:02,0.000,17,Interceptado,,19,Volver,,,
2022/06/11,Temp2Fecha1,Gimnasia,15:10:13,17:32:38,Pase,,02:07:34,02:07:34,0.000,11,corto,1,14,8,,,
2022/06/11,Temp2Fecha1,Gimnasia,15:10:13,17:32:38,Pase,,02:07:38,02:07:38,0.000,8,largo,2,1,17,,,
2022/06/11,Temp2Fecha1,Gimnasia,15:10:13,17:32:38,Perdida,,02:07:38,02:07:38,0.000,8,Interceptado,,1,Volver,,,
2022/06/11,Temp2Fecha1,Gimnasia,15:10:13,17:32:38,Arquero,,02:07:48,02:07:48,0.000,3,Salvada/Atajada,,1,Volver,Facil,,
2022/06/11,Temp2Fecha1,Gimnasia,15:10:13,17:32:38,Pase,,02:07:56,02:07:56,0.000,4,S arquero pie,19,1,16,,,
2022/06/11,Temp2Fecha1,Gimnasia,15:10:13,17:32:38,Falta,,02:08:29,02:08:29,0.000,11,Hecha,,5,Volver,,,
2022/06/11,Temp2Fecha1,Gimnasia,15:10:13,17:32:38,Pase,,02:09:01,02:09:01,0.000,9,corto,14,4,12,,,
2022/06/11,Temp2Fecha1,Gimnasia,15:10:13,17:32:38,Arquero,,02:10:07,02:10:07,0.000,3,Salvada/Atajada,,1,Volver,Facil,,
2022/06/11,Temp2Fecha1,Gimnasia,15:10:13,17:32:38,Pase,,02:10:15,02:10:15,0.000,4,S arquero pie,11,1,15,,,
2022/06/11,Temp2Fecha1,Gimnasia,15:10:13,17:32:38,Pase,,02:11:46,02:11:46,0.000,8,corto,5,6,11,,,
2022/06/11,Temp2Fecha1,Gimnasia,15:10:13,17:32:38,Falta,,02:12:10,02:12:10,0.000,12,Recibida,,11,Volver,,,
2022/06/11,Temp2Fecha1,Gimnasia,15:10:13,17:32:38,Pase,,02:12:30,02:12:30,0.000,15,centro aereo,19,4,17,,,
2022/06/11,Temp2Fecha1,Gimnasia,15:10:13,17:32:38,Perdida,,02:12:31,02:12:31,0.000,15,Interceptado,,4,Volver,,,
2022/06/11,Temp2Fecha1,Gimnasia,15:10:13,17:32:38,Pase,,02:12:42,02:12:42,0.000,7,medio,18,3,16,,,
2022/06/11,Temp2Fecha1,Gimnasia,15:10:13,17:32:38,Perdida,,02:12:43,02:12:43,0.000,7,Balon afuera lateral,,3,Volver,,,
2022/06/11,Temp2Fecha1,Gimnasia,15:10:13,17:32:38,Pase,,02:13:06,02:13:06,0.000,11,corto,17,5,14,,,
2022/06/11,Temp2Fecha1,Gimnasia,15:10:13,17:32:38,Pase,,02:13:09,02:13:09,0.000,14,inteligente,11,17,17,,,
2022/06/11,Temp2Fecha1,Gimnasia,15:10:13,17:32:38,Falta,,02:13:12,02:13:12,0.000,17,Offside,,11,Volver,,,
2022/06/11,Temp2Fecha1,Gimnasia,15:10:13,17:32:38,Pase,,02:13:35,02:13:35,0.000,8,corto,6,2,8,,,
2022/06/11,Temp2Fecha1,Gimnasia,15:10:13,17:32:38,Pase,,02:13:36,02:13:36,0.000,8,corto,1,6,4,,,
2022/06/11,Temp2Fecha1,Gimnasia,15:10:13,17:32:38,Pase,,02:13:41,02:13:41,0.000,4,corto,2,1,4,,,
2022/06/11,Temp2Fecha1,Gimnasia,15:10:13,17:32:38,Pase,,02:13:45,02:13:45,0.000,2,corto,3,2,7,,,
2022/06/11,Temp2Fecha1,Gimnasia,15:10:13,17:32:38,Pase,,02:13:48,02:13:48,0.000,10,corto,11,3,13,,,
2022/06/11,Temp2Fecha1,Gimnasia,15:10:13,17:32:38,Falta,,02:13:52,02:13:52,0.000,13,Recibida,,11,Volver,,,
2022/06/11,Temp2Fecha1,Gimnasia,15:10:13,17:32:38,Pase,,02:14:28,02:14:28,0.000,11,medio,18,14,13,,,
2022/06/11,Temp2Fecha1,Gimnasia,15:10:13,17:32:38,Pase,,02:14:32,02:14:32,0.000,13,medio,14,18,17,,,
2022/06/11,Temp2Fecha1,Gimnasia,15:10:13,17:32:38,Perdida,,02:14:33,02:14:33,0.000,13,Interceptado,,18,Volver,,,
2022/06/11,Temp2Fecha1,Gimnasia,15:10:13,17:32:38,Remate pie,,02:14:42,02:14:42,0.000,17,Larga distancia,Rival,4,22,,,
2022/06/11,Temp2Fecha1,Gimnasia,15:10:13,17:32:38,Perdida,,02:14:42,02:14:42,0.000,17,Atajada,,4,Volver,,,
