Session Start Date,Event,Session Name,Session Start,Session End,Tag Description,Tag Notes,Tag Start,Tag End,Tag Duration (secs),Dificultad,Zonas_final,Jugador2,Jugador,Zonas,Categoria,Optional Column
2022/03/23,Boca,completo ,10:52:58,13:12:50,Pase,,00:19:50,00:19:56,6.000,,10,3,5,10,corto,
2022/03/23,Boca,completo ,10:52:58,13:12:50,Perdida,,00:19:54,00:20:00,6.000,,17,9,3,10,Interceptado,
2022/03/23,Boca,completo ,10:52:58,13:12:50,Recuperacion,,00:19:56,00:20:02,6.000,,16,Rival,3,13,Intercepcion,
2022/03/23,Boca,completo ,10:52:58,13:12:50,Pase,,00:19:57,00:20:03,6.000,,13,11,3,13,corto,
2022/03/23,Boca,completo ,10:52:58,13:12:50,Pase,,00:20:02,00:20:08,6.000,,19,9,11,13,corto,
2022/03/23,Boca,completo ,10:52:58,13:12:50,Perdida,,00:20:04,00:20:10,6.000,,18,Rival,9,19,Balon afuera lateral,
2022/03/23,Boca,completo ,10:52:58,13:12:50,Recuperacion,,00:20:28,00:20:34,6.000,,17,Rival,5,14,Intercepcion aereo,
2022/03/23,Boca,completo ,10:52:58,13:12:50,Perdida,,00:20:32,00:20:38,6.000,,17,9,5,14,Interceptado,
2022/03/23,Boca,completo ,10:52:58,13:12:50,Recuperacion,,00:20:33,00:20:39,6.000,,17,Rival,5,14,Intercepcion aereo,
2022/03/23,Boca,completo ,10:52:58,13:12:50,Pase,,00:20:36,00:20:42,6.000,,18,8,5,18,corto,
2022/03/23,Boca,completo ,10:52:58,13:12:50,Recuperacion,,00:21:08,00:21:14,6.000,,12,Rival,4,12,Encontrada,
2022/03/23,Boca,completo ,10:52:58,13:12:50,Pase,,00:21:09,00:21:15,6.000,,14,8,4,12,corto,
2022/03/23,Boca,completo ,10:52:58,13:12:50,Pase,,00:21:17,00:21:23,6.000,,13,3,8,13,corto,
2022/03/23,Boca,completo ,10:52:58,13:12:50,Perdida,,00:21:29,00:21:35,6.000,,14,Rival,11,13,Error tactico,
2022/03/23,Boca,completo ,10:52:58,13:12:50,Recuperacion,,00:23:12,00:23:18,6.000,,Volver,,2,7,Intercepcion,
2022/03/23,Boca,completo ,10:52:58,13:12:50,Pase,,00:23:13,00:23:19,6.000,,7,6,2,7,corto,
2022/03/23,Boca,completo ,10:52:58,13:12:50,Pelota parada,,00:23:39,00:23:45,6.000,,Volver,,4,6,Lateral corto,
2022/03/23,Boca,completo ,10:52:58,13:12:50,Recuperacion,,00:24:01,00:24:07,6.000,,Volver,,4,9,Intercepcion,
2022/03/23,Boca,completo ,10:52:58,13:12:50,Recuperacion,,00:24:18,00:24:24,6.000,,Volver,,8,11,Intercepcion,
2022/03/23,Boca,completo ,10:52:58,13:12:50,Pase,,00:24:19,00:24:25,6.000,,15,9,8,11,medio,
2022/03/23,Boca,completo ,10:52:58,13:12:50,Pase,,00:24:23,00:24:29,6.000,,13,8,9,14,corto,
2022/03/23,Boca,completo ,10:52:58,13:12:50,Falta,,00:24:25,00:24:31,6.000,,Volver,,8,16,Recibida,
2022/03/23,Boca,completo ,10:52:58,13:12:50,Pelota parada,,00:25:29,00:25:35,6.000,,Volver,,5,16,Tiro libre,
2022/03/23,Boca,completo ,10:52:58,13:12:50,Recuperacion,,00:26:04,00:26:10,6.000,,Volver,,3,1,Intercepcion,
2022/03/23,Boca,completo ,10:52:58,13:12:50,Perdida,,00:26:12,00:26:18,6.000,,13,Rival,3,1,Balon afuera lateral,
2022/03/23,Boca,completo ,10:52:58,13:12:50,Recuperacion,,00:26:50,00:26:56,6.000,,Volver,,11,10,Intercepcion,
2022/03/23,Boca,completo ,10:52:58,13:12:50,Falta,,00:26:58,00:27:04,6.000,,Volver,,7,9,Recibida,
2022/03/23,Boca,completo ,10:52:58,13:12:50,Perdida,,00:27:35,00:27:41,6.000,,Volver,,10,7,Interceptado,
2022/03/23,Boca,completo ,10:52:58,13:12:50,Recuperacion,,00:27:38,00:27:44,6.000,,Volver,,8,7,Intercepcion,
2022/03/23,Boca,completo ,10:52:58,13:12:50,Perdida,,00:27:41,00:27:47,6.000,,Volver,,8,8,Robo,
2022/03/23,Boca,completo ,10:52:58,13:12:50,Pase,,00:28:51,00:28:57,6.000,,19,10,3,10,largo,
2022/03/23,Boca,completo ,10:52:58,13:12:50,Perdida,,00:29:03,00:29:09,6.000,,24,Rival,5,13,Balon afuera lateral,
2022/03/23,Boca,completo ,10:52:58,13:12:50,Recuperacion,,00:29:25,00:29:31,6.000,,Volver,,11,13,Intercepcion,
2022/03/23,Boca,completo ,10:52:58,13:12:50,Perdida,,00:29:34,00:29:40,6.000,,21,Rival,11,19,intercepcion aereo,
2022/03/23,Boca,completo ,10:52:58,13:12:50,Recuperacion,,00:29:36,00:29:42,6.000,,Volver,,5,14,Intercepcion aereo,
2022/03/23,Boca,completo ,10:52:58,13:12:50,Pase,,00:29:36,00:29:42,6.000,,18,4,5,17,corto,
2022/03/23,Boca,completo ,10:52:58,13:12:50,Remate pie,,00:29:40,00:29:46,6.000,,22,Rival,4,18,Media distancia,
2022/03/23,Boca,completo ,10:52:58,13:12:50,Pelota parada,,00:30:03,00:30:09,6.000,,18,9,4,18,Lateral corto,
2022/03/23,Boca,completo ,10:52:58,13:12:50,Perdida,,00:30:05,00:30:11,6.000,,Volver,,9,18,Interceptado,
2022/03/23,Boca,completo ,10:52:58,13:12:50,Arquero,,00:30:14,00:30:20,6.000,,Volver,,1,4,Remate atajable,
2022/03/23,Boca,completo ,10:52:58,13:12:50,Pase,,00:30:19,00:30:25,6.000,,21,Rival,3,10,largo,
2022/03/23,Boca,completo ,10:52:58,13:12:50,Recuperacion,,00:30:45,00:30:51,6.000,,Volver,,2,9,Intercepcion,
2022/03/23,Boca,completo ,10:52:58,13:12:50,Pase,,00:30:48,00:30:54,6.000,,4,6,2,9,corto,
2022/03/23,Boca,completo ,10:52:58,13:12:50,Pase,,00:30:55,00:31:01,6.000,,16,11,6,4,largo,
2022/03/23,Boca,completo ,10:52:58,13:12:50,Perdida,,00:30:57,00:31:03,6.000,,Volver,,11,16,Robo,
2022/03/23,Boca,completo ,10:52:58,13:12:50,Recuperacion,,00:30:59,00:31:05,6.000,,Volver,,3,11,intercepcion anticipo aereo,
2022/03/23,Boca,completo ,10:52:58,13:12:50,Perdida,,00:31:01,00:31:07,6.000,,14,Rival,3,8,Interceptado,
2022/03/23,Boca,completo ,10:52:58,13:12:50,Pase,,00:31:16,00:31:22,6.000,,10,10,6,2,medio,
2022/03/23,Boca,completo ,10:52:58,13:12:50,Perdida,,00:31:19,00:31:25,6.000,,Volver,,10,13,Interceptado,
2022/03/23,Boca,completo ,10:52:58,13:12:50,Pelota parada,,00:31:44,00:31:50,6.000,,13,9,3,10,Lateral corto,
2022/03/23,Boca,completo ,10:52:58,13:12:50,Perdida,,00:31:45,00:31:51,6.000,,Volver,,9,13,Robo,
2022/03/23,Boca,completo ,10:52:58,13:12:50,Pelota parada,,00:32:08,00:32:14,6.000,,10,5,3,7,Lateral corto,
2022/03/23,Boca,completo ,10:52:58,13:12:50,Perdida,,00:32:10,00:32:16,6.000,,Volver,,5,14,Robo,
2022/03/23,Boca,completo ,10:52:58,13:12:50,Recuperacion,,00:32:17,00:32:23,6.000,,Volver,,8,10,Robo,
2022/03/23,Boca,completo ,10:52:58,13:12:50,Pase,,00:32:19,00:32:25,6.000,,16,9,8,10,medio,
2022/03/23,Boca,completo ,10:52:58,13:12:50,Perdida,,00:32:21,00:32:27,6.000,,16,9,8,10,Interceptado,
2022/03/23,Boca,completo ,10:52:58,13:12:50,Recuperacion,,00:32:58,00:33:04,6.000,,Volver,,5,8,Robo,
2022/03/23,Boca,completo ,10:52:58,13:12:50,Pase,,00:33:04,00:33:10,6.000,,14,10,5,14,corto,
2022/03/23,Boca,completo ,10:52:58,13:12:50,Duelo,,00:33:06,00:33:12,6.000,,Volver,,10,17,Gambeta a favor,
2022/03/23,Boca,completo ,10:52:58,13:12:50,Falta,,00:33:10,00:33:16,6.000,,Volver,,10,17,Recibida,
2022/03/23,Boca,completo ,10:52:58,13:12:50,Pelota parada,,00:34:11,00:34:17,6.000,,Volver,,8,17,Tiro libre,
2022/03/23,Boca,completo ,10:52:58,13:12:50,Remate cabeza,,00:34:13,00:34:19,6.000,,Volver,2,2,23,Facil,
2022/03/23,Boca,completo ,10:52:58,13:12:50,Perdida,,00:34:17,00:34:23,6.000,,Volver,,2,23,Interceptado,
2022/03/23,Boca,completo ,10:52:58,13:12:50,Recuperacion,,00:35:16,00:35:22,6.000,,Volver,,4,8,Intercepcion,
2022/03/23,Boca,completo ,10:52:58,13:12:50,Pase,,00:35:18,00:35:24,6.000,,11,10,4,8,corto,
2022/03/23,Boca,completo ,10:52:58,13:12:50,Pase,,00:35:25,00:35:31,6.000,,17,9,10,11,medio,
2022/03/23,Boca,completo ,10:52:58,13:12:50,Falta,,00:35:26,00:35:32,6.000,,Volver,,9,18,Hecha,
2022/03/23,Boca,completo ,10:52:58,13:12:50,Recuperacion,,00:36:20,00:36:26,6.000,,Volver,,6,8,Intercepcion,
2022/03/23,Boca,completo ,10:52:58,13:12:50,Pelota parada,,00:36:48,00:36:54,6.000,,Volver,,1,3,Saque de meta,
2022/03/23,Boca,completo ,10:52:58,13:12:50,Pase,,00:36:48,00:36:54,6.000,,5,2,1,3,corto,
2022/03/23,Boca,completo ,10:52:58,13:12:50,Pase,,00:36:58,00:37:04,6.000,,10,5,3,7,corto,
2022/03/23,Boca,completo ,10:52:58,13:12:50,Perdida,,00:36:58,00:37:04,6.000,,Volver,,5,10,Error tecnico,
2022/03/23,Boca,completo ,10:52:58,13:12:50,Recuperacion,,00:37:01,00:37:07,6.000,,Volver,,10,7,Intercepcion,
2022/03/23,Boca,completo ,10:52:58,13:12:50,Pase,,00:37:03,00:37:09,6.000,,7,6,10,7,corto,
2022/03/23,Boca,completo ,10:52:58,13:12:50,Pelota parada,,00:37:55,00:38:01,6.000,,9,5,4,9,Lateral corto,
2022/03/23,Boca,completo ,10:52:58,13:12:50,Perdida,,00:37:58,00:38:04,6.000,,12,5,4,9,Interceptado,
2022/03/23,Boca,completo ,10:52:58,13:12:50,Recuperacion,,00:38:19,00:38:25,6.000,,Volver,,6,5,Intercepcion,
2022/03/23,Boca,completo ,10:52:58,13:12:50,Pase,,00:38:24,00:38:30,6.000,,12,Rival,6,5,medio,
2022/03/23,Boca,completo ,10:52:58,13:12:50,Perdida,,00:38:25,00:38:31,6.000,,Volver,,6,5,Error tecnico,
2022/03/23,Boca,completo ,10:52:58,13:12:50,Recuperacion,,00:38:48,00:38:54,6.000,,Volver,,10,10,Encontrada,
2022/03/23,Boca,completo ,10:52:58,13:12:50,Pase,,00:38:50,00:38:56,6.000,,16,9,10,10,inteligente,
2022/03/23,Boca,completo ,10:52:58,13:12:50,Duelo,,00:38:55,00:39:01,6.000,,Volver,,9,17,Gambeta a favor,
2022/03/23,Boca,completo ,10:52:58,13:12:50,Perdida,,00:38:57,00:39:03,6.000,,Volver,,9,17,Duelo,
2022/03/23,Boca,completo ,10:52:58,13:12:50,Recuperacion,,00:38:59,00:39:05,6.000,,Volver,,7,18,Encontrada,
2022/03/23,Boca,completo ,10:52:58,13:12:50,Pase,,00:39:04,00:39:10,6.000,,21,9,7,23,corto,
2022/03/23,Boca,completo ,10:52:58,13:12:50,Perdida,,00:39:04,00:39:10,6.000,,21,9,7,23,Interceptado,
2022/03/23,Boca,completo ,10:52:58,13:12:50,Recuperacion,,00:39:09,00:39:15,6.000,,Volver,,7,23,Robo,
2022/03/23,Boca,completo ,10:52:58,13:12:50,Remate pie,,00:39:10,00:39:16,6.000,,Volver,,5,17,Remate bloqueado,
2022/03/23,Boca,completo ,10:52:58,13:12:50,Perdida,,00:39:10,00:39:16,6.000,,Volver,,5,17,Interceptado,
2022/03/23,Boca,completo ,10:52:58,13:12:50,Recuperacion,,00:39:13,00:39:19,6.000,,Volver,,4,17,Encontrada,
2022/03/23,Boca,completo ,10:52:58,13:12:50,Pase,,00:39:32,00:39:38,6.000,,13,11,10,11,medio,
2022/03/23,Boca,completo ,10:52:58,13:12:50,Perdida,,00:39:35,00:39:41,6.000,,13,11,10,11,Interceptado,
2022/03/23,Boca,completo ,10:52:58,13:12:50,Falta,,00:40:16,00:40:22,6.000,,Volver,,10,7,Recibida,
2022/03/23,Boca,completo ,10:52:58,13:12:50,Pelota parada,,00:40:24,00:40:30,6.000,,8,6,3,7,Tiro libre,
2022/03/23,Boca,completo ,10:52:58,13:12:50,Pase,,00:40:31,00:40:37,6.000,,12,5,6,8,medio,
2022/03/23,Boca,completo ,10:52:58,13:12:50,Perdida,,00:40:32,00:40:38,6.000,,12,5,6,8,Interceptado,
2022/03/23,Boca,completo ,10:52:58,13:12:50,Gol rival,,00:40:43,00:40:49,6.000,,Volver,,,4,Indirecta,
2022/03/23,Boca,completo ,10:52:58,13:12:50,Arquero,,00:40:43,00:40:49,6.000,,Volver,,1,3,Remate atajable,
2022/03/23,Boca,completo ,10:52:58,13:12:50,Pase,,00:41:56,00:42:02,6.000,,23,7,10,17,medio,
2022/03/23,Boca,completo ,10:52:58,13:12:50,Duelo,,00:42:04,00:42:10,6.000,,Volver,,7,23,Gambeta a favor,
2022/03/23,Boca,completo ,10:52:58,13:12:50,Perdida,,00:42:08,00:42:14,6.000,,Volver,,7,21,Duelo,
2022/03/23,Boca,completo ,10:52:58,13:12:50,Recuperacion,,00:42:13,00:42:19,6.000,,Volver,,4,18,Intercepcion,
2022/03/23,Boca,completo ,10:52:58,13:12:50,Pase,,00:42:14,00:42:20,6.000,,18,8,4,18,corto,
2022/03/23,Boca,completo ,10:52:58,13:12:50,Pase,,00:42:19,00:42:25,6.000,,24,7,8,18,corto,
2022/03/23,Boca,completo ,10:52:58,13:12:50,Pase,,00:42:23,00:42:29,6.000,,21,11,7,24,centro aereo,
2022/03/23,Boca,completo ,10:52:58,13:12:50,Perdida,,00:42:25,00:42:31,6.000,,20,11,7,24,Robo,
2022/03/23,Boca,completo ,10:52:58,13:12:50,Pase,,00:42:29,00:42:35,6.000,,17,8,10,16,corto,
2022/03/23,Boca,completo ,10:52:58,13:12:50,Pase,,00:42:32,00:42:38,6.000,,17,5,8,17,corto,
2022/03/23,Boca,completo ,10:52:58,13:12:50,Pase,,00:42:36,00:42:42,6.000,,18,7,8,17,corto,
2022/03/23,Boca,completo ,10:52:58,13:12:50,Duelo,,00:42:42,00:42:48,6.000,,Volver,,7,24,Disputa suelo,
2022/03/23,Boca,completo ,10:52:58,13:12:50,Pase,,00:43:35,00:43:41,6.000,,18,7,8,11,inteligente,
2022/03/23,Boca,completo ,10:52:58,13:12:50,Pase,,00:43:41,00:43:47,6.000,,21,9,7,23,corto,
2022/03/23,Boca,completo ,10:52:58,13:12:50,Perdida,,00:43:41,00:43:47,6.000,,Volver,,7,23,Interceptado,
2022/03/23,Boca,completo ,10:52:58,13:12:50,Recuperacion,,00:44:10,00:44:16,6.000,,Volver,,2,8,Intercepcion,
2022/03/23,Boca,completo ,10:52:58,13:12:50,Pase,,00:44:12,00:44:18,6.000,,7,3,2,8,corto,
2022/03/23,Boca,completo ,10:52:58,13:12:50,Pase,,00:44:14,00:44:20,6.000,,7,3,2,7,corto,
2022/03/23,Boca,completo ,10:52:58,13:12:50,Pase,,00:44:21,00:44:27,6.000,,13,5,3,13,corto,
2022/03/23,Boca,completo ,10:52:58,13:12:50,Pase,,00:44:29,00:44:29,0.000,,7,6,5,10,corto,
2022/03/23,Boca,completo ,10:52:58,13:12:50,Pase,,00:44:31,00:44:31,0.000,,10,5,6,7,corto,
2022/03/23,Boca,completo ,10:52:58,13:12:50,Pase,,00:44:35,00:44:35,0.000,,13,11,5,10,corto,
2022/03/23,Boca,completo ,10:52:58,13:12:50,Pase,,00:44:36,00:44:36,0.000,,13,5,11,13,corto,
2022/03/23,Boca,completo ,10:52:58,13:12:50,Pase,,00:44:40,00:44:40,0.000,,17,7,5,13,medio,
2022/03/23,Boca,completo ,10:52:58,13:12:50,Perdida,,00:44:37,00:44:43,6.000,,Volver,,5,13,Interceptado,
2022/03/23,Boca,completo ,10:52:58,13:12:50,Pelota parada,,00:44:51,00:44:57,6.000,,9,8,4,9,Lateral corto,
2022/03/23,Boca,completo ,10:52:58,13:12:50,Pase,,00:44:55,00:44:55,0.000,,9,4,8,9,corto,
2022/03/23,Boca,completo ,10:52:58,13:12:50,Pase,,00:44:58,00:44:58,0.000,,8,6,4,9,medio,
2022/03/23,Boca,completo ,10:52:58,13:12:50,Pase,,00:45:02,00:45:02,0.000,,18,9,6,8,largo,
2022/03/23,Boca,completo ,10:52:58,13:12:50,Duelo,,00:45:02,00:45:08,6.000,,Volver,,9,18,Aereo,
2022/03/23,Boca,completo ,10:52:58,13:12:50,Perdida,,00:45:02,00:45:08,6.000,,Volver,,9,18,Robo,
2022/03/23,Boca,completo ,10:52:58,13:12:50,Recuperacion,,00:45:03,00:45:09,6.000,,Volver,,8,15,Encontrada,
2022/03/23,Boca,completo ,10:52:58,13:12:50,Pase,,00:45:12,00:45:12,0.000,,13,3,8,14,medio,
2022/03/23,Boca,completo ,10:52:58,13:12:50,Pase,,00:45:17,00:45:17,0.000,,19,11,3,16,inteligente,
2022/03/23,Boca,completo ,10:52:58,13:12:50,Pase,,00:45:21,00:45:21,0.000,,18,7,11,20,medio,
2022/03/23,Boca,completo ,10:52:58,13:12:50,Pase,,00:45:25,00:45:25,0.000,,24,4,7,18,corto,
2022/03/23,Boca,completo ,10:52:58,13:12:50,Pase,,00:45:27,00:45:27,0.000,,21,9,4,24,medio,
2022/03/23,Boca,completo ,10:52:58,13:12:50,Perdida,,00:45:25,00:45:31,6.000,,Volver,,4,24,Interceptado,
2022/03/23,Boca,completo ,10:52:58,13:12:50,Pelota parada,,00:45:48,00:45:54,6.000,,Volver,,4,15,Lateral corto,
2022/03/23,Boca,completo ,10:52:58,13:12:50,Pase,,00:45:52,00:45:52,0.000,,18,7,4,15,corto,
2022/03/23,Boca,completo ,10:52:58,13:12:50,Pase,,00:45:52,00:45:52,0.000,,18,8,7,18,corto,
2022/03/23,Boca,completo ,10:52:58,13:12:50,Pase,,00:45:54,00:45:54,0.000,,18,7,8,18,corto,
2022/03/23,Boca,completo ,10:52:58,13:12:50,Pase,,00:45:57,00:45:57,0.000,,17,8,7,17,corto,
2022/03/23,Boca,completo ,10:52:58,13:12:50,Remate pie,,00:45:57,00:46:03,6.000,,Volver,,8,23,Media distancia,
2022/03/23,Boca,completo ,10:52:58,13:12:50,Perdida,,00:45:59,00:46:05,6.000,,Volver,,8,23,Atajada,
2022/03/23,Boca,completo ,10:52:58,13:12:50,Pase,,00:46:43,00:46:43,0.000,,4,2,1,3,S arquero pie,
2022/03/23,Boca,completo ,10:52:58,13:12:50,Pase,,00:46:46,00:46:46,0.000,,9,4,2,4,corto,
2022/03/23,Boca,completo ,10:52:58,13:12:50,Pase,,00:46:49,00:46:49,0.000,,8,8,4,9,corto,
2022/03/23,Boca,completo ,10:52:58,13:12:50,Pase,,00:46:50,00:46:50,0.000,,9,4,8,8,corto,
2022/03/23,Boca,completo ,10:52:58,13:12:50,Pase,,00:46:52,00:46:52,0.000,,8,5,4,9,corto,
2022/03/23,Boca,completo ,10:52:58,13:12:50,Pase,,00:46:54,00:46:54,0.000,,9,2,5,8,medio,
2022/03/23,Boca,completo ,10:52:58,13:12:50,Pase,,00:46:58,00:46:58,0.000,,7,3,2,9,medio,
2022/03/23,Boca,completo ,10:52:58,13:12:50,Pase,,00:47:07,00:47:07,0.000,,7,6,3,7,corto,
2022/03/23,Boca,completo ,10:52:58,13:12:50,Pase,,00:47:10,00:47:10,0.000,,8,2,6,8,corto,
2022/03/23,Boca,completo ,10:52:58,13:12:50,Pase,,00:47:15,00:47:15,0.000,,8,6,2,8,corto,
2022/03/23,Boca,completo ,10:52:58,13:12:50,Pase,,00:47:22,00:47:22,0.000,,18,4,6,8,largo,
2022/03/23,Boca,completo ,10:52:58,13:12:50,Perdida,,00:47:23,00:47:29,6.000,,Volver,,6,8,Balon afuera lateral,
2022/03/23,Boca,completo ,10:52:58,13:12:50,Recuperacion,,00:47:49,00:47:49,0.000,,Volver,,5,9,Encontrada,
2022/03/23,Boca,completo ,10:52:58,13:12:50,Pase,,00:47:50,00:47:50,0.000,,12,4,5,9,corto,
2022/03/23,Boca,completo ,10:52:58,13:12:50,Pase,,00:47:56,00:47:56,0.000,,3,1,4,12,medio,
2022/03/23,Boca,completo ,10:52:58,13:12:50,Pase,,00:47:59,00:47:59,0.000,,8,6,1,3,corto,
2022/03/23,Boca,completo ,10:52:58,13:12:50,Pase,,00:48:03,00:48:03,0.000,,7,3,6,8,medio,
2022/03/23,Boca,completo ,10:52:58,13:12:50,Pase,,00:48:06,00:48:06,0.000,,17,9,3,7,largo,
2022/03/23,Boca,completo ,10:52:58,13:12:50,Perdida,,00:48:07,00:48:07,0.000,,Volver,,3,7,intercepcion aereo,
2022/03/23,Boca,completo ,10:52:58,13:12:50,Recuperacion,,00:48:08,00:48:08,0.000,,Volver,,5,10,Intercepcion,
2022/03/23,Boca,completo ,10:52:58,13:12:50,Pase,,00:48:11,00:48:11,0.000,,14,10,5,10,corto,
2022/03/23,Boca,completo ,10:52:58,13:12:50,Pase,,00:48:13,00:48:13,0.000,,18,7,10,14,medio,
2022/03/23,Boca,completo ,10:52:58,13:12:50,Perdida,,00:48:17,00:48:17,0.000,,Volver,,7,18,Interceptado,
2022/03/23,Boca,completo ,10:52:58,13:12:50,Recuperacion,,00:48:19,00:48:19,0.000,,24,7,7,18,Encontrada,
2022/03/23,Boca,completo ,10:52:58,13:12:50,Pase,,00:48:26,00:48:26,0.000,,22,Rival,7,24,centro aereo,
2022/03/23,Boca,completo ,10:52:58,13:12:50,Perdida,,00:48:27,00:48:27,0.000,,Volver,,7,24,Interceptado,
2022/03/23,Boca,completo ,10:52:58,13:12:50,Recuperacion,,00:48:33,00:48:33,0.000,,,,2,9,Encontrada,
2022/03/23,Boca,completo ,10:52:58,13:12:50,Perdida,,00:48:36,00:48:36,0.000,,Volver,,2,9,Balon afuera lateral,
2022/03/23,Boca,completo ,10:52:58,13:12:50,Pelota parada,,00:48:53,00:48:59,6.000,,15,9,4,9,Lateral largo,
2022/03/23,Boca,completo ,10:52:58,13:12:50,Pase,,00:48:58,00:48:58,0.000,,14,10,9,15,corto,
2022/03/23,Boca,completo ,10:52:58,13:12:50,Perdida,,00:49:02,00:49:02,0.000,,Volver,,10,14,Robo,
2022/03/23,Boca,completo ,10:52:58,13:12:50,Recuperacion,,00:49:05,00:49:05,0.000,,Volver,,3,10,Intercepcion,
2022/03/23,Boca,completo ,10:52:58,13:12:50,Pase,,00:49:12,00:49:12,0.000,,17,9,3,17,corto,
2022/03/23,Boca,completo ,10:52:58,13:12:50,Pase,,00:49:13,00:49:13,0.000,,20,3,9,20,corto,
2022/03/23,Boca,completo ,10:52:58,13:12:50,Perdida,,00:49:14,00:49:14,0.000,,Volver,,9,20,Robo,
2022/03/23,Boca,completo ,10:52:58,13:12:50,Falta,,00:49:17,00:49:23,6.000,,Volver,,10,16,Hecha,
2022/03/23,Boca,completo ,10:52:58,13:12:50,Recuperacion,,00:50:00,00:50:00,0.000,,Volver,,6,7,Intercepcion,
2022/03/23,Boca,completo ,10:52:58,13:12:50,Pase,,00:50:01,00:50:01,0.000,,7,8,6,7,corto,
2022/03/23,Boca,completo ,10:52:58,13:12:50,Pase,,00:50:04,00:50:04,0.000,,7,3,8,7,corto,
2022/03/23,Boca,completo ,10:52:58,13:12:50,Perdida,,00:50:06,00:50:06,0.000,,Volver,,3,7,Robo,
2022/03/23,Boca,completo ,10:52:58,13:12:50,Recuperacion,,00:50:25,00:50:25,0.000,,Volver,,6,2,Intercepcion,
2022/03/23,Boca,completo ,10:52:58,13:12:50,Pase,,00:50:27,00:50:27,0.000,,1,11,6,2,corto,
2022/03/23,Boca,completo ,10:52:58,13:12:50,Perdida,,00:50:28,00:50:28,0.000,,Volver,,11,1,Robo,
2022/03/23,Boca,completo ,10:52:58,13:12:50,Duelo,,00:50:29,00:50:35,6.000,,Volver,,11,1,Gambeta en contra,
2022/03/23,Boca,completo ,10:52:58,13:12:50,Recuperacion,,00:50:37,00:50:37,0.000,,Volver,,8,1,Intercepcion,
2022/03/23,Boca,completo ,10:52:58,13:12:50,Pase,,00:50:39,00:50:39,0.000,,8,10,8,1,medio,
2022/03/23,Boca,completo ,10:52:58,13:12:50,Perdida,,00:50:39,00:50:39,0.000,,Volver,,8,1,Interceptado,
2022/03/23,Boca,completo ,10:52:58,13:12:50,Pelota parada,,00:51:04,00:51:10,6.000,,7,5,3,7,Lateral corto,
2022/03/23,Boca,completo ,10:52:58,13:12:50,Perdida,,00:51:11,00:51:11,0.000,,Volver,,5,7,Robo,
2022/03/23,Boca,completo ,10:52:58,13:12:50,Pase,,00:51:36,00:51:36,0.000,,5,2,1,3,S arquero pie,
2022/03/23,Boca,completo ,10:52:58,13:12:50,Pase,,00:51:39,00:51:39,0.000,,15,7,2,5,largo,
2022/03/23,Boca,completo ,10:52:58,13:12:50,Perdida,,00:51:40,00:51:40,0.000,,Volver,,2,5,intercepcion aereo,
2022/03/23,Boca,completo ,10:52:58,13:12:50,Recuperacion,,00:51:43,00:51:43,0.000,,Volver,,5,11,Encontrada,
2022/03/23,Boca,completo ,10:52:58,13:12:50,Pase,,00:51:44,00:51:44,0.000,,12,4,5,11,corto,
2022/03/23,Boca,completo ,10:52:58,13:12:50,Perdida,,00:51:47,00:51:47,0.000,,Volver,,4,12,Duelo,
2022/03/23,Boca,completo ,10:52:58,13:12:50,Recuperacion,,00:51:56,00:51:56,0.000,,,,3,8,Intercepcion,
2022/03/23,Boca,completo ,10:52:58,13:12:50,Pase,,00:51:59,00:51:59,0.000,,12,8,3,8,corto,
2022/03/23,Boca,completo ,10:52:58,13:12:50,Pase,,00:52:03,00:52:03,0.000,,8,2,8,12,corto,
2022/03/23,Boca,completo ,10:52:58,13:12:50,Pase,,00:52:04,00:52:04,0.000,,8,5,2,8,corto,
2022/03/23,Boca,completo ,10:52:58,13:12:50,Pase,,00:52:09,00:52:09,0.000,,13,11,5,11,largo,
2022/03/23,Boca,completo ,10:52:58,13:12:50,Pase,,00:52:15,00:52:15,0.000,,13,10,11,16,corto,
2022/03/23,Boca,completo ,10:52:58,13:12:50,Pase,,00:52:16,00:52:16,0.000,,13,3,10,13,corto,
2022/03/23,Boca,completo ,10:52:58,13:12:50,Pase,,00:52:18,00:52:18,0.000,,13,8,3,13,corto,
2022/03/23,Boca,completo ,10:52:58,13:12:50,Pase,,00:52:24,00:52:24,0.000,,18,4,8,13,largo,
2022/03/23,Boca,completo ,10:52:58,13:12:50,Perdida,,00:52:24,00:52:24,0.000,,Volver,,8,13,intercepcion aereo,
2022/03/23,Boca,completo ,10:52:58,13:12:50,Pase,,00:54:03,00:54:03,0.000,,7,3,1,3,S arquero pie,
2022/03/23,Boca,completo ,10:52:58,13:12:50,Pase,,00:54:07,00:54:07,0.000,,2,6,3,7,medio,
2022/03/23,Boca,completo ,10:52:58,13:12:50,Perdida,,00:54:08,00:54:08,0.000,,Volver,,3,7,Interceptado,
2022/03/23,Boca,completo ,10:52:58,13:12:50,Pase,,00:54:13,00:54:13,0.000,,2,6,1,3,S arquero pie,
2022/03/23,Boca,completo ,10:52:58,13:12:50,Pase,,00:54:19,00:54:19,0.000,,7,3,6,7,corto,
2022/03/23,Boca,completo ,10:52:58,13:12:50,Pase,,00:54:25,00:54:25,0.000,,8,2,3,7,medio,
2022/03/23,Boca,completo ,10:52:58,13:12:50,Pase,,00:54:28,00:54:28,0.000,,12,4,2,8,medio,
2022/03/23,Boca,completo ,10:52:58,13:12:50,Pase,,00:54:31,00:54:31,0.000,,15,7,4,12,corto,
2022/03/23,Boca,completo ,10:52:58,13:12:50,Pase,,00:54:38,00:54:38,0.000,,15,4,7,15,corto,
2022/03/23,Boca,completo ,10:52:58,13:12:50,Pase,,00:54:41,00:54:41,0.000,,8,2,4,15,medio,
2022/03/23,Boca,completo ,10:52:58,13:12:50,Perdida,,00:54:42,00:54:42,0.000,,Volver,,4,15,Error tecnico,
2022/03/23,Boca,completo ,10:52:58,13:12:50,Recuperacion,,00:54:50,00:54:50,0.000,,Volver,,4,9,Intercepcion,
2022/03/23,Boca,completo ,10:52:58,13:12:50,Pase,,00:54:51,00:54:51,0.000,,12,7,4,9,corto,
2022/03/23,Boca,completo ,10:52:58,13:12:50,Pase,,00:54:52,00:54:52,0.000,,12,10,7,12,corto,
2022/03/23,Boca,completo ,10:52:58,13:12:50,Pase,,00:55:00,00:55:00,0.000,,16,11,10,17,corto,
2022/03/23,Boca,completo ,10:52:58,13:12:50,Duelo,,00:55:10,00:55:16,6.000,,Volver,,11,20,Disputa suelo,
2022/03/23,Boca,completo ,10:52:58,13:12:50,Perdida,,00:55:15,00:55:15,0.000,,Volver,,11,20,Balon afuera fondo,
2022/03/23,Boca,completo ,10:52:58,13:12:50,Pase,,00:57:00,00:57:00,0.000,,3,2,1,3,S arquero pie,
2022/03/23,Boca,completo ,10:52:58,13:12:50,Pase,,00:57:02,00:57:02,0.000,,9,4,2,3,medio,
2022/03/23,Boca,completo ,10:52:58,13:12:50,Duelo,,00:57:00,00:57:06,6.000,,Volver,,4,9,Gambeta a favor,
2022/03/23,Boca,completo ,10:52:58,13:12:50,Falta,,00:57:02,00:57:08,6.000,,Volver,,4,9,Recibida,
2022/03/23,Boca,completo ,10:52:58,13:12:50,Pelota parada,,00:57:15,00:57:21,6.000,,8,2,5,9,Tiro libre,
2022/03/23,Boca,completo ,10:52:58,13:12:50,Pase,,00:57:25,00:57:25,0.000,,4,1,2,8,corto,
2022/03/23,Boca,completo ,10:52:58,13:12:50,Pase,,00:57:28,00:57:28,0.000,,9,2,1,4,corto,
2022/03/23,Boca,completo ,10:52:58,13:12:50,Pase,,00:57:37,00:57:37,0.000,,4,1,2,9,corto,
2022/03/23,Boca,completo ,10:52:58,13:12:50,Pase,,00:57:41,00:57:41,0.000,,10,3,1,3,largo,
2022/03/23,Boca,completo ,10:52:58,13:12:50,Pase,,00:57:44,00:57:44,0.000,,10,8,3,10,corto,
2022/03/23,Boca,completo ,10:52:58,13:12:50,Pase,,00:57:47,00:57:47,0.000,,13,10,8,14,corto,
2022/03/23,Boca,completo ,10:52:58,13:12:50,Pase,,00:57:53,00:57:53,0.000,,15,2,10,14,corto,
2022/03/23,Boca,completo ,10:52:58,13:12:50,Pase,,00:57:56,00:57:56,0.000,,14,5,2,15,corto,
2022/03/23,Boca,completo ,10:52:58,13:12:50,Pase,,00:57:58,00:57:58,0.000,,13,3,5,14,corto,
2022/03/23,Boca,completo ,10:52:58,13:12:50,Pase,,00:58:00,00:58:00,0.000,,16,9,3,13,medio,
2022/03/23,Boca,completo ,10:52:58,13:12:50,Perdida,,00:58:01,00:58:01,0.000,,Volver,,3,13,Interceptado,
2022/03/23,Boca,completo ,10:52:58,13:12:50,Recuperacion,,00:58:20,00:58:20,0.000,,Volver,,3,13,Intercepcion,
2022/03/23,Boca,completo ,10:52:58,13:12:50,Pase,,00:58:22,00:58:22,0.000,,17,10,3,13,medio,
2022/03/23,Boca,completo ,10:52:58,13:12:50,Pase,,00:58:26,00:58:26,0.000,,17,9,10,14,corto,
2022/03/23,Boca,completo ,10:52:58,13:12:50,Perdida,,00:58:28,00:58:28,0.000,,Volver,,9,17,Robo,
2022/03/23,Boca,completo ,10:52:58,13:12:50,Pase,,00:58:59,00:58:59,0.000,,5,2,1,3,S arquero pie,
2022/03/23,Boca,completo ,10:52:58,13:12:50,Pase,,00:59:05,00:59:05,0.000,,8,8,2,5,medio,
2022/03/23,Boca,completo ,10:52:58,13:12:50,Pase,,00:59:06,00:59:06,0.000,,5,2,8,8,medio,
2022/03/23,Boca,completo ,10:52:58,13:12:50,Pase,,00:59:13,00:59:13,0.000,,13,11,2,5,largo,
2022/03/23,Boca,completo ,10:52:58,13:12:50,Perdida,,00:59:14,00:59:14,0.000,,Volver,,2,5,Interceptado,
2022/03/23,Boca,completo ,10:52:58,13:12:50,Recuperacion,,00:59:16,00:59:16,0.000,,Volver,,6,8,Intercepcion,
2022/03/23,Boca,completo ,10:52:58,13:12:50,Pase,,00:59:18,00:59:18,0.000,,10,10,6,8,corto,
2022/03/23,Boca,completo ,10:52:58,13:12:50,Perdida,,00:59:22,00:59:22,0.000,,Volver,,10,10,Robo,
2022/03/23,Boca,completo ,10:52:58,13:12:50,Falta,,00:59:32,00:59:38,6.000,,,,5,10,Hecha,
2022/03/23,Boca,completo ,10:52:58,13:12:50,Recuperacion,,01:00:07,01:00:07,0.000,,Volver,,3,2,Intercepcion aereo,
2022/03/23,Boca,completo ,10:52:58,13:12:50,Pase,,01:00:09,01:00:09,0.000,,8,8,3,2,corto,
2022/03/23,Boca,completo ,10:52:58,13:12:50,Pase,,01:00:10,01:00:10,0.000,,8,10,8,8,corto,
2022/03/23,Boca,completo ,10:52:58,13:12:50,Perdida,,01:00:11,01:00:11,0.000,,Volver,,8,8,Robo,
2022/03/23,Boca,completo ,10:52:58,13:12:50,Pelota parada,,01:00:20,01:00:26,6.000,,5,2,1,3,Tiro libre,
2022/03/23,Boca,completo ,10:52:58,13:12:50,Pase,,01:00:27,01:00:27,0.000,,8,5,2,4,corto,
2022/03/23,Boca,completo ,10:52:58,13:12:50,Pase,,01:00:33,01:00:33,0.000,,10,3,5,8,largo,
2022/03/23,Boca,completo ,10:52:58,13:12:50,Pase,,01:00:40,01:00:40,0.000,,7,6,3,10,medio,
2022/03/23,Boca,completo ,10:52:58,13:12:50,Pase,,01:00:42,01:00:42,0.000,,8,2,6,7,corto,
2022/03/23,Boca,completo ,10:52:58,13:12:50,Pase,,01:00:50,01:00:50,0.000,,13,3,2,8,largo,
2022/03/23,Boca,completo ,10:52:58,13:12:50,Pase,,01:00:55,01:00:55,0.000,,16,11,3,13,corto,
2022/03/23,Boca,completo ,10:52:58,13:12:50,Pase,,01:00:59,01:00:59,0.000,,17,10,11,16,corto,
2022/03/23,Boca,completo ,10:52:58,13:12:50,Pase,,01:01:03,01:01:03,0.000,,18,7,10,17,largo,
2022/03/23,Boca,completo ,10:52:58,13:12:50,Remate pie,,01:01:06,01:01:12,6.000,,Volver,,7,18,Media distancia,
2022/03/23,Boca,completo ,10:52:58,13:12:50,Perdida,,01:01:10,01:01:10,0.000,,Volver,,7,18,Balon afuera fondo,
2022/03/23,Boca,completo ,10:52:58,13:12:50,Recuperacion,,01:01:54,01:01:54,0.000,,Volver,,2,6,Intercepcion,
2022/03/23,Boca,completo ,10:52:58,13:12:50,Pase,,01:01:59,01:01:59,0.000,,9,7,2,6,medio,
2022/03/23,Boca,completo ,10:52:58,13:12:50,Falta,,01:01:57,01:02:03,6.000,,Volver,,7,9,Recibida,
2022/03/23,Boca,completo ,10:52:58,13:12:50,Pelota parada,,01:02:10,01:02:16,6.000,,9,8,2,9,Tiro libre,
2022/03/23,Boca,completo ,10:52:58,13:12:50,Pase,,01:02:24,01:02:24,0.000,,7,6,8,8,corto,
2022/03/23,Boca,completo ,10:52:58,13:12:50,Pase,,01:02:26,01:02:26,0.000,,8,8,6,7,corto,
2022/03/23,Boca,completo ,10:52:58,13:12:50,Pase,,01:02:30,01:02:30,0.000,,18,4,8,8,largo,
2022/03/23,Boca,completo ,10:52:58,13:12:50,Pase,,01:02:33,01:02:33,0.000,,24,7,4,18,inteligente,
2022/03/23,Boca,completo ,10:52:58,13:12:50,Remate pie,,01:02:33,01:02:39,6.000,,Volver,,7,24,Remate bloqueado,
2022/03/23,Boca,completo ,10:52:58,13:12:50,Perdida,,01:02:36,01:02:36,0.000,,Volver,,7,24,Balon afuera lateral,
2022/03/23,Boca,completo ,10:52:58,13:12:50,Pelota parada,,01:02:55,01:03:01,6.000,,23,9,4,24,Lateral largo,
2022/03/23,Boca,completo ,10:52:58,13:12:50,Perdida,,01:03:00,01:03:00,0.000,,Volver,,4,24,Interceptado,
2022/03/23,Boca,completo ,10:52:58,13:12:50,Recuperacion,,01:03:04,01:03:04,0.000,,Volver,,2,14,Encontrada,
2022/03/23,Boca,completo ,10:52:58,13:12:50,Pase,,01:03:06,01:03:06,0.000,,14,8,2,14,corto,
2022/03/23,Boca,completo ,10:52:58,13:12:50,Pase,,01:03:07,01:03:07,0.000,,14,3,8,14,corto,
2022/03/23,Boca,completo ,10:52:58,13:12:50,Pase,,01:03:11,01:03:11,0.000,,14,10,3,14,corto,
2022/03/23,Boca,completo ,10:52:58,13:12:50,Pase,,01:03:14,01:03:14,0.000,,14,8,10,14,corto,
2022/03/23,Boca,completo ,10:52:58,13:12:50,Pase,,01:03:17,01:03:17,0.000,,24,7,8,11,largo,
2022/03/23,Boca,completo ,10:52:58,13:12:50,Pase,,01:03:22,01:03:22,0.000,,21,11,7,24,centro aereo,
2022/03/23,Boca,completo ,10:52:58,13:12:50,Remate cabeza,,01:03:21,01:03:27,6.000,,Volver,,11,21,Remate bloqueado,
2022/03/23,Boca,completo ,10:52:58,13:12:50,Perdida,,01:03:26,01:03:26,0.000,,Volver,,11,21,Atajada,
2022/03/23,Boca,completo ,10:52:58,13:12:50,Recuperacion,,01:03:38,01:03:38,0.000,,Volver,,3,10,Intercepcion,
2022/03/23,Boca,completo ,10:52:58,13:12:50,Pase,,01:03:44,01:03:44,0.000,,20,9,3,10,inteligente,
2022/03/23,Boca,completo ,10:52:58,13:12:50,Pase,,01:03:50,01:03:50,0.000,,21,10,9,20,corto,
2022/03/23,Boca,completo ,10:52:58,13:12:50,Perdida,,01:03:53,01:03:53,0.000,,21,10,9,20,Interceptado,
2022/03/23,Boca,completo ,10:52:58,13:12:50,Recuperacion,,01:03:59,01:03:59,0.000,,Volver,,1,8,Encontrada,
2022/03/23,Boca,completo ,10:52:58,13:12:50,Pase,,01:04:02,01:04:02,0.000,,8,2,1,8,corto,
2022/03/23,Boca,completo ,10:52:58,13:12:50,Pase,,01:04:04,01:04:04,0.000,,15,4,2,8,largo,
2022/03/23,Boca,completo ,10:52:58,13:12:50,Pase,,01:04:10,01:04:10,0.000,,12,2,4,15,medio,
2022/03/23,Boca,completo ,10:52:58,13:12:50,Pase,,01:04:14,01:04:14,0.000,,11,6,2,12,corto,
2022/03/23,Boca,completo ,10:52:58,13:12:50,Pase,,01:04:18,01:04:18,0.000,,12,2,6,11,corto,
2022/03/23,Boca,completo ,10:52:58,13:12:50,Duelo,,01:04:17,01:04:23,6.000,,Volver,,2,15,Gambeta a favor,
2022/03/23,Boca,completo ,10:52:58,13:12:50,Pase,,01:04:26,01:04:26,0.000,,19,11,2,15,largo,
2022/03/23,Boca,completo ,10:52:58,13:12:50,Falta,,01:04:26,01:04:32,6.000,,Volver,,11,19,Offside,
2022/03/23,Boca,completo ,10:52:58,13:12:50,Recuperacion,,01:05:05,01:05:05,0.000,,Volver,,2,8,Intercepcion,
2022/03/23,Boca,completo ,10:52:58,13:12:50,Pase,,01:05:08,01:05:08,0.000,,8,4,2,8,corto,
2022/03/23,Boca,completo ,10:52:58,13:12:50,Pase,,01:05:11,01:05:11,0.000,,8,5,4,8,corto,
2022/03/23,Boca,completo ,10:52:58,13:12:50,Pase,,01:05:13,01:05:13,0.000,,10,10,5,8,medio,
2022/03/23,Boca,completo ,10:52:58,13:12:50,Pase,,01:05:18,01:05:18,0.000,,16,11,10,13,corto,
2022/03/23,Boca,completo ,10:52:58,13:12:50,Pase,,01:05:24,01:05:24,0.000,,17,8,11,16,medio,
2022/03/23,Boca,completo ,10:52:58,13:12:50,Pase,,01:05:29,01:05:29,0.000,,16,10,8,17,corto,
2022/03/23,Boca,completo ,10:52:58,13:12:50,Pase,,01:05:32,01:05:32,0.000,,23,7,10,16,largo,
2022/03/23,Boca,completo ,10:52:58,13:12:50,Pase,,01:05:41,01:05:41,0.000,,19,11,7,23,largo,
2022/03/23,Boca,completo ,10:52:58,13:12:50,Pase,,01:05:49,01:05:49,0.000,,16,3,11,19,corto,
2022/03/23,Boca,completo ,10:52:58,13:12:50,Pase,,01:05:52,01:05:52,0.000,,23,7,3,16,centro aereo,
2022/03/23,Boca,completo ,10:52:58,13:12:50,Remate cabeza,,01:05:52,01:05:58,6.000,,Volver,,7,23,Facil,
2022/03/23,Boca,completo ,10:52:58,13:12:50,Perdida,,01:05:55,01:05:55,0.000,,Volver,,7,23,Balon afuera fondo,
2022/03/23,Boca,completo ,10:52:58,13:12:50,Arquero,,01:22:20,01:22:26,6.000,Media,Volver,,1,3,Salida aerea,
2022/03/23,Boca,completo ,10:52:58,13:12:50,Pase,,01:22:30,01:22:30,0.000,,2,6,1,3,S arquero mano,
2022/03/23,Boca,completo ,10:52:58,13:12:50,Pase,,01:22:38,01:22:38,0.000,,2,2,6,7,corto,
2022/03/23,Boca,completo ,10:52:58,13:12:50,Pase,,01:22:40,01:22:40,0.000,,8,8,2,2,corto,
2022/03/23,Boca,completo ,10:52:58,13:12:50,Pase,,01:22:45,01:22:45,0.000,,11,5,8,8,corto,
2022/03/23,Boca,completo ,10:52:58,13:12:50,Pase,,01:22:48,01:22:48,0.000,,10,3,5,11,corto,
2022/03/23,Boca,completo ,10:52:58,13:12:50,Pase,,01:22:51,01:22:51,0.000,,14,10,3,10,medio,
2022/03/23,Boca,completo ,10:52:58,13:12:50,Pase,,01:23:00,01:23:00,0.000,,16,3,10,16,corto,
2022/03/23,Boca,completo ,10:52:58,13:12:50,Pase,,01:23:05,01:23:05,0.000,,23,7,3,16,medio,
2022/03/23,Boca,completo ,10:52:58,13:12:50,Perdida,,01:23:09,01:23:09,0.000,,Volver,,7,23,Interceptado,
2022/03/23,Boca,completo ,10:52:58,13:12:50,Recuperacion,,01:23:12,01:23:12,0.000,,Volver,,6,11,Intercepcion,
2022/03/23,Boca,completo ,10:52:58,13:12:50,Pase,,01:23:13,01:23:13,0.000,,14,8,6,11,corto,
2022/03/23,Boca,completo ,10:52:58,13:12:50,Pase,,01:23:17,01:23:17,0.000,,4,1,8,14,largo,
2022/03/23,Boca,completo ,10:52:58,13:12:50,Pase,,01:23:20,01:23:20,0.000,,8,6,1,4,corto,
2022/03/23,Boca,completo ,10:52:58,13:12:50,Pase,,01:23:24,01:23:24,0.000,,7,5,6,8,corto,
2022/03/23,Boca,completo ,10:52:58,13:12:50,Pase,,01:23:28,01:23:28,0.000,,13,3,5,10,corto,
2022/03/23,Boca,completo ,10:52:58,13:12:50,Pase,,01:23:32,01:23:32,0.000,,10,5,3,13,corto,
2022/03/23,Boca,completo ,10:52:58,13:12:50,Pase,,01:23:35,01:23:35,0.000,,8,6,5,10,corto,
2022/03/23,Boca,completo ,10:52:58,13:12:50,Pase,,01:23:39,01:23:39,0.000,,9,2,6,7,medio,
2022/03/23,Boca,completo ,10:52:58,13:12:50,Pase,,01:23:46,01:23:46,0.000,,10,3,2,9,medio,
2022/03/23,Boca,completo ,10:52:58,13:12:50,Pase,,01:23:49,01:23:49,0.000,,13,5,3,13,corto,
2022/03/23,Boca,completo ,10:52:58,13:12:50,Perdida,,01:23:51,01:23:51,0.000,,Volver,,3,13,Robo,
2022/03/23,Boca,completo ,10:52:58,13:12:50,Recuperacion,,01:24:06,01:24:06,0.000,,Volver,,4,12,Duelo,
2022/03/23,Boca,completo ,10:52:58,13:12:50,Pase,,01:24:12,01:24:12,0.000,,9,2,4,12,corto,
2022/03/23,Boca,completo ,10:52:58,13:12:50,Pase,,01:24:17,01:24:17,0.000,,18,7,2,9,largo,
2022/03/23,Boca,completo ,10:52:58,13:12:50,Pase,,01:24:24,01:24:24,0.000,,22,9,7,23,corto,
2022/03/23,Boca,completo ,10:52:58,13:12:50,Perdida,,01:24:25,01:24:25,0.000,,Volver,,7,23,Interceptado,
2022/03/23,Boca,completo ,10:52:58,13:12:50,Recuperacion,,01:24:28,01:24:28,0.000,,Volver,,4,18,Intercepcion,
2022/03/23,Boca,completo ,10:52:58,13:12:50,Pase,,01:24:31,01:24:31,0.000,,18,8,4,18,corto,
2022/03/23,Boca,completo ,10:52:58,13:12:50,Pase,,01:24:34,01:24:34,0.000,,17,5,8,18,corto,
2022/03/23,Boca,completo ,10:52:58,13:12:50,Pase,,01:24:37,01:24:37,0.000,,17,10,5,17,medio,
2022/03/23,Boca,completo ,10:52:58,13:12:50,Remate pie,,01:24:37,01:24:43,6.000,,Volver,,10,17,Media distancia,
2022/03/23,Boca,completo ,10:52:58,13:12:50,Perdida,,01:24:40,01:24:40,0.000,,Volver,,10,17,Balon afuera fondo,
2022/03/23,Boca,completo ,10:52:58,13:12:50,Recuperacion,,01:25:12,01:25:12,0.000,,Volver,,6,2,Duelo,
2022/03/23,Boca,completo ,10:52:58,13:12:50,Pase,,01:25:13,01:25:13,0.000,,1,6,6,2,corto,
2022/03/23,Boca,completo ,10:52:58,13:12:50,Pase,,01:25:20,01:25:20,0.000,,13,10,3,10,medio,
2022/03/23,Boca,completo ,10:52:58,13:12:50,Perdida,,01:25:26,01:25:26,0.000,,Volver,,10,13,Interceptado,
2022/03/23,Boca,completo ,10:52:58,13:12:50,Recuperacion,,01:25:35,01:25:35,0.000,,Volver,,5,8,Intercepcion,
2022/03/23,Boca,completo ,10:52:58,13:12:50,Pase,,01:25:40,01:25:40,0.000,,10,10,8,7,corto,
2022/03/23,Boca,completo ,10:52:58,13:12:50,Duelo,,01:25:40,01:25:46,6.000,,Volver,,10,13,Disputa suelo,
2022/03/23,Boca,completo ,10:52:58,13:12:50,Perdida,,01:25:44,01:25:44,0.000,,Volver,,10,13,Balon afuera lateral,
2022/03/23,Boca,completo ,10:52:58,13:12:50,Recuperacion,,01:26:20,01:26:20,0.000,,Volver,,7,12,Intercepcion,
2022/03/23,Boca,completo ,10:52:58,13:12:50,Pase,,01:26:21,01:26:21,0.000,,12,8,7,12,corto,
2022/03/23,Boca,completo ,10:52:58,13:12:50,Pase,,01:26:24,01:26:24,0.000,,15,9,8,12,medio,
2022/03/23,Boca,completo ,10:52:58,13:12:50,Pase,,01:26:28,01:26:28,0.000,,18,10,9,15,corto,
2022/03/23,Boca,completo ,10:52:58,13:12:50,Perdida,,01:26:30,01:26:30,0.000,,Volver,,10,18,Interceptado,
2022/03/23,Boca,completo ,10:52:58,13:12:50,Falta,,01:26:28,01:26:34,6.000,,Volver,,10,18,Hecha,
2022/03/23,Boca,completo ,10:52:58,13:12:50,Pelota parada,,01:27:33,01:27:39,6.000,,8,6,4,9,Lateral largo,
2022/03/23,Boca,completo ,10:52:58,13:12:50,Pase,,01:27:46,01:27:46,0.000,,8,5,6,8,corto,
2022/03/23,Boca,completo ,10:52:58,13:12:50,Pase,,01:27:48,01:27:48,0.000,,12,4,5,8,medio,
2022/03/23,Boca,completo ,10:52:58,13:12:50,Pase,,01:27:50,01:27:50,0.000,,11,8,4,12,corto,
2022/03/23,Boca,completo ,10:52:58,13:12:50,Falta,,01:27:52,01:27:58,6.000,,Volver,,8,11,Recibida,
2022/03/23,Boca,completo ,10:52:58,13:12:50,Pelota parada,,01:28:02,01:28:08,6.000,,10,6,2,11,Tiro libre,
2022/03/23,Boca,completo ,10:52:58,13:12:50,Pase,,01:28:07,01:28:07,0.000,,16,3,6,10,largo,
2022/03/23,Boca,completo ,10:52:58,13:12:50,Pase,,01:28:10,01:28:10,0.000,,21,9,3,16,largo,
2022/03/23,Boca,completo ,10:52:58,13:12:50,Remate pie,,01:28:11,01:28:17,6.000,,Volver,,9,21,Corta distancia,
2022/03/23,Boca,completo ,10:52:58,13:12:50,Perdida,,01:28:16,01:28:16,0.000,,Volver,,9,22,Atajada,
2022/03/23,Boca,completo ,10:52:58,13:12:50,Pelota parada,,01:28:36,01:28:42,6.000,,22,Rival,4,24,Tiro de esquina,
2022/03/23,Boca,completo ,10:52:58,13:12:50,Perdida,,01:28:41,01:28:41,0.000,,22,Rival,4,24,intercepcion aereo,
2022/03/23,Boca,completo ,10:52:58,13:12:50,Recuperacion,,01:30:23,01:30:23,0.000,,Volver,,11,8,Intercepcion,
2022/03/23,Boca,completo ,10:52:58,13:12:50,Duelo,,01:30:21,01:30:27,6.000,,Volver,,11,8,Gambeta a favor,
2022/03/23,Boca,completo ,10:52:58,13:12:50,Pase,,01:30:27,01:30:27,0.000,,12,7,11,8,corto,
2022/03/23,Boca,completo ,10:52:58,13:12:50,Pase,,01:30:28,01:30:28,0.000,,12,11,7,12,corto,
2022/03/23,Boca,completo ,10:52:58,13:12:50,Pase,,01:30:34,01:30:34,0.000,,18,9,11,12,largo,
2022/03/23,Boca,completo ,10:52:58,13:12:50,Perdida,,01:30:34,01:30:34,0.000,,Volver,,11,12,Interceptado,
2022/03/23,Boca,completo ,10:52:58,13:12:50,Recuperacion,,01:30:37,01:30:37,0.000,,Volver,,4,15,Intercepcion aereo,
2022/03/23,Boca,completo ,10:52:58,13:12:50,Pase,,01:30:39,01:30:39,0.000,,17,10,4,15,medio,
2022/03/23,Boca,completo ,10:52:58,13:12:50,Pelota parada,,01:31:42,01:31:48,6.000,,,,11,14,Tiro libre,
2022/03/23,Boca,completo ,10:52:58,13:12:50,Falta,,01:30:42,01:30:48,6.000,,Volver,,10,14,Recibida,
2022/03/23,Boca,completo ,10:52:58,13:12:50,Perdida,,01:31:45,01:31:45,0.000,,Volver,,11,14,intercepcion aereo,
2022/03/23,Boca,completo ,10:52:58,13:12:50,Recuperacion,,01:31:48,01:31:48,0.000,,Volver,,10,14,Intercepcion,
2022/03/23,Boca,completo ,10:52:58,13:12:50,Pase,,01:31:52,01:31:52,0.000,,18,8,10,14,medio,
2022/03/23,Boca,completo ,10:52:58,13:12:50,Falta,,01:31:55,01:32:01,6.000,,,,9,21,Offside,
2022/03/23,Boca,completo ,10:52:58,13:12:50,Perdida,,01:32:00,01:32:00,0.000,,Volver,,9,21,Error tactico,
2022/03/23,Boca,completo ,10:52:58,13:12:50,Arquero,,01:32:11,01:32:17,6.000,,Volver,,1,3,Remate atajable,
2022/03/23,Boca,completo ,10:52:58,13:12:50,Pase,,01:32:21,01:32:21,0.000,,7,3,1,3,S arquero mano,
2022/03/23,Boca,completo ,10:52:58,13:12:50,Pase,,01:32:26,01:32:26,0.000,,8,6,3,7,corto,
2022/03/23,Boca,completo ,10:52:58,13:12:50,Pase,,01:32:28,01:32:28,0.000,,8,5,6,8,corto,
2022/03/23,Boca,completo ,10:52:58,13:12:50,Pase,,01:32:34,01:32:34,0.000,,3,1,5,8,corto,
2022/03/23,Boca,completo ,10:52:58,13:12:50,Pase,,01:32:36,01:32:36,0.000,,5,2,1,3,corto,
2022/03/23,Boca,completo ,10:52:58,13:12:50,Pase,,01:32:39,01:32:39,0.000,,12,7,2,6,medio,
2022/03/23,Boca,completo ,10:52:58,13:12:50,Perdida,,01:32:39,01:32:39,0.000,,Volver,,2,6,Interceptado,
2022/03/23,Boca,completo ,10:52:58,13:12:50,Recuperacion,,01:32:47,01:32:47,0.000,,Volver,,10,8,Intercepcion,
2022/03/23,Boca,completo ,10:52:58,13:12:50,Pase,,01:32:51,01:32:51,0.000,,10,11,10,7,inteligente,
2022/03/23,Boca,completo ,10:52:58,13:12:50,Perdida,,01:32:59,01:32:59,0.000,,Volver,,11,19,Duelo,
2022/03/23,Boca,completo ,10:52:58,13:12:50,Pelota parada,,01:33:31,01:33:37,6.000,,Volver,,11,19,Tiro de esquina,
2022/03/23,Boca,completo ,10:52:58,13:12:50,Duelo,,01:33:31,01:33:37,6.000,,Volver,,5,21,Aereo,
2022/03/23,Boca,completo ,10:52:58,13:12:50,Pase,,01:33:34,01:33:34,0.000,,22,4,5,22,corto,
2022/03/23,Boca,completo ,10:52:58,13:12:50,Remate pie,,01:33:32,01:33:38,6.000,,Volver,,4,22,Remate bloqueado,
2022/03/23,Boca,completo ,10:52:58,13:12:50,Recuperacion,,01:33:40,01:33:40,0.000,,Volver,,8,14,Intercepcion,
2022/03/23,Boca,completo ,10:52:58,13:12:50,Pase,,01:33:47,01:33:47,0.000,,18,7,8,17,corto,
2022/03/23,Boca,completo ,10:52:58,13:12:50,Pase,,01:33:50,01:33:50,0.000,,20,11,7,18,centro aereo,
2022/03/23,Boca,completo ,10:52:58,13:12:50,Pase,,01:33:53,01:33:53,0.000,,16,10,11,20,corto,
2022/03/23,Boca,completo ,10:52:58,13:12:50,Perdida,,01:34:01,01:34:01,0.000,,Volver,,10,20,Balon afuera fondo,
2022/03/23,Boca,completo ,10:52:58,13:12:50,Perdida,,00:42:50,00:42:50,0.000,,Volver,,7,24,Balon afuera fondo,
2022/03/23,Boca,completo ,10:52:58,13:12:50,Recuperacion,,00:43:34,00:43:34,0.000,,Volver,,8,14,Encontrada,
2022/03/23,Boca,completo ,10:52:58,13:12:50,Pase,,00:39:16,00:39:16,0.000,,17,5,4,18,corto,
2022/03/23,Boca,completo ,10:52:58,13:12:50,Pase,,00:39:19,00:39:19,0.000,,17,11,5,17,corto,
2022/03/23,Boca,completo ,10:52:58,13:12:50,Pase,,00:39:21,00:39:21,0.000,,17,10,11,17,corto,
2022/03/23,Boca,completo ,10:52:58,13:12:50,Pase,,00:20:31,00:20:31,0.000,,15,4,5,15,corto,
2022/03/23,Boca,completo ,10:52:58,13:12:50,Pase,,00:20:32,00:20:32,0.000,,15,5,4,15,corto,
2022/03/23,Boca,completo ,10:52:58,13:12:50,Pase,,00:20:45,00:20:45,0.000,,18,4,8,18,corto,
2022/03/23,Boca,completo ,10:52:58,13:12:50,Pase,,00:20:47,00:20:47,0.000,,18,7,4,18,corto,
2022/03/23,Boca,completo ,10:52:58,13:12:50,Perdida,,00:20:52,00:20:52,0.000,,Volver,,7,22,Atajada,
2022/03/23,Boca,completo ,10:52:58,13:12:50,Pase,,00:20:51,00:20:51,0.000,,Volver,,7,24,centro aereo,
2022/03/23,Boca,completo ,10:52:58,13:12:50,Pase,,00:21:26,00:21:26,0.000,,10,6,3,10,corto,
2022/03/23,Boca,completo ,10:52:58,13:12:50,Pase,,00:21:28,00:21:28,0.000,,16,11,6,11,largo,
2022/03/23,Boca,completo ,10:52:58,13:12:50,Recuperacion,,00:22:12,00:22:12,0.000,,,,2,4,Intercepcion aereo,
2022/03/23,Boca,completo ,10:52:58,13:12:50,Pase,,00:22:13,00:22:13,0.000,,7,8,2,4,medio,
2022/03/23,Boca,completo ,10:52:58,13:12:50,Pase,,00:22:13,00:22:13,0.000,,11,10,8,8,medio,
2022/03/23,Boca,completo ,10:52:58,13:12:50,Duelo,,00:22:18,00:22:24,6.000,,Volver,,10,17,Gambeta a favor,
2022/03/23,Boca,completo ,10:52:58,13:12:50,Perdida,,00:22:24,00:22:24,0.000,,Volver,,10,17,Error tecnico,
2022/03/23,Boca,completo ,10:52:58,13:12:50,Recuperacion,,00:22:48,00:22:48,0.000,,Volver,,6,1,Intercepcion,
2022/03/23,Boca,completo ,10:52:58,13:12:50,Pase,,00:22:50,00:22:50,0.000,,3,1,6,1,corto,
2022/03/23,Boca,completo ,10:52:58,13:12:50,Pase,,00:22:54,00:22:54,0.000,,11,7,1,3,largo,
2022/03/23,Boca,completo ,10:52:58,13:12:50,Pase,,00:22:57,00:22:57,0.000,,9,4,7,11,corto,
2022/03/23,Boca,completo ,10:52:58,13:12:50,Pase,,00:22:58,00:22:58,0.000,,8,5,4,9,corto,
2022/03/23,Boca,completo ,10:52:58,13:12:50,Pase,,00:23:01,00:23:01,0.000,,13,11,5,8,largo,
2022/03/23,Boca,completo ,10:52:58,13:12:50,Perdida,,00:23:02,00:23:02,0.000,,Volver,,5,8,Interceptado,
2022/03/23,Boca,completo ,10:52:58,13:12:50,Pase,,00:24:09,00:24:09,0.000,,8,3,4,9,corto,
2022/03/23,Boca,completo ,10:52:58,13:12:50,Pase,,00:24:10,00:24:10,0.000,,9,2,3,8,corto,
2022/03/23,Boca,completo ,10:52:58,13:12:50,Perdida,,00:24:11,00:24:11,0.000,,,,3,8,Interceptado,
2022/03/23,Boca,completo ,10:52:58,13:12:50,Pase,,00:25:33,00:25:33,0.000,,20,9,5,16,corto,
2022/03/23,Boca,completo ,10:52:58,13:12:50,Remate pie,,00:25:34,00:25:34,0.000,,Volver,,9,20,Remate bloqueado,
2022/03/23,Boca,completo ,10:52:58,13:12:50,Pase,,00:26:54,00:26:54,0.000,,10,10,11,7,corto,
2022/03/23,Boca,completo ,10:52:58,13:12:50,Pase,,00:26:57,00:26:57,0.000,,7,6,8,7,corto,
2022/03/23,Boca,completo ,10:52:58,13:12:50,Pase,,00:26:57,00:26:57,0.000,,11,7,6,7,medio,
2022/03/23,Boca,completo ,10:52:58,13:12:50,Pelota parada,,00:27:23,00:27:23,0.000,,Volver,,6,9,Tiro libre,
2022/03/23,Boca,completo ,10:52:58,13:12:50,Pase,,00:27:25,00:27:25,0.000,,9,2,6,9,corto,
2022/03/23,Boca,completo ,10:52:58,13:12:50,Pase,,00:27:27,00:27:27,0.000,,9,6,2,9,corto,
2022/03/23,Boca,completo ,10:52:58,13:12:50,Pase,,00:27:30,00:27:30,0.000,,3,1,6,8,corto,
2022/03/23,Boca,completo ,10:52:58,13:12:50,Pase,,00:28:03,00:28:03,0.000,,Volver,,1,3,S arquero pie,
2022/03/23,Boca,completo ,10:52:58,13:12:50,Pase,,00:28:06,00:28:06,0.000,,5,2,1,3,corto,
2022/03/23,Boca,completo ,10:52:58,13:12:50,Pase,,00:28:08,00:28:08,0.000,,6,4,2,5,corto,
2022/03/23,Boca,completo ,10:52:58,13:12:50,Pase,,00:28:11,00:28:11,0.000,,9,7,4,6,medio,
2022/03/23,Boca,completo ,10:52:58,13:12:50,Pase,,00:28:14,00:28:14,0.000,,9,4,7,9,corto,
2022/03/23,Boca,completo ,10:52:58,13:12:50,Pase,,00:28:23,00:28:23,0.000,,8,8,2,9,corto,
2022/03/23,Boca,completo ,10:52:58,13:12:50,Pelota parada,,00:28:25,00:28:25,0.000,,Volver,,5,8,Tiro libre,
2022/03/23,Boca,completo ,10:52:58,13:12:50,Pase,,00:28:41,00:28:41,0.000,,9,2,5,8,medio,
2022/03/23,Boca,completo ,10:52:58,13:12:50,Pase,,00:28:44,00:28:44,0.000,,8,5,2,9,medio,
2022/03/23,Boca,completo ,10:52:58,13:12:50,Pase,,00:28:47,00:28:47,0.000,,10,3,5,8,medio,
2022/03/23,Boca,completo ,10:52:58,13:12:50,Pase,,00:29:01,00:29:01,0.000,,16,11,10,16,corto,
2022/03/23,Boca,completo ,10:52:58,13:12:50,Pase,,00:29:02,00:29:02,0.000,,16,5,11,16,corto,
2022/03/23,Boca,completo ,10:52:58,13:12:50,Pase,,00:29:02,00:29:02,0.000,,Volver,,5,13,centro aereo,
2022/03/23,Boca,completo ,10:52:58,13:12:50,Pase,,00:29:30,00:29:30,0.000,,10,3,11,13,corto,
2022/03/23,Boca,completo ,10:52:58,13:12:50,Pase,,00:29:31,00:29:31,0.000,,13,8,3,13,corto,
2022/03/23,Boca,completo ,10:52:58,13:12:50,Pase,,00:29:33,00:29:33,0.000,,16,11,8,13,medio,
2022/03/23,Boca,completo ,10:52:58,13:12:50,Pase,,00:36:52,00:36:52,0.000,,3,2,1,3,corto,
2022/03/23,Boca,completo ,10:52:58,13:12:50,Pase,,00:36:54,00:36:54,0.000,,1,3,2,3,largo,
2022/03/23,Boca,completo ,10:52:58,13:12:50,Pase,,00:36:25,00:36:25,0.000,,8,4,6,8,corto,
2022/03/23,Boca,completo ,10:52:58,13:12:50,Perdida,,00:36:26,00:36:26,0.000,,Volver,,4,8,Interceptado,
2022/03/23,Boca,completo ,10:52:58,13:12:50,Perdida,,00:37:10,00:37:10,0.000,,12,7,6,7,Balon afuera lateral,
2022/03/23,Boca,completo ,10:52:58,13:12:50,Pase,,00:37:58,00:37:58,0.000,,9,4,5,9,corto,
2022/03/23,Boca,completo ,10:52:58,13:12:50,Pase,,00:38:01,00:38:01,0.000,,12,7,4,9,corto,
2022/03/23,Boca,completo ,10:52:58,13:12:50,Perdida,,00:38:01,00:38:01,0.000,,Volver,,4,9,Interceptado,
2022/03/23,Boca,completo ,10:52:58,13:12:50,Pelota parada,,01:34:26,01:34:26,0.000,,,,10,19,Tiro de esquina,
2022/03/23,Boca,completo ,10:52:58,13:12:50,Pase,,01:34:27,01:34:27,0.000,,22,9,10,19,centro aereo,
2022/03/23,Boca,completo ,10:52:58,13:12:50,Perdida,,01:34:27,01:34:27,0.000,,Volver,,10,19,intercepcion aereo,
2022/03/23,Boca,completo ,10:52:58,13:12:50,Pelota parada,,01:34:37,01:34:37,0.000,,Volver,,11,19,Tiro de esquina,
2022/03/23,Boca,completo ,10:52:58,13:12:50,Pase,,01:34:46,01:34:46,0.000,,21,9,11,19,medio,
2022/03/23,Boca,completo ,10:52:58,13:12:50,Pase,,01:34:48,01:34:48,0.000,,19,11,9,21,medio,
2022/03/23,Boca,completo ,10:52:58,13:12:50,Perdida,,01:34:55,01:34:55,0.000,,Volver,,11,16,Duelo,
2022/03/23,Boca,completo ,10:52:58,13:12:50,Falta,,01:35:26,01:35:26,0.000,,Volver,,6,7,Recibida,
2022/03/23,Boca,completo ,10:52:58,13:12:50,Pelota parada,,01:35:35,01:35:35,0.000,,Volver,,2,7,Tiro libre,
2022/03/23,Boca,completo ,10:52:58,13:12:50,Pase,,01:35:36,01:35:36,0.000,,7,6,2,7,corto,
2022/03/23,Boca,completo ,10:52:58,13:12:50,Pase,,01:35:36,01:35:36,0.000,,8,2,6,7,corto,
2022/03/23,Boca,completo ,10:52:58,13:12:50,Pase,,01:35:41,01:35:41,0.000,,12,4,2,8,medio,
2022/03/23,Boca,completo ,10:52:58,13:12:50,Pase,,01:35:45,01:35:45,0.000,,24,7,4,12,largo,
2022/03/23,Boca,completo ,10:52:58,13:12:50,Perdida,,01:35:46,01:35:46,0.000,,Volver,,4,12,Error tactico,
2022/03/23,Boca,completo ,10:52:58,13:12:50,Pase,,01:36:21,01:36:21,0.000,,5,2,1,3,S arquero mano,
2022/03/23,Boca,completo ,10:52:58,13:12:50,Pase,,01:36:23,01:36:23,0.000,,8,5,2,5,medio,
2022/03/23,Boca,completo ,10:52:58,13:12:50,Pase,,01:36:30,01:36:30,0.000,,10,3,5,8,medio,
2022/03/23,Boca,completo ,10:52:58,13:12:50,Pase,,01:36:32,01:36:32,0.000,,13,11,3,10,medio,
2022/03/23,Boca,completo ,10:52:58,13:12:50,Pase,,01:36:34,01:36:34,0.000,,13,3,11,13,corto,
2022/03/23,Boca,completo ,10:52:58,13:12:50,Pase,,01:36:35,01:36:35,0.000,,13,11,3,13,corto,
2022/03/23,Boca,completo ,10:52:58,13:12:50,Pase,,01:36:36,01:36:36,0.000,,14,5,11,13,corto,
2022/03/23,Boca,completo ,10:52:58,13:12:50,Perdida,,01:36:38,01:36:38,0.000,,Volver,,5,14,Robo,
2022/03/23,Boca,completo ,10:52:58,13:12:50,Pase,,01:37:12,01:37:12,0.000,,11,5,1,3,S arquero pie,
2022/03/23,Boca,completo ,10:52:58,13:12:50,Pase,,01:37:14,01:37:14,0.000,,8,4,5,8,corto,
2022/03/23,Boca,completo ,10:52:58,13:12:50,Pase,,01:37:19,01:37:19,0.000,,7,6,4,8,medio,
2022/03/23,Boca,completo ,10:52:58,13:12:50,Pase,,01:37:22,01:37:22,0.000,,10,3,6,7,corto,
2022/03/23,Boca,completo ,10:52:58,13:12:50,Pase,,01:37:29,01:37:29,0.000,,14,10,3,14,corto,
2022/03/23,Boca,completo ,10:52:58,13:12:50,Perdida,,01:37:30,01:37:30,0.000,,Volver,,5,14,Interceptado,
2022/03/23,Boca,completo ,10:52:58,13:12:50,Pase,,01:37:36,01:37:36,0.000,,8,6,4,11,corto,
2022/03/23,Boca,completo ,10:52:58,13:12:50,Recuperacion,,01:37:35,01:37:35,0.000,,Volver,,4,11,Duelo,
2022/03/23,Boca,completo ,10:52:58,13:12:50,Pase,,01:37:37,01:37:37,0.000,,12,2,6,8,medio,
2022/03/23,Boca,completo ,10:52:58,13:12:50,Pase,,01:37:41,01:37:41,0.000,,15,7,2,12,medio,
2022/03/23,Boca,completo ,10:52:58,13:12:50,Perdida,,01:37:55,01:37:55,0.000,,Volver,,7,24,Duelo,
2022/03/23,Boca,completo ,10:52:58,13:12:50,Pelota parada,,01:39:14,01:39:14,0.000,,Volver,,3,7,Lateral corto,
2022/03/23,Boca,completo ,10:52:58,13:12:50,Pase,,01:39:14,01:39:14,0.000,,2,6,3,7,medio,
2022/03/23,Boca,completo ,10:52:58,13:12:50,Pase,,01:39:24,01:39:24,0.000,,12,3,6,8,medio,
2022/03/23,Boca,completo ,10:52:58,13:12:50,Pase,,01:39:29,01:39:29,0.000,,16,9,3,10,largo,
2022/03/23,Boca,completo ,10:52:58,13:12:50,Pase,,01:39:33,01:39:33,0.000,,14,5,9,16,medio,
2022/03/23,Boca,completo ,10:52:58,13:12:50,Duelo,,01:39:34,01:39:34,0.000,,Volver,,5,14,Gambeta a favor,
2022/03/23,Boca,completo ,10:52:58,13:12:50,Pase,,01:39:36,01:39:36,0.000,,13,3,5,16,corto,
2022/03/23,Boca,completo ,10:52:58,13:12:50,Pase,,01:39:38,01:39:38,0.000,,13,5,3,13,corto,
2022/03/23,Boca,completo ,10:52:58,13:12:50,Perdida,,01:39:38,01:39:38,0.000,,Volver,,3,13,Balon afuera lateral,
2022/03/23,Boca,completo ,10:52:58,13:12:50,Pelota parada,,01:39:42,01:39:42,0.000,,10,4,5,16,Lateral largo,
2022/03/23,Boca,completo ,10:52:58,13:12:50,Pase,,01:39:48,01:39:48,0.000,,10,5,4,10,corto,
2022/03/23,Boca,completo ,10:52:58,13:12:50,Pase,,01:39:51,01:39:51,0.000,,14,8,5,13,corto,
2022/03/23,Boca,completo ,10:52:58,13:12:50,Pase,,01:39:53,01:39:53,0.000,,11,4,8,14,medio,
2022/03/23,Boca,completo ,10:52:58,13:12:50,Pase,,01:39:55,01:39:55,0.000,,13,3,4,11,largo,
2022/03/23,Boca,completo ,10:52:58,13:12:50,Pase,,01:39:59,01:39:59,0.000,,16,11,3,13,corto,
2022/03/23,Boca,completo ,10:52:58,13:12:50,Pase,,01:40:03,01:40:03,0.000,,21,9,11,19,medio,
2022/03/23,Boca,completo ,10:52:58,13:12:50,Perdida,,01:40:04,01:40:04,0.000,,Volver,,11,19,Interceptado,
2022/03/23,Boca,completo ,10:52:58,13:12:50,Pelota parada,,01:40:21,01:40:21,0.000,,Volver,,11,19,Tiro de esquina,
2022/03/23,Boca,completo ,10:52:58,13:12:50,Perdida,,01:40:23,01:40:23,0.000,,Volver,,11,19,intercepcion aereo,
2022/03/23,Boca,completo ,10:52:58,13:12:50,Pase,,01:41:08,01:41:14,6.000,,9,4,6,4,medio,
2022/03/23,Boca,completo ,10:52:58,13:12:50,Pelota parada,,01:41:03,01:41:09,6.000,,Volver,,6,4,Tiro libre,
2022/03/23,Boca,completo ,10:52:58,13:12:50,Pase,,01:41:18,01:41:18,0.000,,12,7,4,12,corto,
2022/03/23,Boca,completo ,10:52:58,13:12:50,Pase,,01:41:20,01:41:20,0.000,,9,2,7,12,medio,
2022/03/23,Boca,completo ,10:52:58,13:12:50,Pase,,01:41:25,01:41:25,0.000,,10,6,2,11,medio,
2022/03/23,Boca,completo ,10:52:58,13:12:50,Pase,,01:41:29,01:41:29,0.000,,11,2,6,10,medio,
2022/03/23,Boca,completo ,10:52:58,13:12:50,Pase,,01:41:33,01:41:33,0.000,,11,5,2,11,corto,
2022/03/23,Boca,completo ,10:52:58,13:12:50,Pase,,01:41:36,01:41:36,0.000,,13,3,5,11,medio,
2022/03/23,Boca,completo ,10:52:58,13:12:50,Pase,,01:41:37,01:41:37,0.000,,13,11,3,13,corto,
2022/03/23,Boca,completo ,10:52:58,13:12:50,Pase,,01:41:42,01:41:42,0.000,,17,9,11,14,medio,
2022/03/23,Boca,completo ,10:52:58,13:12:50,Perdida,,01:41:42,01:41:42,0.000,,17,9,11,14,Interceptado,
2022/03/23,Boca,completo ,10:52:58,13:12:50,Falta,,01:41:46,01:41:46,0.000,,Volver,,7,17,Hecha,
2022/03/23,Boca,completo ,10:52:58,13:12:50,Sustitucion,,01:42:53,01:42:53,0.000,,,,9,,,
2022/03/23,Boca,completo ,10:52:58,13:12:50,Sustitucion,,01:42:18,01:42:18,0.000,,,,11,,,
2022/03/23,Boca,completo ,10:52:58,13:12:50,Sustitucion,,01:42:18,01:42:18,0.000,,,,11,,,
2022/03/23,Boca,completo ,10:52:58,13:12:50,Recuperacion,,01:43:14,01:43:14,0.000,,Volver,,22,11,Intercepcion aereo,
2022/03/23,Boca,completo ,10:52:58,13:12:50,Pase,,01:43:15,01:43:15,0.000,,12,4,22,11,corto,
2022/03/23,Boca,completo ,10:52:58,13:12:50,Pase,,01:43:20,01:43:20,0.000,,23,19,4,12,largo,
2022/03/23,Boca,completo ,10:52:58,13:12:50,Pase,,01:43:24,01:43:24,0.000,,17,10,19,20,corto,
2022/03/23,Boca,completo ,10:52:58,13:12:50,Perdida,,01:43:25,01:43:25,0.000,,Volver,,19,20,Interceptado,
2022/03/23,Boca,completo ,10:52:58,13:12:50,Pase,,01:44:22,01:44:22,0.000,,3,6,1,3,S arquero pie,
2022/03/23,Boca,completo ,10:52:58,13:12:50,Pase,,01:44:24,01:44:24,0.000,,3,2,6,3,corto,
2022/03/23,Boca,completo ,10:52:58,13:12:50,Pase,,01:44:27,01:44:27,0.000,,9,4,2,3,medio,
2022/03/23,Boca,completo ,10:52:58,13:12:50,Pase,,01:44:40,01:44:40,0.000,,8,5,4,9,corto,
2022/03/23,Boca,completo ,10:52:58,13:12:50,Pase,,01:44:44,01:44:44,0.000,,11,8,5,8,corto,
2022/03/23,Boca,completo ,10:52:58,13:12:50,Pase,,01:44:45,01:44:45,0.000,,12,4,8,11,corto,
2022/03/23,Boca,completo ,10:52:58,13:12:50,Pase,,01:44:47,01:44:47,0.000,,14,8,4,12,corto,
2022/03/23,Boca,completo ,10:52:58,13:12:50,Pase,,01:44:52,01:44:52,0.000,,24,7,8,15,largo,
2022/03/23,Boca,completo ,10:52:58,13:12:50,Perdida,,01:44:54,01:44:54,0.000,,Volver,,8,15,Balon afuera fondo,
2022/03/23,Boca,completo ,10:52:58,13:12:50,Pelota parada,,01:45:27,01:45:27,0.000,,Volver,,4,15,Lateral corto,
2022/03/23,Boca,completo ,10:52:58,13:12:50,Pase,,01:45:31,01:45:31,0.000,,15,7,4,15,corto,
2022/03/23,Boca,completo ,10:52:58,13:12:50,Falta,,01:45:34,01:45:34,0.000,,Volver,,7,12,Recibida,
2022/03/23,Boca,completo ,10:52:58,13:12:50,Pelota parada,,01:45:38,01:45:38,0.000,,,,7,12,Tiro libre,
2022/03/23,Boca,completo ,10:52:58,13:12:50,Pase,,01:45:57,01:45:57,0.000,,13,3,5,12,medio,
2022/03/23,Boca,completo ,10:52:58,13:12:50,Pase,,01:45:58,01:45:58,0.000,,13,5,7,11,medio,
2022/03/23,Boca,completo ,10:52:58,13:12:50,Pase,,01:45:59,01:45:59,0.000,,16,19,5,13,corto,
2022/03/23,Boca,completo ,10:52:58,13:12:50,Pase,,01:46:01,01:46:01,0.000,,17,22,19,17,corto,
2022/03/23,Boca,completo ,10:52:58,13:12:50,Pase,,01:46:03,01:46:03,0.000,,17,10,22,17,corto,
2022/03/23,Boca,completo ,10:52:58,13:12:50,Perdida,,01:46:04,01:46:04,0.000,,Volver,,10,17,Interceptado,
2022/03/23,Boca,completo ,10:52:58,13:12:50,Recuperacion,,01:46:10,01:46:10,0.000,,Volver,,6,13,intercepcion anticipo,
2022/03/23,Boca,completo ,10:52:58,13:12:50,Pase,,01:46:11,01:46:11,0.000,,13,19,6,13,corto,
2022/03/23,Boca,completo ,10:52:58,13:12:50,Pase,,01:46:15,01:46:15,0.000,,14,5,19,13,corto,
2022/03/23,Boca,completo ,10:52:58,13:12:50,Pase,,01:46:17,01:46:17,0.000,,17,22,5,14,medio,
2022/03/23,Boca,completo ,10:52:58,13:12:50,Pase,,01:46:18,01:46:18,0.000,,14,10,22,17,corto,
2022/03/23,Boca,completo ,10:52:58,13:12:50,Pase,,01:46:22,01:46:22,0.000,,18,7,10,14,medio,
2022/03/23,Boca,completo ,10:52:58,13:12:50,Perdida,,01:46:22,01:46:22,0.000,,Volver,,10,14,Interceptado,
2022/03/23,Boca,completo ,10:52:58,13:12:50,Pelota parada,,01:46:24,01:46:24,0.000,,,,,,Lateral corto,
2022/03/23,Boca,completo ,10:52:58,13:12:50,Pase,,01:46:30,01:46:30,0.000,,15,7,4,18,corto,
2022/03/23,Boca,completo ,10:52:58,13:12:50,Pase,,01:46:36,01:46:36,0.000,,18,10,19,18,corto,
2022/03/23,Boca,completo ,10:52:58,13:12:50,Pase,,01:46:31,01:46:31,0.000,,15,8,7,15,corto,
2022/03/23,Boca,completo ,10:52:58,13:12:50,Pase,,01:46:35,01:46:35,0.000,,18,19,8,15,corto,
2022/03/23,Boca,completo ,10:52:58,13:12:50,Pase,,01:46:38,01:46:38,0.000,,15,7,10,18,corto,
2022/03/23,Boca,completo ,10:52:58,13:12:50,Pase,,01:46:39,01:46:39,0.000,,12,2,7,15,corto,
2022/03/23,Boca,completo ,10:52:58,13:12:50,Pase,,01:46:40,01:46:40,0.000,,14,10,2,12,corto,
2022/03/23,Boca,completo ,10:52:58,13:12:50,Pase,,01:46:43,01:46:43,0.000,,10,4,10,14,medio,
2022/03/23,Boca,completo ,10:52:58,13:12:50,Pase,,01:46:46,01:46:46,0.000,,11,2,4,10,corto,
2022/03/23,Boca,completo ,10:52:58,13:12:50,Pase,,01:46:48,01:46:48,0.000,,14,8,2,11,corto,
2022/03/23,Boca,completo ,10:52:58,13:12:50,Pase,,01:46:50,01:46:50,0.000,,12,7,5,11,medio,
2022/03/23,Boca,completo ,10:52:58,13:12:50,Pase,,01:47:03,01:47:03,0.000,,24,19,7,12,largo,
2022/03/23,Boca,completo ,10:52:58,13:12:50,Pase,,01:47:09,01:47:09,0.000,,18,7,19,24,medio,
2022/03/23,Boca,completo ,10:52:58,13:12:50,Perdida,,01:47:44,01:47:44,0.000,,,,7,24,Balon afuera lateral,
2022/03/23,Boca,completo ,10:52:58,13:12:50,Pelota parada,,01:47:46,01:47:46,0.000,,,,4,18,Lateral largo,
2022/03/23,Boca,completo ,10:52:58,13:12:50,Pase,,01:47:46,01:47:46,0.000,,21,22,4,24,medio,
2022/03/23,Boca,completo ,10:52:58,13:12:50,Perdida,,01:47:50,01:47:50,0.000,,,,4,24,Balon afuera lateral,
2022/03/23,Boca,completo ,10:52:58,13:12:50,Pelota parada,,01:48:01,01:48:01,0.000,,23,22,4,24,Lateral corto,
2022/03/23,Boca,completo ,10:52:58,13:12:50,Duelo,,01:48:05,01:48:05,0.000,,,,22,24,Disputa suelo,
2022/03/23,Boca,completo ,10:52:58,13:12:50,Perdida,,01:48:10,01:48:10,0.000,,,,22,24,Balon afuera fondo,
2022/03/23,Boca,completo ,10:52:58,13:12:50,Pelota parada,,01:48:24,01:48:24,0.000,,Volver,,10,24,Tiro de esquina,
2022/03/23,Boca,completo ,10:52:58,13:12:50,Pase,,01:48:31,01:48:31,0.000,,Volver,,10,24,centro aereo,
2022/03/23,Boca,completo ,10:52:58,13:12:50,Perdida,,01:48:32,01:48:32,0.000,,,,10,24,Atajada,
2022/03/23,Boca,completo ,10:52:58,13:12:50,Falta,,01:48:33,01:48:33,0.000,,21,Rival,6,21,Hecha,
2022/03/23,Boca,completo ,10:52:58,13:12:50,Tarjeta,,01:48:33,01:48:33,0.000,,Volver,,6,21,Amarilla,
2022/03/23,Boca,completo ,10:52:58,13:12:50,Pase,,01:52:02,01:52:02,0.000,,5,2,6,2,medio,
2022/03/23,Boca,completo ,10:52:58,13:12:50,Pase,,01:52:01,01:52:01,0.000,,2,6,1,3,corto,
2022/03/23,Boca,completo ,10:52:58,13:12:50,Pase,,01:52:06,01:52:06,0.000,,9,4,2,5,medio,
2022/03/23,Boca,completo ,10:52:58,13:12:50,Pase,,01:52:10,01:52:10,0.000,,9,2,4,9,corto,
2022/03/23,Boca,completo ,10:52:58,13:12:50,Pase,,01:52:12,01:52:12,0.000,,7,6,2,9,medio,
2022/03/23,Boca,completo ,10:52:58,13:12:50,Pase,,01:52:14,01:52:14,0.000,,10,3,6,7,corto,
2022/03/23,Boca,completo ,10:52:58,13:12:50,Duelo,,01:52:17,01:52:17,0.000,,Volver,,3,10,Disputa suelo,
2022/03/23,Boca,completo ,10:52:58,13:12:50,Pase,,01:52:24,01:52:24,0.000,,16,19,3,13,corto,
2022/03/23,Boca,completo ,10:52:58,13:12:50,Perdida,,01:52:32,01:52:32,0.000,,Volver,,19,14,Duelo,
2022/03/23,Boca,completo ,10:52:58,13:12:50,Recuperacion,,01:52:35,01:52:35,0.000,,Volver,,2,11,Encontrada,
2022/03/23,Boca,completo ,10:52:58,13:12:50,Pase,,01:52:36,01:52:36,0.000,,11,4,2,11,corto,
2022/03/23,Boca,completo ,10:52:58,13:12:50,Pase,,01:52:44,01:52:44,0.000,,24,7,4,11,largo,
2022/03/23,Boca,completo ,10:52:58,13:12:50,Perdida,,01:52:44,01:52:44,0.000,,Volver,,4,11,Error tecnico,
2022/03/23,Boca,completo ,10:52:58,13:12:50,Pelota parada,,01:53:42,01:53:42,0.000,,,,4,18,Lateral corto,
2022/03/23,Boca,completo ,10:52:58,13:12:50,Pase,,01:53:44,01:53:44,0.000,,18,8,4,18,corto,
2022/03/23,Boca,completo ,10:52:58,13:12:50,Pase,,01:53:49,01:53:49,0.000,,13,3,8,17,medio,
2022/03/23,Boca,completo ,10:52:58,13:12:50,Pase,,01:53:51,01:53:51,0.000,,16,10,3,13,medio,
2022/03/23,Boca,completo ,10:52:58,13:12:50,Perdida,,01:53:52,01:53:52,0.000,,Volver,,3,13,Interceptado,
2022/03/23,Boca,completo ,10:52:58,13:12:50,Falta,,01:54:14,01:54:14,0.000,,Volver,,3,13,Hecha,
2022/03/23,Boca,completo ,10:52:58,13:12:50,Pase,,01:55:18,01:55:18,0.000,,2,4,1,3,S arquero pie,
2022/03/23,Boca,completo ,10:52:58,13:12:50,Pase,,01:55:20,01:55:20,0.000,,7,6,4,7,corto,
2022/03/23,Boca,completo ,10:52:58,13:12:50,Pase,,01:55:27,01:55:27,0.000,,7,4,6,8,corto,
2022/03/23,Boca,completo ,10:52:58,13:12:50,Pase,,01:55:30,01:55:30,0.000,,8,6,4,7,corto,
2022/03/23,Boca,completo ,10:52:58,13:12:50,Pase,,01:55:35,01:55:35,0.000,,7,4,6,8,corto,
2022/03/23,Boca,completo ,10:52:58,13:12:50,Pase,,01:55:39,01:55:39,0.000,,10,5,4,8,corto,
2022/03/23,Boca,completo ,10:52:58,13:12:50,Pase,,01:55:44,01:55:44,0.000,,12,2,5,13,medio,
2022/03/23,Boca,completo ,10:52:58,13:12:50,Pase,,01:55:52,01:55:52,0.000,,5,1,2,12,medio,
2022/03/23,Boca,completo ,10:52:58,13:12:50,Pase,,01:55:55,01:55:55,0.000,,4,4,1,3,S arquero pie,
2022/03/23,Boca,completo ,10:52:58,13:12:50,Pase,,01:55:59,01:55:59,0.000,,10,22,4,8,medio,
2022/03/23,Boca,completo ,10:52:58,13:12:50,Perdida,,01:56:06,01:56:06,0.000,,Volver,,22,10,Balon afuera lateral,
2022/03/23,Boca,completo ,10:52:58,13:12:50,Sustitucion,,01:56:19,01:56:19,0.000,,Volver,,3,,,
2022/03/23,Boca,completo ,10:52:58,13:12:50,Pelota parada,,01:56:21,01:56:21,0.000,,Volver,,8,10,Lateral corto,
2022/03/23,Boca,completo ,10:52:58,13:12:50,Pase,,01:56:27,01:56:27,0.000,,8,6,8,10,medio,
2022/03/23,Boca,completo ,10:52:58,13:12:50,Perdida,,01:56:44,01:56:44,0.000,,Volver,,6,8,Robo,
2022/03/23,Boca,completo ,10:52:58,13:12:50,Pelota parada,,01:57:58,01:57:58,0.000,,Volver,,8,13,Lateral corto,
2022/03/23,Boca,completo ,10:52:58,13:12:50,Perdida,,01:58:00,01:58:00,0.000,,13,Rival,8,13,Balon afuera lateral,
2022/03/23,Boca,completo ,10:52:58,13:12:50,Pelota parada,,01:58:08,01:58:08,0.000,,16,22,8,16,Lateral corto,
2022/03/23,Boca,completo ,10:52:58,13:12:50,Falta,,01:58:10,01:58:10,0.000,,Volver,,22,16,Hecha,
2022/03/23,Boca,completo ,10:52:58,13:12:50,Arquero,,01:58:38,01:58:38,0.000,,Volver,,1,3,Remate atajable,
2022/03/23,Boca,completo ,10:52:58,13:12:50,Pase,,01:58:40,01:58:40,0.000,,9,2,1,4,S arquero mano,
2022/03/23,Boca,completo ,10:52:58,13:12:50,Pase,,01:58:45,01:58:45,0.000,,10,17,2,9,largo,
2022/03/23,Boca,completo ,10:52:58,13:12:50,Pase,,01:58:52,01:58:52,0.000,,24,7,17,13,largo,
2022/03/23,Boca,completo ,10:52:58,13:12:50,Duelo,,01:58:58,01:58:58,0.000,,Volver,,7,24,Disputa suelo,
2022/03/23,Boca,completo ,10:52:58,13:12:50,Pase,,01:58:58,01:58:58,0.000,,18,5,7,24,corto,
2022/03/23,Boca,completo ,10:52:58,13:12:50,Perdida,,01:59:02,01:59:02,0.000,,,,5,18,Balon afuera lateral,
2022/03/23,Boca,completo ,10:52:58,13:12:50,Falta,,01:59:23,01:59:23,0.000,,Volver,Rival,2,12,Hecha,
2022/03/23,Boca,completo ,10:52:58,13:12:50,Recuperacion,,02:00:47,02:00:47,0.000,,Volver,,17,7,Intercepcion aereo,
2022/03/23,Boca,completo ,10:52:58,13:12:50,Pase,,02:00:48,02:00:48,0.000,,7,22,17,7,corto,
2022/03/23,Boca,completo ,10:52:58,13:12:50,Perdida,,02:00:58,02:00:58,0.000,,Volver,Rival,22,19,Balon afuera lateral,
2022/03/23,Boca,completo ,10:52:58,13:12:50,Pelota parada,,02:01:02,02:01:02,0.000,,Volver,,10,16,Lateral corto,
2022/03/23,Boca,completo ,10:52:58,13:12:50,Pase,,02:01:03,02:01:03,0.000,,16,19,10,16,corto,
2022/03/23,Boca,completo ,10:52:58,13:12:50,Pase,,02:01:04,02:01:04,0.000,,16,10,19,16,corto,
2022/03/23,Boca,completo ,10:52:58,13:12:50,Pase,,02:01:07,02:01:07,0.000,,16,5,10,16,medio,
2022/03/23,Boca,completo ,10:52:58,13:12:50,Remate pie,,02:01:10,02:01:10,0.000,,22,Rival,5,17,Media distancia,
2022/03/23,Boca,completo ,10:52:58,13:12:50,Perdida,,02:01:12,02:01:12,0.000,,Volver,,5,17,Balon afuera fondo,
2022/03/23,Boca,completo ,10:52:58,13:12:50,Sustitucion,,02:01:51,02:01:51,0.000,,,,10,,,
2022/03/23,Boca,completo ,10:52:58,13:12:50,Sustitucion,,02:01:58,02:01:58,0.000,,,,7,,,
2022/03/23,Boca,completo ,10:52:58,13:12:50,Pelota parada,,02:02:11,02:02:11,0.000,,Volver,,8,7,Lateral corto,
2022/03/23,Boca,completo ,10:52:58,13:12:50,Pase,,02:02:12,02:02:12,0.000,,7,6,8,7,corto,
2022/03/23,Boca,completo ,10:52:58,13:12:50,Pase,,02:02:17,02:02:17,0.000,,17,23,6,7,largo,
2022/03/23,Boca,completo ,10:52:58,13:12:50,Pase,,02:02:21,02:02:21,0.000,,14,17,23,14,corto,
2022/03/23,Boca,completo ,10:52:58,13:12:50,Pase,,02:02:23,02:02:23,0.000,,11,5,17,14,medio,
2022/03/23,Boca,completo ,10:52:58,13:12:50,Pase,,02:02:25,02:02:25,0.000,,11,4,5,11,corto,
2022/03/23,Boca,completo ,10:52:58,13:12:50,Pase,,02:02:31,02:02:31,0.000,,10,6,4,11,medio,
2022/03/23,Boca,completo ,10:52:58,13:12:50,Pase,,02:02:32,02:02:32,0.000,,13,5,6,10,medio,
2022/03/23,Boca,completo ,10:52:58,13:12:50,Pase,,02:02:36,02:02:36,0.000,,11,2,5,11,corto,
2022/03/23,Boca,completo ,10:52:58,13:12:50,Pase,,02:02:40,02:02:40,0.000,,13,17,2,11,medio,
2022/03/23,Boca,completo ,10:52:58,13:12:50,Pase,,02:02:40,02:02:40,0.000,,11,5,17,13,corto,
2022/03/23,Boca,completo ,10:52:58,13:12:50,Pase,,02:02:46,02:02:46,0.000,,18,20,5,11,largo,
2022/03/23,Boca,completo ,10:52:58,13:12:50,Perdida,,02:02:47,02:02:47,0.000,,Volver,,5,11,Balon afuera lateral,
2022/03/23,Boca,completo ,10:52:58,13:12:50,Falta,,02:03:32,02:03:32,0.000,,Volver,,19,14,Hecha,
2022/03/23,Boca,completo ,10:52:58,13:12:50,Falta,,02:04:21,02:04:21,0.000,,,,8,7,Recibida,
2022/03/23,Boca,completo ,10:52:58,13:12:50,Pase,,02:04:22,02:04:22,0.000,,7,6,8,7,corto,
2022/03/23,Boca,completo ,10:52:58,13:12:50,Pase,,02:04:26,02:04:26,0.000,,17,23,6,7,largo,
2022/03/23,Boca,completo ,10:52:58,13:12:50,Pase,,02:04:29,02:04:29,0.000,,13,19,23,16,corto,
2022/03/23,Boca,completo ,10:52:58,13:12:50,Pase,,02:04:32,02:04:32,0.000,,16,23,19,16,corto,
2022/03/23,Boca,completo ,10:52:58,13:12:50,Pase,,02:04:36,02:04:36,0.000,,17,17,23,17,corto,
2022/03/23,Boca,completo ,10:52:58,13:12:50,Pase,,02:04:38,02:04:38,0.000,,18,5,17,17,corto,
2022/03/23,Boca,completo ,10:52:58,13:12:50,Remate pie,,02:04:41,02:04:41,0.000,,22,Rival,5,18,Media distancia,
2022/03/23,Boca,completo ,10:52:58,13:12:50,Perdida,,02:04:46,02:04:46,0.000,,Volver,,5,18,Balon afuera lateral,
2022/03/23,Boca,completo ,10:52:58,13:12:50,Pelota parada,,02:05:07,02:05:07,0.000,,Volver,,17,13,Lateral corto,
2022/03/23,Boca,completo ,10:52:58,13:12:50,Pase,,02:05:09,02:05:09,0.000,,10,6,17,13,corto,
2022/03/23,Boca,completo ,10:52:58,13:12:50,Pase,,02:05:15,02:05:15,0.000,,11,2,6,10,medio,
2022/03/23,Boca,completo ,10:52:58,13:12:50,Remate pie,,02:05:20,02:05:20,0.000,,22,Rival,2,11,Larga distancia,
2022/03/23,Boca,completo ,10:52:58,13:12:50,Perdida,,02:05:21,02:05:21,0.000,,Volver,,2,11,Atajada,
2022/03/23,Boca,completo ,10:52:58,13:12:50,Falta,,02:06:02,02:06:02,0.000,,Volver,,6,17,Hecha,
2022/03/23,Boca,completo ,10:52:58,13:12:50,Pase,,02:07:21,02:07:21,0.000,,10,6,2,12,medio,
2022/03/23,Boca,completo ,10:52:58,13:12:50,Pase,,02:07:29,02:07:29,0.000,,17,23,6,10,largo,
2022/03/23,Boca,completo ,10:52:58,13:12:50,Pase,,02:07:32,02:07:32,0.000,,,20,23,11,corto,
2022/03/23,Boca,completo ,10:52:58,13:12:50,Perdida,,02:07:36,02:07:36,0.000,,Volver,,20,14,Interceptado,
2022/03/23,Boca,completo ,10:52:58,13:12:50,Pase,,02:08:08,02:08:08,0.000,,4,6,1,3,S arquero pie,
2022/03/23,Boca,completo ,10:52:58,13:12:50,Pase,,02:08:11,02:08:11,0.000,,5,2,6,4,corto,
2022/03/23,Boca,completo ,10:52:58,13:12:50,Pase,,02:08:13,02:08:13,0.000,,9,4,2,5,medio,
2022/03/23,Boca,completo ,10:52:58,13:12:50,Pase,,02:08:17,02:08:17,0.000,,11,5,4,9,medio,
2022/03/23,Boca,completo ,10:52:58,13:12:50,Perdida,,02:08:17,02:08:17,0.000,,Volver,,4,9,Interceptado,
2022/03/23,Boca,completo ,10:52:58,13:12:50,Arquero,,02:08:23,02:08:23,0.000,,Volver,,1,3,Remate atajable,
2022/03/23,Boca,completo ,10:52:58,13:12:50,Pase,,02:08:47,02:08:47,0.000,,11,6,17,13,corto,
2022/03/23,Boca,completo ,10:52:58,13:12:50,Pase,,02:08:53,02:08:53,0.000,,13,17,6,11,medio,
2022/03/23,Boca,completo ,10:52:58,13:12:50,Pase,,02:08:55,02:08:55,0.000,,16,19,17,13,medio,
2022/03/23,Boca,completo ,10:52:58,13:12:50,Pase,,02:08:58,02:08:58,0.000,,19,22,19,13,corto,
2022/03/23,Boca,completo ,10:52:58,13:12:50,Remate pie,,02:09:05,02:09:05,0.000,,22,Rival,22,19,Remate bloqueado,
2022/03/23,Boca,completo ,10:52:58,13:12:50,Falta,,02:09:58,02:09:58,0.000,,Volver,,4,7,Hecha,
2022/03/23,Boca,completo ,10:52:58,13:12:50,Pelota parada,,02:12:46,02:12:46,0.000,,Volver,,8,10,Tiro libre,
2022/03/23,Boca,completo ,10:52:58,13:12:50,Pase,,02:13:00,02:13:00,0.000,,22,22,8,11,largo,
2022/03/23,Boca,completo ,10:52:58,13:12:50,Perdida,,02:13:01,02:13:01,0.000,,22,Rival,8,11,Interceptado,
